run_stage;symbol;asset_class;commission_rule;day_key;broker_day_start;inside_high;inside_low;inside_range;mother_high;mother_low;side;signal_time;entry_time;exit_time;entry;initial_stop;exit;initial_risk_price;risk_money_1lot_usd;gross_r;commission_usd_1lot;commission_r;net_r;net_r_commission_x1_5;exit_reason;trade_id;mfe_r;mae_r;mfe_time;mae_time;time_to_mfe_minutes;time_to_mae_minutes;max_retracement_from_mfe_r;reached_0_5r;first_touch_0_5r_time;time_to_0_5r_minutes;mae_before_0_5r;reached_1r;first_touch_1r_time;time_to_1r_minutes;mae_before_1r;reached_2r;first_touch_2r_time;time_to_2r_minutes;mae_before_2r;reached_3r;first_touch_3r_time;time_to_3r_minutes;mae_before_3r;reached_5r;first_touch_5r_time;time_to_5r_minutes;mae_before_5r;min_r_after_first_1r_before_exit;max_r_after_first_1r_before_exit;min_r_after_first_2r_before_exit;max_r_after_first_2r_before_exit;min_r_after_first_3r_before_exit;max_r_after_first_3r_before_exit;path_ambiguous;path_ambiguity_reason
RUN;XAUUSD;METAL;0.0016PCT_NOTIONAL_PER_SIDE;20240105;2024.01.05 00:00;2050.87;2036.19;14.68;2065.90;2030.56;SHORT;2024.01.05 15:30;2024.01.05 15:30;2024.01.05 17:00;2036.15;2050.87;2050.89;14.72;1472.00000000;-1.00135870;6.53926400;0.00444243;-1.00580113;-1.00802235;STOP;XAUUSD_20240105_SHORT;0.78396739;1.00135870;2024.01.05 15:31:40;2024.01.05 17:00:17;1.661250;90.268850;1.78532609;1;2024.01.05 15:30:37;0.614283;0.00679348;0;;;;0;;;;0;;;;0;;;;;;;;;;0;
RUN;XAUUSD;METAL;0.0016PCT_NOTIONAL_PER_SIDE;20240110;2024.01.10 00:00;2041.89;2026.04;15.85;2046.54;2016.71;SHORT;2024.01.10 07:48;2024.01.10 07:48;2024.01.10 23:59;2026.02;2041.89;2024.54;15.87;1587.00000000;0.09325772;6.48089600;0.00408374;0.08917398;0.08713211;EOD;XAUUSD_20240110_SHORT;0.34404537;0.90044108;2024.01.10 21:17:41;2024.01.10 12:04:40;809.064883;256.047183;1.02331443;0;;;;0;;;;0;;;;0;;;;0;;;;;;;;;;0;
RUN;XAUUSD;METAL;0.0016PCT_NOTIONAL_PER_SIDE;20240116;2024.01.16 00:00;2058.58;2045.76;12.82;2062.20;2028.54;SHORT;2024.01.16 10:34;2024.01.16 10:34;2024.01.16 23:59;2045.76;2058.58;2028.50;12.82;1282.00000000;1.34633385;6.51881600;0.00508488;1.34124897;1.33870653;EOD;XAUUSD_20240116_SHORT;1.66692668;0.01794072;2024.01.16 20:53:14;2024.01.16 10:34:36;618.712333;0.078583;1.07956318;1;2024.01.16 11:22:27;47.938900;0.01794072;1;2024.01.16 15:14:30;279.980883;0.01794072;0;;;;0;;;;0;;;;0.04680187;1.66692668;;;;;0;
RUN;XAUUSD;METAL;0.0016PCT_NOTIONAL_PER_SIDE;20240119;2024.01.19 00:00;2023.24;2005.73;17.51;2032.87;2001.81;LONG;2024.01.19 01:00;2024.01.19 01:00;2024.01.19 23:44;2023.86;2005.73;2029.54;18.13;1813.00000000;0.31329288;6.48544000;0.00357719;0.30971570;0.30792710;EOD;XAUUSD_20240119_LONG;0.85493657;0.19249862;2024.01.19 15:32:15;2024.01.19 07:41:30;872.254900;401.500000;0.89354661;1;2024.01.19 14:04:28;784.473683;0.19249862;0;;;;0;;;;0;;;;0;;;;;;;;;;0;
RUN;XAUUSD;METAL;0.0016PCT_NOTIONAL_PER_SIDE;20240207;2024.02.07 00:00;2038.86;2022.85;16.01;2042.19;2014.86;LONG;2024.02.07 16:43;2024.02.07 16:43;2024.02.07 23:59;2038.88;2022.85;2034.92;16.03;1603.00000000;-0.24703681;6.51808000;0.00406618;-0.25110298;-0.25313607;EOD;XAUUSD_20240207_LONG;0.35184030;0.33374922;2024.02.07 16:48:42;2024.02.07 23:29:42;5.627150;406.612867;0.68558952;0;;;;0;;;;0;;;;0;;;;0;;;;;;;;;;0;
RUN;XAUUSD;METAL;0.0016PCT_NOTIONAL_PER_SIDE;20240212;2024.02.12 00:00;2037.12;2020.28;16.84;2038.65;2020.12;SHORT;2024.02.12 12:02;2024.02.12 12:02;2024.02.12 23:59;2020.26;2037.12;2020.16;16.86;1686.00000000;0.00593120;6.46467200;0.00383433;0.00209687;0.00017971;EOD;XAUUSD_20240212_SHORT;0.49110320;0.44068802;2024.02.12 18:02:41;2024.02.12 15:20:15;360.095850;197.650683;0.57532622;0;;;;0;;;;0;;;;0;;;;0;;;;;;;;;;0;
RUN;XAUUSD;METAL;0.0016PCT_NOTIONAL_PER_SIDE;20240227;2024.02.27 00:00;2036.96;2025.04;11.92;2041.29;2015.98;LONG;2024.02.27 10:23;2024.02.27 10:23;2024.02.27 23:59;2036.99;2025.04;2030.26;11.95;1195.00000000;-0.56317992;6.50760000;0.00544569;-0.56862561;-0.57134845;EOD;XAUUSD_20240227_LONG;0.20334728;0.69037657;2024.02.27 10:51:38;2024.02.27 22:29:15;28.181000;725.794650;0.89372385;0;;;;0;;;;0;;;;0;;;;0;;;;;;;;;;0;
RUN;XAUUSD;METAL;0.0016PCT_NOTIONAL_PER_SIDE;20240312;2024.03.12 00:00;2188.94;2174.80;14.14;2195.10;2153.94;SHORT;2024.03.12 08:44;2024.03.12 08:44;2024.03.12 23:59;2174.78;2188.94;2158.53;14.16;1416.00000000;1.14759887;6.93329600;0.00489640;1.14270247;1.14025428;EOD;XAUUSD_20240312_SHORT;1.69491525;0.52401130;2024.03.12 22:03:16;2024.03.12 15:41:43;798.779850;417.223100;1.45762712;1;2024.03.12 15:30:13;405.721733;0.31214689;1;2024.03.12 16:05:26;440.943267;0.52401130;0;;;;0;;;;0;;;;0.48234463;1.69491525;;;;;0;
RUN;XAUUSD;METAL;0.0016PCT_NOTIONAL_PER_SIDE;20240314;2024.03.14 00:00;2179.79;2155.73;24.06;2184.70;2150.54;SHORT;2024.03.14 18:35;2024.03.14 18:35;2024.03.14 23:59;2155.69;2179.79;2162.17;24.10;2410.00000000;-0.26887967;6.90857600;0.00286663;-0.27174630;-0.27317961;EOD;XAUUSD_20240314_SHORT;0.11369295;0.39336100;2024.03.14 18:41:41;2024.03.14 20:15:42;6.000500;100.017800;0.50705394;0;;;;0;;;;0;;;;0;;;;0;;;;;;;;;;0;
RUN;XAUUSD;METAL;0.0016PCT_NOTIONAL_PER_SIDE;20240318;2024.03.18 00:00;2172.65;2155.11;17.54;2176.92;2152.72;SHORT;2024.03.18 01:00;2024.03.18 01:00;2024.03.18 23:59;2155.10;2172.65;2160.56;17.55;1755.00000000;-0.31111111;6.90505600;0.00393450;-0.31504562;-0.31701287;EOD;XAUUSD_20240318_SHORT;0.50427350;0.49230769;2024.03.18 06:16:38;2024.03.18 15:37:15;316.597367;877.220600;0.99658120;1;2024.03.18 06:16:38;316.597367;0.14700855;0;;;;0;;;;0;;;;0;;;;;;;;;;0;
RUN;XAUUSD;METAL;0.0016PCT_NOTIONAL_PER_SIDE;20240320;2024.03.20 00:00;2162.81;2147.08;15.73;2163.53;2146.01;LONG;2024.03.20 17:02;2024.03.20 17:02;2024.03.20 23:59;2162.84;2147.08;2186.12;15.76;1576.00000000;1.47715736;6.95833600;0.00441519;1.47274217;1.47053458;EOD;XAUUSD_20240320_LONG;1.64467005;0.52157360;2024.03.20 22:29:42;2024.03.20 18:40:37;327.210967;98.125083;0.80901015;1;2024.03.20 21:04:40;242.178717;0.52157360;1;2024.03.20 21:47:05;284.580267;0.52157360;0;;;;0;;;;0;;;;0.62055838;1.64467005;;;;;0;
RUN;XAUUSD;METAL;0.0016PCT_NOTIONAL_PER_SIDE;20240326;2024.03.26 00:00;2181.24;2163.50;17.74;2186.01;2157.10;LONG;2024.03.26 12:13;2024.03.26 12:13;2024.03.26 23:59;2181.24;2163.50;2178.76;17.74;1774.00000000;-0.13979707;6.97600000;0.00393236;-0.14372943;-0.14569560;EOD;XAUUSD_20240326_LONG;1.05749718;0.54227734;2024.03.26 13:55:41;2024.03.26 18:41:15;102.390967;387.968033;1.59977452;1;2024.03.26 12:41:13;27.937217;0.00958286;1;2024.03.26 13:55:28;102.176683;0.00958286;0;;;;0;;;;0;;;;-0.54227734;1.05749718;;;;;0;
RUN;XAUUSD;METAL;0.0016PCT_NOTIONAL_PER_SIDE;20240328;2024.03.28 00:00;2197.56;2173.38;24.18;2200.00;2167.48;LONG;2024.03.28 08:33;2024.03.28 08:33;2024.03.28 23:59;2197.56;2173.38;2233.82;24.18;2418.00000000;1.49958644;7.09020800;0.00293226;1.49665417;1.49518804;EOD;XAUUSD_20240328_LONG;1.59884202;0.27956989;2024.03.28 23:49:41;2024.03.28 11:04:15;916.441883;151.009250;0.61124897;1;2024.03.28 13:37:36;304.359750;0.27956989;1;2024.03.28 19:33:37;660.382967;0.27956989;0;;;;0;;;;0;;;;0.79114971;1.59884202;;;;;0;
RUN;XAUUSD;METAL;0.0016PCT_NOTIONAL_PER_SIDE;20240419;2024.04.19 00:00;2392.72;2361.52;31.20;2395.53;2354.60;LONG;2024.04.19 04:13;2024.04.19 04:13;2024.04.19 23:44;2392.75;2361.52;2389.88;31.23;3123.00000000;-0.09189882;7.65220800;0.00245027;-0.09434909;-0.09557423;EOD;XAUUSD_20240419_LONG;0.80211335;0.63720781;2024.04.19 04:46:42;2024.04.19 14:12:40;33.456817;599.430850;1.43932117;1;2024.04.19 04:34:36;21.362317;0.18924111;0;;;;0;;;;0;;;;0;;;;;;;;;;0;
RUN;XAUUSD;METAL;0.0016PCT_NOTIONAL_PER_SIDE;20240503;2024.05.03 00:00;2326.36;2285.45;40.91;2328.25;2281.55;SHORT;2024.05.03 16:33;2024.05.03 16:33;2024.05.03 23:44;2285.38;2326.36;2302.38;40.98;4098.00000000;-0.41483651;7.34041600;0.00179122;-0.41662772;-0.41752333;EOD;XAUUSD_20240503_SHORT;0.19204490;0.44460713;2024.05.03 16:36:16;2024.05.03 23:18:14;2.391650;404.355200;0.63665203;0;;;;0;;;;0;;;;0;;;;0;;;;;;;;;;0;
RUN;XAUUSD;METAL;0.0016PCT_NOTIONAL_PER_SIDE;20240508;2024.05.08 00:00;2329.86;2309.95;19.91;2332.00;2291.80;SHORT;2024.05.08 04:33;2024.05.08 04:33;2024.05.08 23:59;2309.95;2329.86;2308.89;19.91;1991.00000000;0.05323958;7.39014400;0.00371177;0.04952780;0.04767192;EOD;XAUUSD_20240508_SHORT;0.30587644;0.58663988;2024.05.08 11:00:41;2024.05.08 08:31:37;387.190633;238.121400;0.87292818;0;;;;0;;;;0;;;;0;;;;0;;;;;;;;;;0;
RUN;XAUUSD;METAL;0.0016PCT_NOTIONAL_PER_SIDE;20240515;2024.05.15 00:00;2359.56;2334.76;24.80;2364.42;2332.10;LONG;2024.05.15 06:10;2024.05.15 06:10;2024.05.15 23:59;2359.56;2334.76;2385.87;24.80;2480.00000000;1.06088710;7.59268800;0.00306157;1.05782553;1.05629475;EOD;XAUUSD_20240515_LONG;1.23548387;0.31169355;2024.05.15 20:35:14;2024.05.15 16:54:41;864.685950;644.149617;1.08951613;1;2024.05.15 11:44:27;333.914283;0.15645161;1;2024.05.15 18:21:15;730.716650;0.31169355;0;;;;0;;;;0;;;;0.70403226;1.23548387;;;;;0;
RUN;XAUUSD;METAL;0.0016PCT_NOTIONAL_PER_SIDE;20240605;2024.06.05 00:00;2352.74;2315.58;37.16;2354.66;2314.73;LONG;2024.06.05 18:01;2024.06.05 18:01;2024.06.05 23:59;2352.74;2315.58;2355.04;37.16;3716.00000000;0.06189451;7.53244800;0.00202703;0.05986748;0.05885396;EOD;XAUUSD_20240605_LONG;0.12378902;0.08369214;2024.06.05 18:45:15;2024.06.05 18:06:41;44.186417;5.609367;0.18702906;0;;;;0;;;;0;;;;0;;;;0;;;;;;;;;;0;
RUN;XAUUSD;METAL;0.0016PCT_NOTIONAL_PER_SIDE;20240611;2024.06.11 00:00;2313.72;2287.72;26.00;2387.65;2286.74;LONG;2024.06.11 15:19;2024.06.11 15:19;2024.06.11 23:59;2313.73;2287.72;2316.40;26.01;2601.00000000;0.10265283;7.40820800;0.00284822;0.09980461;0.09838050;EOD;XAUUSD_20240611_LONG;0.23490965;0.30257593;2024.06.11 15:53:40;2024.06.11 19:41:38;34.057533;262.023833;0.53748558;0;;;;0;;;;0;;;;0;;;;0;;;;;;;;;;0;
RUN;XAUUSD;METAL;0.0016PCT_NOTIONAL_PER_SIDE;20240618;2024.06.18 00:00;2332.80;2309.99;22.81;2336.62;2301.48;SHORT;2024.06.18 13:25;2024.06.18 13:25;2024.06.18 20:36;2309.94;2332.80;2332.80;22.86;2286.00000000;-1.00000000;7.42838400;0.00324951;-1.00324951;-1.00487427;STOP;XAUUSD_20240618_SHORT;0.13998250;1.00000000;2024.06.18 13:46:38;2024.06.18 20:36:13;21.307167;430.891733;1.13998250;0;;;;0;;;;0;;;;0;;;;0;;;;;;;;;;0;
RUN;XAUUSD;METAL;0.0016PCT_NOTIONAL_PER_SIDE;20240625;2024.06.25 00:00;2334.61;2317.67;16.94;2368.66;2316.66;LONG;2024.06.25 01:00;2024.06.25 01:00;2024.06.25 18:31;2334.66;2317.67;2317.59;16.99;1699.00000000;-1.00470865;7.44360000;0.00438117;-1.00908982;-1.01128040;STOP;XAUUSD_20240625_LONG;0.14008240;1.00470865;2024.06.25 13:27:14;2024.06.25 18:31:28;747.175267;1051.409133;1.14479105;0;;;;0;;;;0;;;;0;;;;0;;;;;;;;;;0;
RUN;XAUUSD;METAL;0.0016PCT_NOTIONAL_PER_SIDE;20240703;2024.07.03 00:00;2336.78;2319.02;17.76;2338.52;2318.52;LONG;2024.07.03 09:43;2024.07.03 09:43;2024.07.03 23:59;2336.79;2319.02;2355.79;17.77;1777.00000000;1.06921778;7.50812800;0.00422517;1.06499261;1.06288003;EOD;XAUUSD_20240703_LONG;1.58469330;0.04164322;2024.07.03 17:55:16;2024.07.03 09:50:15;491.767067;6.759733;0.62971300;1;2024.07.03 10:56:58;73.469950;0.04164322;1;2024.07.03 15:37:24;353.904733;0.04164322;0;;;;0;;;;0;;;;0.60438942;1.58469330;;;;;0;
RUN;XAUUSD;METAL;0.0016PCT_NOTIONAL_PER_SIDE;20240705;2024.07.05 00:00;2362.46;2350.43;12.03;2364.95;2326.86;LONG;2024.07.05 05:39;2024.07.05 05:39;2024.07.05 23:58;2362.50;2350.43;2391.28;12.07;1207.00000000;2.38442419;7.60604800;0.00630161;2.37812258;2.37497177;EOD;XAUUSD_20240705_LONG;2.51864126;0.85086993;2024.07.05 22:03:40;2024.07.05 15:30:41;984.403917;591.425917;1.35045568;1;2024.07.05 15:31:39;592.388233;0.85086993;1;2024.07.05 15:32:39;593.387667;0.85086993;1;2024.07.05 18:33:20;774.077383;0.85086993;0;;;;0;;;;0.17895609;2.51864126;1.66362883;2.51864126;;;0;
RUN;XAUUSD;METAL;0.0016PCT_NOTIONAL_PER_SIDE;20240715;2024.07.15 00:00;2418.29;2391.45;26.84;2424.56;2371.04;LONG;2024.07.15 14:10;2024.07.15 14:10;2024.07.15 23:59;2418.29;2391.45;2422.31;26.84;2684.00000000;0.14977645;7.74496000;0.00288560;0.14689085;0.14544805;EOD;XAUUSD_20240715_LONG;0.79955291;0.25372578;2024.07.15 19:42:16;2024.07.15 16:09:42;331.482683;118.914567;0.74366617;1;2024.07.15 17:58:37;227.844567;0.25372578;0;;;;0;;;;0;;;;0;;;;;;;;;;0;
RUN;XAUUSD;METAL;0.0016PCT_NOTIONAL_PER_SIDE;20240724;2024.07.24 00:00;2412.01;2388.30;23.71;2412.18;2383.83;LONG;2024.07.24 04:14;2024.07.24 04:14;2024.07.24 23:59;2412.01;2388.30;2397.72;23.71;2371.00000000;-0.60269928;7.69556800;0.00324571;-0.60594499;-0.60756784;EOD;XAUUSD_20240724_LONG;0.84352594;0.64782792;2024.07.24 17:56:16;2024.07.24 23:58:41;821.620817;1184.042150;1.49135386;1;2024.07.24 16:40:16;745.621150;0.29776466;0;;;;0;;;;0;;;;0;;;;;;;;;;0;
RUN;XAUUSD;METAL;0.0016PCT_NOTIONAL_PER_SIDE;20240729;2024.07.29 00:00;2390.81;2355.83;34.98;2401.23;2353.12;LONG;2024.07.29 01:12;2024.07.29 01:12;2024.07.29 23:59;2390.81;2355.83;2384.16;34.98;3498.00000000;-0.19010863;7.63995200;0.00218409;-0.19229272;-0.19338477;EOD;XAUUSD_20240729_LONG;0.35248714;0.60606061;2024.07.29 01:16:41;2024.07.29 18:19:43;4.363100;1027.395133;0.95854774;0;;;;0;;;;0;;;;0;;;;0;;;;;;;;;;0;
RUN;XAUUSD;METAL;0.0016PCT_NOTIONAL_PER_SIDE;20240807;2024.08.07 00:00;2418.35;2381.62;36.73;2458.80;2364.30;SHORT;2024.08.07 03:08;2024.08.07 03:08;2024.08.07 23:59;2381.62;2418.35;2382.94;36.73;3673.00000000;-0.03593793;7.62329600;0.00207550;-0.03801342;-0.03905117;EOD;XAUUSD_20240807_SHORT;0.06561394;0.69725020;2024.08.07 04:24:41;2024.08.07 15:50:15;76.086000;761.655467;0.76286414;0;;;;0;;;;0;;;;0;;;;0;;;;;;;;;;0;
RUN;XAUUSD;METAL;0.0016PCT_NOTIONAL_PER_SIDE;20240830;2024.08.30 00:00;2528.69;2503.65;25.04;2529.01;2493.61;SHORT;2024.08.30 18:06;2024.08.30 18:06;2024.08.30 23:59;2503.65;2528.69;2503.90;25.04;2504.00000000;-0.00998403;8.01208000;0.00319971;-0.01318374;-0.01478359;EOD;XAUUSD_20240830_SHORT;0.37420128;0.15095847;2024.08.30 20:29:41;2024.08.30 18:15:42;143.448667;9.477300;0.42292332;0;;;;0;;;;0;;;;0;;;;0;;;;;;;;;;0;
RUN;XAUUSD;METAL;0.0016PCT_NOTIONAL_PER_SIDE;20240910;2024.09.10 00:00;2507.16;2485.59;21.57;2529.18;2485.13;LONG;2024.09.10 01:30;2024.09.10 01:30;2024.09.10 23:59;2507.16;2485.59;2516.44;21.57;2157.00000000;0.43022717;8.03776000;0.00372636;0.42650081;0.42463763;EOD;XAUUSD_20240910_LONG;0.52248493;0.32591562;2024.09.10 18:36:16;2024.09.10 11:32:42;1025.718333;602.151750;0.67269356;1;2024.09.10 18:35:41;1025.143617;0.32591562;0;;;;0;;;;0;;;;0;;;;;;;;;;0;
RUN;XAUUSD;METAL;0.0016PCT_NOTIONAL_PER_SIDE;20240920;2024.09.20 00:00;2594.88;2551.09;43.79;2600.16;2546.82;LONG;2024.09.20 08:32;2024.09.20 08:32;2024.09.20 23:58;2594.89;2551.09;2621.98;43.80;4380.00000000;0.61849315;8.34699200;0.00190571;0.61658744;0.61563459;EOD;XAUUSD_20240920_LONG;0.70547945;0.03082192;2024.09.20 19:55:39;2024.09.20 08:38:15;682.976450;5.575100;0.38242009;1;2024.09.20 15:19:55;407.243267;0.03082192;0;;;;0;;;;0;;;;0;;;;;;;;;;0;
RUN;XAUUSD;METAL;0.0016PCT_NOTIONAL_PER_SIDE;20241003;2024.10.03 00:00;2663.41;2641.14;22.27;2673.16;2632.27;SHORT;2024.10.03 12:10;2024.10.03 12:10;2024.10.03 23:59;2641.12;2663.41;2656.26;22.29;2229.00000000;-0.67922835;8.47580800;0.00380252;-0.68303087;-0.68493213;EOD;XAUUSD_20241003_SHORT;0.13414087;0.94840736;2024.10.03 17:00:43;2024.10.03 20:19:05;290.032333;488.404350;1.08254823;0;;;;0;;;;0;;;;0;;;;0;;;;;;;;;;0;
RUN;XAUUSD;METAL;0.0016PCT_NOTIONAL_PER_SIDE;20241008;2024.10.08 00:00;2659.67;2637.77;21.90;2670.21;2632.01;SHORT;2024.10.08 05:29;2024.10.08 05:29;2024.10.08 23:59;2637.76;2659.67;2622.12;21.91;2191.00000000;0.71382930;8.41580800;0.00384108;0.70998822;0.70806768;EOD;XAUUSD_20241008_SHORT;1.50068462;0.70241899;2024.10.08 18:34:59;2024.10.08 15:25:41;785.297283;595.988683;1.11547239;1;2024.10.08 17:27:43;718.018700;0.70241899;1;2024.10.08 18:06:29;756.797200;0.70241899;0;;;;0;;;;0;;;;0.63578275;1.50068462;;;;;0;
RUN;XAUUSD;METAL;0.0016PCT_NOTIONAL_PER_SIDE;20241010;2024.10.10 00:00;2624.31;2605.16;19.15;2653.04;2604.74;SHORT;2024.10.10 15:30;2024.10.10 15:30;2024.10.10 15:35;2605.14;2624.31;2624.31;19.17;1917.00000000;-1.00000000;8.36712000;0.00436469;-1.00436469;-1.00654704;STOP;XAUUSD_20241010_SHORT;0.08137715;1.00000000;2024.10.10 15:30:16;2024.10.10 15:35:43;0.032717;5.481433;1.08137715;0;;;;0;;;;0;;;;0;;;;0;;;;;;;;;;0;
RUN;XAUUSD;METAL;0.0016PCT_NOTIONAL_PER_SIDE;20241025;2024.10.25 00:00;2743.28;2715.44;27.84;2758.43;2708.72;LONG;2024.10.25 20:51;2024.10.25 20:51;2024.10.25 23:59;2743.29;2715.44;2747.21;27.85;2785.00000000;0.14075404;8.78480000;0.00315433;0.13759971;0.13602255;EOD;XAUUSD_20241025_LONG;0.15870736;0.10412926;2024.10.25 23:51:40;2024.10.25 22:24:36;180.067133;92.999600;0.16696589;0;;;;0;;;;0;;;;0;;;;0;;;;;;;;;;0;
RUN;XAUUSD;METAL;0.0016PCT_NOTIONAL_PER_SIDE;20241029;2024.10.29 00:00;2745.94;2724.70;21.24;2747.71;2717.06;LONG;2024.10.29 03:31;2024.10.29 03:31;2024.10.29 23:59;2745.95;2724.70;2774.35;21.25;2125.00000000;1.33647059;8.83248000;0.00415646;1.33231413;1.33023590;EOD;XAUUSD_20241029_LONG;1.35623529;0.04800000;2024.10.29 22:03:40;2024.10.29 03:44:39;1112.079717;13.058550;0.53600000;1;2024.10.29 05:11:31;99.922300;0.04800000;1;2024.10.29 17:16:42;825.111767;0.04800000;0;;;;0;;;;0;;;;0.70023529;1.35623529;;;;;0;
RUN;XAUUSD;METAL;0.0016PCT_NOTIONAL_PER_SIDE;20241104;2024.11.04 00:00;2762.18;2733.18;29.00;2790.08;2731.52;SHORT;2024.11.04 01:01;2024.11.04 01:01;2024.11.04 23:59;2733.14;2762.18;2736.81;29.04;2904.00000000;-0.12637741;8.75192000;0.00301375;-0.12939116;-0.13089803;EOD;XAUUSD_20241104_SHORT;0.08712121;0.52341598;2024.11.04 01:03:41;2024.11.04 16:08:42;2.032900;907.038333;0.61053719;0;;;;0;;;;0;;;;0;;;;0;;;;;;;;;;0;
RUN;XAUUSD;METAL;0.0016PCT_NOTIONAL_PER_SIDE;20241118;2024.11.18 00:00;2576.04;2554.43;21.61;2581.44;2536.77;LONG;2024.11.18 02:52;2024.11.18 02:52;2024.11.18 23:59;2576.17;2554.43;2611.87;21.74;2174.00000000;1.64213431;8.30086400;0.00381824;1.63831607;1.63640695;EOD;XAUUSD_20241118_LONG;1.78978841;0.01563937;2024.11.18 18:10:43;2024.11.18 02:53:05;918.006317;0.374733;0.77644894;1;2024.11.18 03:22:30;29.788750;0.01563937;1;2024.11.18 15:05:21;732.646117;0.01563937;0;;;;0;;;;0;;;;0.76908924;1.78978841;;;;;0;
RUN;XAUUSD;METAL;0.0016PCT_NOTIONAL_PER_SIDE;20241226;2024.12.26 00:00;2621.46;2610.17;11.29;2633.31;2608.17;LONG;2024.12.26 02:36;2024.12.26 02:36;2024.12.26 23:59;2621.46;2610.17;2633.96;11.29;1129.00000000;1.10717449;8.40867200;0.00744789;1.09972660;1.09600265;EOD;XAUUSD_20241226_LONG;1.56510186;0.08060230;2024.12.26 17:52:43;2024.12.26 02:45:42;916.659383;9.642417;0.98494243;1;2024.12.26 03:33:42;57.655417;0.08060230;1;2024.12.26 17:08:40;872.608883;0.08060230;0;;;;0;;;;0;;;;0.58015943;1.56510186;;;;;0;
RUN;XAUUSD;METAL;0.0016PCT_NOTIONAL_PER_SIDE;20250102;2025.01.02 00:00;2627.49;2602.63;24.86;2628.01;2596.14;LONG;2025.01.02 02:44;2025.01.02 02:44;2025.01.02 23:59;2627.49;2602.63;2658.12;24.86;2486.00000000;1.23209976;8.45697600;0.00340184;1.22869792;1.22699700;EOD;XAUUSD_20250102_LONG;1.32582462;0.14762671;2025.01.02 19:03:41;2025.01.02 03:01:16;979.611617;17.185783;0.41753821;1;2025.01.02 11:28:16;524.186517;0.14762671;1;2025.01.02 17:34:40;890.585683;0.14762671;0;;;;0;;;;0;;;;0.90185036;1.32582462;;;;;0;
RUN;XAUUSD;METAL;0.0016PCT_NOTIONAL_PER_SIDE;20250115;2025.01.15 00:00;2678.20;2659.85;18.35;2693.44;2656.74;LONG;2025.01.15 01:00;2025.01.15 01:00;2025.01.15 23:59;2678.22;2659.85;2696.48;18.37;1837.00000000;0.99401198;8.59952000;0.00468128;0.98933069;0.98699005;EOD;XAUUSD_20250115_LONG;1.03973870;0.48611867;2025.01.15 23:12:42;2025.01.15 04:00:42;1332.707317;180.707767;1.05008165;1;2025.01.15 11:44:30;644.513567;0.48611867;1;2025.01.15 23:00:43;1320.717617;0.48611867;0;;;;0;;;;0;;;;0.85410996;1.03973870;;;;;0;
RUN;XAUUSD;METAL;0.0016PCT_NOTIONAL_PER_SIDE;20250120;2025.01.20 00:00;2717.44;2699.27;18.17;2724.75;2689.93;SHORT;2025.01.20 01:20;2025.01.20 01:20;2025.01.20 21:30;2699.27;2717.44;2708.73;18.17;1817.00000000;-0.52063841;8.65280000;0.00476214;-0.52540055;-0.52778162;EOD;XAUUSD_20250120_SHORT;0.53824986;0.81287837;2025.01.20 03:06:16;2025.01.20 08:53:16;105.656583;452.659050;1.35112823;1;2025.01.20 03:05:32;104.927850;0.01100715;0;;;;0;;;;0;;;;0;;;;;;;;;;0;
RUN;XAUUSD;METAL;0.0016PCT_NOTIONAL_PER_SIDE;20250129;2025.01.29 00:00;2764.99;2734.79;30.20;2772.60;2730.52;LONG;2025.01.29 02:45;2025.01.29 02:45;2025.01.29 23:59;2765.03;2734.79;2759.60;30.24;3024.00000000;-0.17956349;8.83940800;0.00292308;-0.18248658;-0.18394812;EOD;XAUUSD_20250129_LONG;0.03769841;0.66765873;2025.01.29 03:39:43;2025.01.29 21:30:16;54.017550;1124.564883;0.70535714;0;;;;0;;;;0;;;;0;;;;0;;;;;;;;;;0;
RUN;XAUUSD;METAL;0.0016PCT_NOTIONAL_PER_SIDE;20250218;2025.02.18 00:00;2906.40;2878.84;27.56;2940.05;2877.04;LONG;2025.02.18 05:02;2025.02.18 05:02;2025.02.18 23:59;2906.41;2878.84;2935.05;27.57;2757.00000000;1.03881030;9.34633600;0.00339004;1.03542026;1.03372524;EOD;XAUUSD_20250218_LONG;1.10373594;0.05767138;2025.02.18 21:51:40;2025.02.18 05:05:16;1009.195750;2.792600;0.31157055;1;2025.02.18 15:43:40;641.208467;0.05767138;1;2025.02.18 21:35:18;992.837467;0.05767138;0;;;;0;;;;0;;;;0.94377947;1.10373594;;;;;0;
RUN;XAUUSD;METAL;0.0016PCT_NOTIONAL_PER_SIDE;20250227;2025.02.27 00:00;2930.18;2890.79;39.39;2953.81;2888.15;SHORT;2025.02.27 07:20;2025.02.27 07:20;2025.02.27 23:59;2890.77;2930.18;2877.54;39.41;3941.00000000;0.33570160;9.22929600;0.00234187;0.33335973;0.33218880;EOD;XAUUSD_20250227_SHORT;0.57853337;0.19944177;2025.02.27 16:51:16;2025.02.27 08:43:17;570.556000;82.580450;0.50621670;1;2025.02.27 16:47:24;566.699650;0.19944177;0;;;;0;;;;0;;;;0;;;;;;;;;;0;
RUN;XAUUSD;METAL;0.0016PCT_NOTIONAL_PER_SIDE;20250318;2025.03.18 00:00;3001.84;2982.25;19.59;3004.94;2978.47;LONG;2025.03.18 01:00;2025.03.18 01:00;2025.03.18 23:59;3001.84;2982.25;3034.00;19.59;1959.00000000;1.64165391;9.65734400;0.00492973;1.63672417;1.63425931;EOD;XAUUSD_20250318_LONG;1.86115365;0.12761613;2025.03.18 16:31:16;2025.03.18 04:01:39;930.801983;181.189583;0.69627361;1;2025.03.18 05:54:35;294.131917;0.12761613;1;2025.03.18 11:22:30;622.047617;0.12761613;0;;;;0;;;;0;;;;0.83103624;1.86115365;;;;;0;
RUN;XAUUSD;METAL;0.0016PCT_NOTIONAL_PER_SIDE;20250325;2025.03.25 00:00;3033.33;3002.41;30.92;3047.45;2999.40;LONG;2025.03.25 17:03;2025.03.25 17:03;2025.03.25 23:59;3033.33;3002.41;3019.81;30.92;3092.00000000;-0.43725744;9.68502400;0.00313228;-0.44038972;-0.44195587;EOD;XAUUSD_20250325_LONG;0.08505821;0.50355757;2025.03.25 17:06:17;2025.03.25 21:49:14;2.637033;285.588450;0.58861578;0;;;;0;;;;0;;;;0;;;;0;;;;;;;;;;0;
RUN;XAUUSD;METAL;0.0016PCT_NOTIONAL_PER_SIDE;20250327;2025.03.27 00:00;3032.04;3012.28;19.76;3035.96;3007.51;LONG;2025.03.27 05:43;2025.03.27 05:43;2025.03.27 23:59;3032.04;3012.28;3056.65;19.76;1976.00000000;1.24544534;9.74190400;0.00493011;1.24051523;1.23805017;EOD;XAUUSD_20250327_LONG;1.40890688;0.27125506;2025.03.27 17:50:16;2025.03.27 09:46:42;726.797150;243.242400;1.13967611;1;2025.03.27 13:02:29;439.014717;0.27125506;1;2025.03.27 13:25:41;462.215517;0.27125506;0;;;;0;;;;0;;;;0.06831984;1.40890688;;;;;0;
RUN;XAUUSD;METAL;0.0016PCT_NOTIONAL_PER_SIDE;20250403;2025.04.03 00:00;3144.19;3105.32;38.87;3148.99;3100.79;LONG;2025.04.03 01:10;2025.04.03 01:10;2025.04.03 13:27;3144.20;3105.32;3105.32;38.88;3888.00000000;-1.00000000;9.99923200;0.00257182;-1.00257182;-1.00385773;STOP;XAUUSD_20250403_LONG;0.60210905;1.00000000;2025.04.03 02:53:15;2025.04.03 13:27:14;102.622300;736.591417;1.60210905;1;2025.04.03 02:46:41;96.053967;0.31250000;0;;;;0;;;;0;;;;0;;;;;;;;;;0;
RUN;XAUUSD;METAL;0.0016PCT_NOTIONAL_PER_SIDE;20250409;2025.04.09 00:00;3022.77;2974.66;48.11;3055.45;2956.46;SHORT;2025.04.09 02:35;2025.04.09 02:35;2025.04.09 09:07;2974.66;3022.77;3022.77;48.11;4811.00000000;-1.00000000;9.59588800;0.00199457;-1.00199457;-1.00299186;STOP;XAUUSD_20250409_SHORT;0.09291208;1.00000000;2025.04.09 02:38:42;2025.04.09 09:07:40;3.255200;392.216967;1.09291208;0;;;;0;;;;0;;;;0;;;;0;;;;;;;;;;0;
RUN;XAUUSD;METAL;0.0016PCT_NOTIONAL_PER_SIDE;20250416;2025.04.16 00:00;3233.57;3210.01;23.56;3245.73;3193.77;LONG;2025.04.16 01:06;2025.04.16 01:06;2025.04.16 23:58;3233.61;3210.01;3343.01;23.60;2360.00000000;4.63559322;10.52259200;0.00445873;4.63113449;4.62890513;EOD;XAUUSD_20250416_LONG;4.64110169;0.10211864;2025.04.16 23:58:42;2025.04.16 01:11:06;1372.125250;4.522550;1.22796610;1;2025.04.16 02:37:00;90.429200;0.10211864;1;2025.04.16 03:02:18;115.728917;0.10211864;1;2025.04.16 06:52:42;346.122933;0.10211864;1;2025.04.16 11:03:44;597.172533;0.10211864;0;;;;0.82796610;4.64110169;1.50932203;4.64110169;2.33940678;4.64110169;0;
RUN;XAUUSD;METAL;0.0016PCT_NOTIONAL_PER_SIDE;20250425;2025.04.25 00:00;3367.61;3288.52;79.09;3386.66;3260.14;LONG;2025.04.25 01:30;2025.04.25 01:30;2025.04.25 08:54;3367.62;3288.52;3288.48;79.10;7910.00000000;-1.00050569;10.64976000;0.00134637;-1.00185206;-1.00252524;STOP;XAUUSD_20250425_LONG;0.03931732;1.00050569;2025.04.25 01:37:14;2025.04.25 08:54:41;6.726667;444.167183;1.03982301;0;;;;0;;;;0;;;;0;;;;0;;;;;;;;;;0;
RUN;XAUUSD;METAL;0.0016PCT_NOTIONAL_PER_SIDE;20250430;2025.04.30 00:00;3348.56;3299.68;48.88;3352.97;3267.91;SHORT;2025.04.30 11:11;2025.04.30 11:11;2025.04.30 23:58;3299.42;3348.56;3288.76;49.14;4914.00000000;0.21693122;10.54108800;0.00214511;0.21478610;0.21371355;EOD;XAUUSD_20250430_SHORT;0.65445665;0.42043142;2025.04.30 15:05:15;2025.04.30 16:40:17;234.265350;329.296283;1.07488807;1;2025.04.30 13:00:40;109.679833;0.00529101;0;;;;0;;;;0;;;;0;;;;;;;;;;0;
RUN;XAUUSD;METAL;0.0016PCT_NOTIONAL_PER_SIDE;20250505;2025.05.05 00:00;3269.25;3222.85;46.40;3290.10;3201.85;LONG;2025.05.05 04:31;2025.05.05 04:31;2025.05.05 23:58;3269.27;3222.85;3333.71;46.42;4642.00000000;1.38819474;10.56476800;0.00227591;1.38591883;1.38478088;EOD;XAUUSD_20250505_LONG;1.47134856;0.35028005;2025.05.05 22:40:15;2025.05.05 06:43:42;1088.619567;132.075117;0.49892288;1;2025.05.05 12:16:28;464.833050;0.35028005;1;2025.05.05 13:19:41;528.051983;0.35028005;0;;;;0;;;;0;;;;0.78328307;1.47134856;;;;;0;
RUN;XAUUSD;METAL;0.0016PCT_NOTIONAL_PER_SIDE;20250514;2025.05.14 00:00;3265.64;3215.86;49.78;3292.43;3207.73;SHORT;2025.05.14 15:13;2025.05.14 15:13;2025.05.14 23:58;3215.85;3265.64;3177.74;49.79;4979.00000000;0.76541474;10.22974400;0.00205458;0.76336016;0.76233287;EOD;XAUUSD_20250514_SHORT;0.95481020;0.02992569;2025.05.14 22:02:42;2025.05.14 15:24:15;409.293267;10.852200;0.46977305;1;2025.05.14 15:46:40;33.268950;0.02992569;0;;;;0;;;;0;;;;0;;;;;;;;;;0;
RUN;XAUUSD;METAL;0.0016PCT_NOTIONAL_PER_SIDE;20250520;2025.05.20 00:00;3249.78;3206.29;43.49;3252.16;3154.23;SHORT;2025.05.20 06:00;2025.05.20 06:00;2025.05.20 15:35;3206.28;3249.78;3249.79;43.50;4350.00000000;-1.00022989;10.32971200;0.00237465;-1.00260453;-1.00379185;STOP;XAUUSD_20250520_SHORT;0.03126437;1.00022989;2025.05.20 06:03:16;2025.05.20 15:35:38;2.797567;575.172100;1.03149425;0;;;;0;;;;0;;;;0;;;;0;;;;;;;;;;0;
RUN;XAUUSD;METAL;0.0016PCT_NOTIONAL_PER_SIDE;20250527;2025.05.27 00:00;3356.80;3323.56;33.24;3365.97;3286.95;SHORT;2025.05.27 08:45;2025.05.27 08:45;2025.05.27 23:59;3323.56;3356.80;3301.00;33.24;3324.00000000;0.67870036;10.59929600;0.00318872;0.67551164;0.67391729;EOD;XAUUSD_20250527_SHORT;1.15433213;0.16064982;2025.05.27 17:00:42;2025.05.27 08:52:43;495.006117;7.011633;0.69374248;1;2025.05.27 09:46:38;60.937233;0.16064982;1;2025.05.27 14:21:30;335.798017;0.16064982;0;;;;0;;;;0;;;;0.46058965;1.15433213;;;;;0;
RUN;XAUUSD;METAL;0.0016PCT_NOTIONAL_PER_SIDE;20250602;2025.06.02 00:00;3322.76;3271.54;51.22;3331.11;3245.51;LONG;2025.06.02 08:44;2025.06.02 08:44;2025.06.02 23:59;3322.80;3271.54;3381.61;51.26;5126.00000000;1.14728833;10.72705600;0.00209268;1.14519566;1.14414932;EOD;XAUUSD_20250602_LONG;1.17225907;0.00819352;2025.06.02 23:47:15;2025.06.02 08:49:14;902.628000;4.623450;0.28326180;1;2025.06.02 10:06:39;82.043350;0.00819352;1;2025.06.02 16:54:40;490.048383;0.00819352;0;;;;0;;;;0;;;;0.87475615;1.17225907;;;;;0;
RUN;XAUUSD;METAL;0.0016PCT_NOTIONAL_PER_SIDE;20250605;2025.06.05 00:00;3384.72;3343.74;40.98;3392.18;3333.19;LONG;2025.06.05 12:23;2025.06.05 12:23;2025.06.05 18:47;3384.73;3343.74;3343.73;40.99;4099.00000000;-1.00024396;10.76553600;0.00262638;-1.00287034;-1.00418353;STOP;XAUUSD_20250605_LONG;0.45816053;1.00024396;2025.06.05 14:15:16;2025.06.05 18:47:38;111.605233;383.985167;1.45840449;0;;;;0;;;;0;;;;0;;;;0;;;;;;;;;;0;
RUN;XAUUSD;METAL;0.0016PCT_NOTIONAL_PER_SIDE;20250626;2025.06.26 00:00;3337.14;3311.93;25.21;3369.85;3295.35;LONG;2025.06.26 02:10;2025.06.26 02:10;2025.06.26 16:35;3337.15;3311.93;3311.92;25.22;2522.00000000;-1.00039651;10.63851200;0.00421828;-1.00461479;-1.00672394;STOP;XAUUSD_20250626_LONG;0.52339413;1.00039651;2025.06.26 11:58:15;2025.06.26 16:35:38;587.673417;865.051117;1.52379064;1;2025.06.26 11:57:29;586.905933;0.31720856;0;;;;0;;;;0;;;;0;;;;;;;;;;0;
RUN;XAUUSD;METAL;0.0016PCT_NOTIONAL_PER_SIDE;20250707;2025.07.07 00:00;3345.09;3323.57;21.52;3365.78;3311.54;SHORT;2025.07.07 03:11;2025.07.07 03:11;2025.07.07 23:59;3323.56;3345.09;3336.99;21.53;2153.00000000;-0.62378077;10.65688000;0.00494978;-0.62873055;-0.63120544;EOD;XAUUSD_20250707_SHORT;1.24616814;0.79331166;2025.07.07 13:45:41;2025.07.07 22:45:39;634.207483;1174.171217;2.03947980;1;2025.07.07 04:12:40;61.192200;0.20436600;1;2025.07.07 10:55:03;463.585433;0.20436600;0;;;;0;;;;0;;;;-0.79331166;1.24616814;;;;;0;
RUN;XAUUSD;METAL;0.0016PCT_NOTIONAL_PER_SIDE;20250730;2025.07.30 00:00;3334.15;3307.99;26.16;3345.33;3301.82;LONG;2025.07.30 12:57;2025.07.30 12:57;2025.07.30 16:15;3334.20;3307.99;3307.99;26.21;2621.00000000;-1.00000000;10.62750400;0.00405475;-1.00405475;-1.00608213;STOP;XAUUSD_20250730_LONG;0.00000000;1.00000000;;2025.07.30 16:15:40;;198.011617;1.00000000;0;;;;0;;;;0;;;;0;;;;0;;;;;;;;;;0;
RUN;XAUUSD;METAL;0.0016PCT_NOTIONAL_PER_SIDE;20250801;2025.08.01 00:00;3314.85;3273.77;41.08;3334.03;3268.08;LONG;2025.08.01 15:31;2025.08.01 15:31;2025.08.01 23:58;3314.85;3273.77;3362.85;41.08;4108.00000000;1.16845180;10.68432000;0.00260086;1.16585094;1.16455052;EOD;XAUUSD_20250801_LONG;1.18281402;0.00705940;2025.08.01 23:52:15;2025.08.01 15:31:15;501.007717;0.000550;0.38656280;1;2025.08.01 15:38:16;7.014933;0.00705940;1;2025.08.01 22:31:37;420.372100;0.00705940;0;;;;0;;;;0;;;;0.97565725;1.18281402;;;;;0;
RUN;XAUUSD;METAL;0.0016PCT_NOTIONAL_PER_SIDE;20250807;2025.08.07 00:00;3385.28;3358.18;27.10;3390.41;3349.90;LONG;2025.08.07 09:42;2025.08.07 09:42;2025.08.07 23:59;3385.28;3358.18;3396.47;27.10;2710.00000000;0.41291513;10.85080000;0.00400399;0.40891114;0.40690915;EOD;XAUUSD_20250807_LONG;0.61586716;0.49926199;2025.08.07 23:39:42;2025.08.07 13:58:15;837.090783;255.647867;0.94428044;1;2025.08.07 22:41:37;779.012767;0.49926199;0;;;;0;;;;0;;;;0;;;;;;;;;;0;
RUN;XAUUSD;METAL;0.0016PCT_NOTIONAL_PER_SIDE;20250818;2025.08.18 00:00;3348.74;3332.26;16.48;3374.80;3329.76;SHORT;2025.08.18 02:12;2025.08.18 02:12;2025.08.18 06:37;3332.24;3348.74;3348.74;16.50;1650.00000000;-1.00000000;10.68956800;0.00647853;-1.00647853;-1.00971779;STOP;XAUUSD_20250818_SHORT;0.50848485;1.00000000;2025.08.18 02:21:39;2025.08.18 06:37:37;9.344333;265.321417;1.50848485;1;2025.08.18 02:20:39;8.355783;0.01696970;0;;;;0;;;;0;;;;0;;;;;;;;;;0;
RUN;XAUUSD;METAL;0.0016PCT_NOTIONAL_PER_SIDE;20250826;2025.08.26 00:00;3376.29;3359.78;16.51;3378.81;3321.45;SHORT;2025.08.26 02:12;2025.08.26 02:12;2025.08.26 03:21;3359.72;3376.29;3376.29;16.57;1657.00000000;-1.00000000;10.77761600;0.00650429;-1.00650429;-1.00975644;STOP;XAUUSD_20250826_SHORT;0.48943874;1.00000000;2025.08.26 03:02:42;2025.08.26 03:21:40;50.088117;69.058883;1.48943874;0;;;;0;;;;0;;;;0;;;;0;;;;;;;;;;0;
RUN;XAUUSD;METAL;0.0016PCT_NOTIONAL_PER_SIDE;20250926;2025.09.26 00:00;3761.53;3722.08;39.45;3779.31;3717.51;LONG;2025.09.26 16:08;2025.09.26 16:08;2025.09.26 23:58;3761.53;3722.08;3759.49;39.45;3945.00000000;-0.05171103;12.03363200;0.00305035;-0.05476138;-0.05628655;EOD;XAUUSD_20250926_LONG;0.56400507;0.23295311;2025.09.26 17:26:43;2025.09.26 16:33:43;78.081417;25.081417;0.61571610;1;2025.09.26 17:25:39;77.014900;0.23295311;0;;;;0;;;;0;;;;0;;;;;;;;;;0;
RUN;XAUUSD;METAL;0.0016PCT_NOTIONAL_PER_SIDE;20251006;2025.10.06 00:00;3891.63;3837.98;53.65;3896.82;3819.44;LONG;2025.10.06 01:04;2025.10.06 01:04;2025.10.06 23:59;3891.63;3837.98;3960.93;53.65;5365.00000000;1.29170550;12.56409600;0.00234186;1.28936364;1.28819270;EOD;XAUUSD_20251006_LONG;1.46374651;0.13867661;2025.10.06 19:08:42;2025.10.06 01:10:40;1084.680467;6.647517;0.45107176;1;2025.10.06 02:04:42;60.671300;0.13867661;1;2025.10.06 11:02:03;598.024250;0.13867661;0;;;;0;;;;0;;;;0.64976701;1.46374651;;;;;0;
RUN;XAUUSD;METAL;0.0016PCT_NOTIONAL_PER_SIDE;20251013;2025.10.13 00:00;4022.90;3947.03;75.87;4057.87;3944.72;LONG;2025.10.13 01:01;2025.10.13 01:01;2025.10.13 23:59;4022.96;3947.03;4109.97;75.93;7593.00000000;1.14592388;13.01268800;0.00171377;1.14421010;1.14335322;EOD;XAUUSD_20251013_LONG;1.23929935;0.18767286;2025.10.13 19:15:16;2025.10.13 01:08:42;1093.750800;7.183233;0.46569208;1;2025.10.13 08:04:38;423.121467;0.18767286;1;2025.10.13 17:38:39;997.134850;0.18767286;0;;;;0;;;;0;;;;0.89134729;1.23929935;;;;;0;
RUN;XAUUSD;METAL;0.0016PCT_NOTIONAL_PER_SIDE;20251024;2025.10.24 00:00;4154.72;4065.87;88.85;4161.29;4004.49;SHORT;2025.10.24 11:04;2025.10.24 11:04;2025.10.24 23:58;4065.86;4154.72;4113.13;88.86;8886.00000000;-0.53196039;13.08638400;0.00147270;-0.53343308;-0.53416943;EOD;XAUUSD_20251024_SHORT;0.24364168;0.82241729;2025.10.24 14:03:42;2025.10.24 19:28:42;179.035983;504.023317;1.06605897;0;;;;0;;;;0;;;;0;;;;0;;;;;;;;;;0;
RUN;XAUUSD;METAL;0.0016PCT_NOTIONAL_PER_SIDE;20251031;2025.10.31 00:00;4027.15;3915.44;111.71;4030.47;3914.83;LONG;2025.10.31 01:33;2025.10.31 01:33;2025.10.31 23:58;4027.17;3915.44;4002.90;111.73;11173.00000000;-0.21722008;12.84811200;0.00114992;-0.21837001;-0.21894497;EOD;XAUUSD_20251031_LONG;0.17076882;0.49136311;2025.10.31 01:55:42;2025.10.31 19:17:43;22.022800;1064.028700;0.66213193;0;;;;0;;;;0;;;;0;;;;0;;;;;;;;;;0;
RUN;XAUUSD;METAL;0.0016PCT_NOTIONAL_PER_SIDE;20251106;2025.11.06 00:00;3990.47;3929.31;61.16;4005.80;3928.68;LONG;2025.11.06 05:38;2025.11.06 05:38;2025.11.06 23:59;3990.48;3929.31;3977.19;61.17;6117.00000000;-0.21726336;12.74827200;0.00208407;-0.21934744;-0.22038947;EOD;XAUUSD_20251106_LONG;0.47539644;0.40559098;2025.11.06 14:01:42;2025.11.06 19:27:16;503.060700;828.613800;0.88098741;0;;;;0;;;;0;;;;0;;;;0;;;;;;;;;;0;
RUN;XAUUSD;METAL;0.0016PCT_NOTIONAL_PER_SIDE;20251128;2025.11.28 00:00;4168.72;4142.81;25.91;4173.46;4129.91;LONG;2025.11.28 02:09;2025.11.28 02:09;2025.11.28 21:45;4168.73;4142.81;4219.19;25.92;2592.00000000;1.94675926;13.42067200;0.00517773;1.94158153;1.93899267;EOD;XAUUSD_20251128_LONG;2.23688272;0.63155864;2025.11.28 20:32:43;2025.11.28 10:10:16;1103.706517;481.252633;1.57716049;1;2025.11.28 02:34:42;25.688000;0.09182099;1;2025.11.28 16:19:03;850.042617;0.63155864;1;2025.11.28 20:29:43;1100.705067;0.63155864;0;;;;0;;;;0.65354938;2.23688272;1.83101852;2.23688272;;;0;
RUN;XAUUSD;METAL;0.0016PCT_NOTIONAL_PER_SIDE;20251216;2025.12.16 00:00;4350.12;4285.30;64.82;4353.54;4257.31;SHORT;2025.12.16 05:11;2025.12.16 05:11;2025.12.16 23:59;4285.30;4350.12;4302.62;64.82;6482.00000000;-0.26720148;13.74067200;0.00211982;-0.26932130;-0.27038121;EOD;XAUUSD_20251216_SHORT;0.20981179;0.77429806;2025.12.16 07:30:43;2025.12.16 17:08:16;139.290283;716.835350;0.98410984;0;;;;0;;;;0;;;;0;;;;0;;;;;;;;;;0;
RUN;XAUUSD;METAL;0.0016PCT_NOTIONAL_PER_SIDE;20251222;2025.12.22 00:00;4356.47;4309.38;47.09;4374.57;4308.81;LONG;2025.12.22 01:50;2025.12.22 01:50;2025.12.22 23:59;4356.47;4309.38;4443.87;47.09;4709.00000000;1.85602039;14.08054400;0.00299013;1.85303025;1.85153518;EOD;XAUUSD_20251222_LONG;1.96453599;0.07814823;2025.12.22 23:31:16;2025.12.22 01:56:42;1301.015783;6.452467;0.36207263;1;2025.12.22 03:40:28;110.231133;0.07814823;1;2025.12.22 07:13:42;323.461150;0.07814823;0;;;;0;;;;0;;;;0.86557656;1.96453599;;;;;0;

