state,outcome,feature,q,btcusdt_2024_n,btcusdt_2024_effect,btcusdt_2024_h1_n,btcusdt_2024_h1_effect,btcusdt_2024_h2_n,btcusdt_2024_h2_effect,ethusdt_2024_n,ethusdt_2024_effect,ethusdt_2024_h1_n,ethusdt_2024_h1_effect,ethusdt_2024_h2_n,ethusdt_2024_h2_effect,discovery_sign,discovery_worst_abs_effect,discovery_eligible
spot_taker_imbalance=Q1,direction_1h_atr,spot_taker_imbalance,1,21079,0.0506932169999674,8972,0.06127267650225694,12107,0.04633880092059454,21079,0.015901696746183674,9635,0.05307934916499741,11444,-0.011337430954363447,1,0.015901696746183674,False
spot_taker_imbalance=Q1,up_first_1atr_1h,spot_taker_imbalance,1,20579,0.012405200237800396,8764,0.016473403085820737,11815,0.009094085453317913,20544,-0.0014539231500829697,9395,0.0010492783324816957,11149,-0.003592196714373108,,,False
spot_taker_imbalance=Q2,direction_1h_atr,spot_taker_imbalance,2,21079,0.006506763861029705,10648,0.009019858013677301,10431,0.003492170439650194,21079,-0.015912302621746997,10810,-0.029699582389565004,10269,-0.003162677518336132,,,False
spot_taker_imbalance=Q2,up_first_1atr_1h,spot_taker_imbalance,2,20503,-0.0013125895166472001,10344,0.0016811167058009557,10159,-0.00432410988740034,20493,-0.0009078981454198609,10515,-0.002352334761360042,9978,0.000627050649110783,-1,0.0009078981454198609,False
spot_taker_imbalance=Q3,direction_1h_atr,spot_taker_imbalance,3,21078,-0.013604822955668151,11178,-0.03172145866995901,9900,0.004878146202796994,21078,0.009509872064338242,11053,-0.03336003474625755,10025,0.05363356333037625,,,False
spot_taker_imbalance=Q3,up_first_1atr_1h,spot_taker_imbalance,3,20498,-0.001777007082920612,10856,-0.004850852670712558,9642,0.0018491825945368134,20495,0.006655462525626987,10766,0.003806148881824123,9729,0.009831667132849553,,,False
spot_taker_imbalance=Q4,direction_1h_atr,spot_taker_imbalance,4,21079,0.005726320525001924,11420,0.0031202718184775574,9659,0.006086473788469451,21079,0.005836012545878164,10880,0.0032832140797101478,10199,0.006405827164959316,1,0.005726320525001924,True
spot_taker_imbalance=Q4,up_first_1atr_1h,spot_taker_imbalance,4,20471,0.0008306550659222256,11087,0.003041289859270213,9384,-0.0015494713125226434,20483,-0.004328070227904379,10555,-0.0033672841929653363,9928,-0.005334917413099882,,,False
spot_taker_imbalance=Q5,direction_1h_atr,spot_taker_imbalance,5,21079,-0.04932212385103183,10184,-0.0320927868089255,10895,-0.06466577240313409,21079,-0.015334827580800228,10024,0.014229853480605188,11055,-0.03987213101446522,-1,0.015334827580800228,False
spot_taker_imbalance=Q5,up_first_1atr_1h,spot_taker_imbalance,5,20487,-0.01019933819020169,9895,-0.014433582609945539,10592,-0.006307360938884177,20456,3.53496238185147e-05,9723,0.0009710496633822396,10733,-0.0008287095561835267,,,False
perp_taker_imbalance=Q1,direction_1h_atr,perp_taker_imbalance,1,21079,0.020918330355533837,9943,0.010448673804080946,11136,0.031616628070466994,21079,0.0032826623866595538,9537,-0.01784547452334203,11542,0.0252345584907223,1,0.0032826623866595538,False
perp_taker_imbalance=Q1,up_first_1atr_1h,perp_taker_imbalance,1,20548,0.006117655833812685,9702,0.003911025051055617,10846,0.007980523048585542,20532,0.0003932902719562259,9306,-0.004306008138835249,11226,0.004257271233809201,1,0.0003932902719562259,False
perp_taker_imbalance=Q2,direction_1h_atr,perp_taker_imbalance,2,21079,0.011896795283850237,10843,0.006377034331463263,10236,0.016753172904854355,21079,-0.001959553805148572,10914,-0.03110654817860147,10165,0.026990589582809185,,,False
perp_taker_imbalance=Q2,up_first_1atr_1h,perp_taker_imbalance,2,20516,0.0012976191649197721,10550,0.005893261576284725,9966,-0.003482385933230525,20515,-0.004216606579045712,10631,-0.0026502460233978065,9884,-0.00588427953832954,,,False
perp_taker_imbalance=Q3,direction_1h_atr,perp_taker_imbalance,3,21078,-0.010488802646727663,10803,-0.01610895197799507,10275,-0.005459248378565561,21078,0.005524797191986331,11171,0.027671622029545324,9907,-0.023282148707648893,,,False
perp_taker_imbalance=Q3,up_first_1atr_1h,perp_taker_imbalance,3,20492,0.0002712876646118745,10488,0.003521912329481347,10004,-0.0030638698156960076,20513,-0.0009024981780304531,10860,0.0009604806588631165,9653,-0.00297159464153246,,,False
perp_taker_imbalance=Q4,direction_1h_atr,perp_taker_imbalance,4,21079,-0.017122629054806326,10745,-0.0051253595368141724,10334,-0.03031306989302011,21079,-0.038873683583282685,11020,-0.0418968548269604,10059,-0.038510246733098455,-1,0.017122629054806326,True
perp_taker_imbalance=Q4,up_first_1atr_1h,perp_taker_imbalance,4,20488,-0.008319564029553084,10413,-0.008436356477706297,10075,-0.008143832867696044,20449,-0.000577500227102623,10675,9.720481687158777e-05,9774,-0.0012940573108074505,-1,0.000577500227102623,False
perp_taker_imbalance=Q5,direction_1h_atr,perp_taker_imbalance,5,21079,-0.005204191532738191,10068,0.005568101862466812,11011,-0.014005921958276157,21079,0.032026039909372264,9760,0.06785582047658018,11319,0.004630638919139745,,,False
perp_taker_imbalance=Q5,up_first_1atr_1h,perp_taker_imbalance,5,20494,0.0006130796405573458,9793,-0.005024886264106132,10701,0.0056862699751309975,20462,0.005314773500893155,9482,0.005987976781204829,10980,0.00470865312537827,1,0.0006130796405573458,False
taker_imbalance_diff=Q1,direction_1h_atr,taker_imbalance_diff,1,21079,-0.038830855632677984,10453,-0.0383391171265251,10626,-0.03924219111251224,21079,0.0072145072468252774,9864,0.002530860859535994,11215,0.014356023746302857,,,False
taker_imbalance_diff=Q1,up_first_1atr_1h,taker_imbalance_diff,1,20536,-0.008196619200864341,10188,-0.009442929872813421,10348,-0.006973090819988537,20520,-0.0028742948867975238,9605,-0.007925890102221833,10915,0.0015494922974205183,-1,0.0028742948867975238,False
taker_imbalance_diff=Q2,direction_1h_atr,taker_imbalance_diff,2,21079,-0.008176348490302743,11233,-0.01775303853716407,9846,0.0006113718168299642,21079,-0.02527590635668072,10936,-0.03725154500851866,10143,-0.014832839694191321,-1,0.008176348490302743,False
taker_imbalance_diff=Q2,up_first_1atr_1h,taker_imbalance_diff,2,20483,-0.005368563987861785,10887,-0.0021165435872282368,9596,-0.008882467762094781,20516,-0.00024366608455428374,10651,-0.0005706701525928781,9865,0.0001272689194728449,-1,0.00024366608455428374,False
taker_imbalance_diff=Q3,direction_1h_atr,taker_imbalance_diff,3,21078,0.008797125001588038,11173,0.006955206454233379,9905,0.008917596547984644,21078,-0.01368657063855782,11009,-0.036073846211986955,10069,0.007902403631338688,,,False
taker_imbalance_diff=Q3,up_first_1atr_1h,taker_imbalance_diff,3,20427,0.0018548655498443756,10835,0.0001623605337182088,9592,0.003936415974908569,20395,-0.00358221884667953,10643,-0.002078063597393265,9752,-0.005203619318665753,,,False
taker_imbalance_diff=Q4,direction_1h_atr,taker_imbalance_diff,4,21079,0.020170400773489514,10446,0.029156502640384094,10633,0.011433101366992833,21079,0.015692313689830612,10961,0.023630850277088604,10118,0.004481574759573154,1,0.015692313689830612,True
taker_imbalance_diff=Q4,up_first_1atr_1h,taker_imbalance_diff,4,20512,0.00705009263488604,10152,0.009422610729814596,10360,0.004716184185869388,20507,0.004069794285054662,10678,0.006981845389775809,9829,0.000925407716314941,1,0.004069794285054662,True
taker_imbalance_diff=Q5,direction_1h_atr,taker_imbalance_diff,5,21079,0.018040095688621513,9097,0.02395287731306242,11982,0.016781087899351066,21079,0.016055006759724145,9632,0.05404253610416252,11447,-0.011834296224156058,1,0.016055006759724145,False
taker_imbalance_diff=Q5,up_first_1atr_1h,taker_imbalance_diff,5,20580,0.0046544815043184085,8884,0.0024572106108129987,11696,0.006051293968311611,20533,0.002609441700784698,9377,0.003174903276329022,11156,0.0021048446427954226,1,0.002609441700784698,True
perp_spot_basis_bps=Q1,direction_1h_atr,perp_spot_basis_bps,1,21079,0.009995211922827596,5557,0.002242754994485799,15522,0.02164412295384114,21079,0.02049166646671594,6081,-0.0050576788212965615,14998,0.046977335694830764,1,0.009995211922827596,False
perp_spot_basis_bps=Q1,up_first_1atr_1h,perp_spot_basis_bps,1,20424,0.0061878915781011234,5357,-0.003378904796809079,15067,0.008834609658910919,20440,0.006881067644340044,5895,-6.721624184136132e-06,14545,0.009557464145258154,1,0.0061878915781011234,False
perp_spot_basis_bps=Q2,direction_1h_atr,perp_spot_basis_bps,2,21079,0.0005116978604683409,7343,-0.009574751555114981,13736,0.012293568090707682,21079,-0.013614299158824944,7679,0.01618555037864349,13400,-0.019197736110763433,,,False
perp_spot_basis_bps=Q2,up_first_1atr_1h,perp_spot_basis_bps,2,20509,-0.0008238500594251463,7163,0.0034589377438996594,13346,-0.0036608286943654034,20469,-0.0011098094961097815,7454,-0.008185263329680947,13015,0.0028603234343324013,-1,0.0008238500594251463,False
perp_spot_basis_bps=Q3,direction_1h_atr,perp_spot_basis_bps,3,21078,-0.020967604066766524,9011,0.02180243193533961,12067,-0.04950043958404782,21078,-0.05620127611707937,8283,0.028142943115672094,12795,-0.10136274262597317,-1,0.020967604066766524,False
perp_spot_basis_bps=Q3,up_first_1atr_1h,perp_spot_basis_bps,3,20563,-0.001884705682495269,8803,2.4326742462665862e-06,11760,-0.003582675898704979,20514,-0.008433670398144244,8077,-0.00872912976894602,12437,-0.008308801842193847,-1,0.001884705682495269,False
perp_spot_basis_bps=Q4,direction_1h_atr,perp_spot_basis_bps,4,21079,0.013647664362399253,14745,-0.00530248539746736,6334,0.038927319739031525,21079,0.0804239548410406,15613,0.054244274320456455,5466,0.10358155597788761,1,0.013647664362399253,False
perp_spot_basis_bps=Q4,up_first_1atr_1h,perp_spot_basis_bps,4,20474,0.0007088102398176699,14285,-0.0011272932429254312,6189,0.006524006134263294,20502,0.0016552589265231843,15165,0.0009703172082016209,5337,0.003967001125881997,1,0.0007088102398176699,False
perp_spot_basis_bps=Q5,direction_1h_atr,perp_spot_basis_bps,5,21079,-0.0031879647942409037,15746,-0.0038379369883676656,5333,-0.028889624329608826,21079,-0.03110271225302577,14746,-0.07958476530840208,6333,0.044756527721040766,-1,0.0031879647942409037,False
perp_spot_basis_bps=Q5,up_first_1atr_1h,perp_spot_basis_bps,5,20568,-0.004144405611788249,15338,0.0006132736393761884,5230,-0.015774082097895936,20546,0.001028904115716489,14363,0.008134992516563744,6183,-0.015215225940171662,,,False
log_quote_volume_ratio=Q1,direction_1h_atr,log_quote_volume_ratio,1,21079,0.016553772758402252,12981,0.03908207999863439,8098,-0.028196906527304496,21079,0.048726324511338986,13282,0.07026068717025868,7797,-0.007710055613004431,1,0.016553772758402252,False
log_quote_volume_ratio=Q1,up_first_1atr_1h,log_quote_volume_ratio,1,20592,-0.000591463027340422,12658,0.0006478966383888785,7934,-0.0018427046392155422,20566,0.00414433898325689,12950,0.009229428375324644,7616,-0.00436183982590066,,,False
log_quote_volume_ratio=Q2,direction_1h_atr,log_quote_volume_ratio,2,21079,0.03976875157262787,12468,-9.499026847581415e-05,8611,0.09103122627019897,21079,0.025561857729151403,12267,0.015282089679776609,8812,0.028726566687876307,1,0.025561857729151403,False
log_quote_volume_ratio=Q2,up_first_1atr_1h,log_quote_volume_ratio,2,20536,-0.0008436780243937791,12138,0.0007596753846293991,8398,-0.0026142520919352763,20518,0.0017550544773418109,11927,0.002689877769370075,8591,0.0005359994459971373,,,False
log_quote_volume_ratio=Q3,direction_1h_atr,log_quote_volume_ratio,3,21078,-0.006037169659873623,11331,-0.031251916601123766,9747,0.020832820214536606,21078,-0.02043185754119601,11246,-0.051283353991483,9832,0.01057348245463309,-1,0.006037169659873623,False
log_quote_volume_ratio=Q3,up_first_1atr_1h,log_quote_volume_ratio,3,20452,-0.00667637980558794,10986,-0.011848336303998896,9466,-0.0004672114581220632,20480,-0.0007893434674505762,10926,-0.006063567609598863,9554,0.005272774696064686,-1,0.0007893434674505762,False
log_quote_volume_ratio=Q4,direction_1h_atr,log_quote_volume_ratio,4,21079,-0.006946574560318143,9751,-0.0002637565038641626,11328,-0.010897540822568288,21079,-4.613073531947037e-05,9514,-0.013530074421463915,11565,0.015640892987202143,-1,4.613073531947037e-05,False
log_quote_volume_ratio=Q4,up_first_1atr_1h,log_quote_volume_ratio,4,20456,0.0033958317792738835,9450,0.006135995847455,11006,0.0008891737170271807,20475,-0.0024756486986776682,9241,-0.009402177707855952,11234,0.0031892122399319045,,,False
log_quote_volume_ratio=Q5,direction_1h_atr,log_quote_volume_ratio,5,21079,-0.04333906651767262,5871,-0.025456103750366846,15208,-0.041763643907654295,21079,-0.05381116326316089,6093,-0.06814543148911369,14986,-0.03188766908647509,-1,0.04333906651767262,True
log_quote_volume_ratio=Q5,up_first_1atr_1h,log_quote_volume_ratio,5,20502,0.004711021533265247,5714,0.009583242283850935,14788,0.0021105548693934884,20432,-0.0026619039730300664,5910,0.00025935605499854963,14522,-0.003965617606121685,,,False
log_trade_count_ratio=Q1,direction_1h_atr,log_trade_count_ratio,1,21079,0.002114587446284677,966,0.0431227021772235,20113,0.01337857283164881,21079,0.035362199690933474,308,0.23578651612375476,20771,0.0593144289802506,1,0.002114587446284677,True
log_trade_count_ratio=Q1,up_first_1atr_1h,log_trade_count_ratio,1,20628,-0.0016523809730751293,942,0.004869524644678103,19686,-0.003086648472190312,20559,0.0017851092699454618,297,0.01324539239128869,20262,0.0014248674391789118,,,False
log_trade_count_ratio=Q2,direction_1h_atr,log_trade_count_ratio,2,21079,-0.008949995064204595,5373,0.00970900046643225,15706,-0.006235963665949529,21079,-0.0364513876991934,4001,0.1570523799072399,17078,-0.060926863563154174,-1,0.008949995064204595,False
log_trade_count_ratio=Q2,up_first_1atr_1h,log_trade_count_ratio,2,20579,-0.0022213608195881807,5272,-0.012314959985898377,15307,0.00048705188134673394,20488,-0.0022026898470386413,3925,0.02304444448333437,16563,-0.008333996746991812,-1,0.0022026898470386413,False
log_trade_count_ratio=Q3,direction_1h_atr,log_trade_count_ratio,3,21078,0.043054861249079784,11852,0.05674033268824462,9226,0.02131395584789627,21078,0.01480412933357354,10710,0.05504596199142079,10368,-0.027984678985131628,1,0.01480412933357354,False
log_trade_count_ratio=Q3,up_first_1atr_1h,log_trade_count_ratio,3,20546,0.0021269524356481995,11581,0.007995847483664498,8965,-0.005091045560010665,20515,0.00640976436904106,10459,0.010516764363874886,10056,0.002148237355329874,1,0.0021269524356481995,False
log_trade_count_ratio=Q4,direction_1h_atr,log_trade_count_ratio,4,21079,-0.036210884733453005,15031,-0.03164265818152576,6048,-0.06861241117251257,21079,0.019315457014039656,16896,-0.004946882564280761,4183,0.032999054672662065,,,False
log_trade_count_ratio=Q4,up_first_1atr_1h,log_trade_count_ratio,4,20436,0.000901001251383371,14627,-0.0016955673666199655,5809,0.009267004341785068,20499,0.0036305296246819663,16447,0.0005413879562694568,4052,0.01677501447159324,1,0.000901001251383371,False
log_trade_count_ratio=Q5,direction_1h_atr,log_trade_count_ratio,5,21079,-6.526350088409405e-06,19180,-0.015155819484040677,1899,0.024846822587212027,21079,-0.03302969602286133,20487,-0.05891289813525709,592,-0.0665556121539509,-1,6.526350088409405e-06,False
log_trade_count_ratio=Q5,up_first_1atr_1h,log_trade_count_ratio,5,20349,0.0008691077056761087,18524,-0.0004028000975166979,1825,0.024722002136892796,20410,-0.009676133988334945,19826,-0.010757710699880574,584,0.03354501812275823,,,False
spot_taker_imbalance_change_15m=Q1,direction_1h_atr,spot_taker_imbalance_change_15m,1,21079,-0.0015557410117069403,9713,0.00101396737898167,11366,-0.0018627022573714583,21079,0.01597083238666962,9936,0.03482298630598025,11143,0.0018471091972657849,,,False
spot_taker_imbalance_change_15m=Q1,up_first_1atr_1h,spot_taker_imbalance_change_15m,1,20543,0.003562893625434216,9472,0.0015908927086019098,11071,0.005092537028124178,20566,-0.0009125510293853112,9707,-0.0036711373510369127,10859,0.0015346094850144376,,,False
spot_taker_imbalance_change_15m=Q2,direction_1h_atr,spot_taker_imbalance_change_15m,2,21079,0.00968426341372973,10873,0.010190885857442655,10206,0.0080686807166259,21079,-0.024567314291588007,10826,-0.047546097374870436,10253,-0.002156888372469379,,,False
spot_taker_imbalance_change_15m=Q2,up_first_1atr_1h,spot_taker_imbalance_change_15m,2,20491,-0.0007292658651091299,10552,0.0019125782351064324,9939,-0.0034454356720981516,20507,-0.007779818042443265,10528,-0.004385641862086009,9979,-0.011347715522005308,-1,0.0007292658651091299,False
spot_taker_imbalance_change_15m=Q3,direction_1h_atr,spot_taker_imbalance_change_15m,3,21078,0.003323903368805399,11200,0.003072363494615843,9878,0.0015700504917221525,21078,0.01970818062748968,10980,0.027429412458912943,10098,0.008590438609579802,1,0.003323903368805399,True
spot_taker_imbalance_change_15m=Q3,up_first_1atr_1h,spot_taker_imbalance_change_15m,3,20475,-0.0028320002678776657,10861,-0.0016703633943153107,9614,-0.003974447960140293,20473,0.007927603758011048,10660,0.009612124123874077,9813,0.006116872065459411,,,False
spot_taker_imbalance_change_15m=Q4,direction_1h_atr,spot_taker_imbalance_change_15m,4,21079,0.0032924661869393676,10960,-0.02262338079463324,10119,0.030036585437619563,21079,0.00667506336926673,10712,0.0063838131231639395,10367,0.005748364999947225,1,0.0032924661869393676,False
spot_taker_imbalance_change_15m=Q4,up_first_1atr_1h,spot_taker_imbalance_change_15m,4,20477,-0.0009268925210939027,10653,-0.0012141059943392984,9824,-0.0004997081839317463,20451,0.003237003521235793,10395,0.00035457950047579345,10056,0.006225405215313895,,,False
spot_taker_imbalance_change_15m=Q5,direction_1h_atr,spot_taker_imbalance_change_15m,5,21079,-0.014744734269861628,9656,0.009619678468253942,11423,-0.03332107575392663,21079,-0.01778582712430505,9948,-0.020187524801977105,11131,-0.013009371155888403,-1,0.014744734269861628,False
spot_taker_imbalance_change_15m=Q5,up_first_1atr_1h,spot_taker_imbalance_change_15m,5,20552,0.0009106679025834286,9408,-0.0004437471608593757,11144,0.0018830028351001227,20474,-0.0024515745669548283,9664,-0.002518970330855519,10810,-0.0024100843318436427,,,False
spot_taker_imbalance_change_1h=Q1,direction_1h_atr,spot_taker_imbalance_change_1h,1,21079,0.0001534388780093307,9643,0.011846450756966956,11436,-0.007657580736035008,21079,0.001475272449983231,9930,0.018497625976645497,11149,-0.010971382962979651,1,0.0001534388780093307,False
spot_taker_imbalance_change_1h=Q1,up_first_1atr_1h,spot_taker_imbalance_change_1h,1,20556,0.004267683469284134,9401,0.004605740988830875,11155,0.0038099472195697315,20554,-0.0014509628982791178,9683,-0.002866012545893415,10871,-0.0002099577272788311,,,False
spot_taker_imbalance_change_1h=Q2,direction_1h_atr,spot_taker_imbalance_change_1h,2,21079,0.007459853091578331,10881,-0.014125786446476808,10198,0.02939252754780717,21079,0.02179144765821794,10825,-0.0001950042560020862,10254,0.043155218788851944,1,0.007459853091578331,False
spot_taker_imbalance_change_1h=Q2,up_first_1atr_1h,spot_taker_imbalance_change_1h,2,20503,0.0007358911934927659,10568,-0.001680312945386675,9935,0.003397088830538464,20501,-0.004173870155935289,10520,-0.002016222490098085,9981,-0.006435225161399438,,,False
spot_taker_imbalance_change_1h=Q3,direction_1h_atr,spot_taker_imbalance_change_1h,3,21078,0.021616457219251706,11286,-0.0011855450416831254,9792,0.045594782176207195,21078,0.006225467946752029,10887,-0.0017964957452397123,10191,0.012599724176187552,1,0.006225467946752029,False
spot_taker_imbalance_change_1h=Q3,up_first_1atr_1h,spot_taker_imbalance_change_1h,3,20472,-0.0016848889449164184,10951,0.0012967673263709623,9521,-0.0049200436364733036,20496,0.003020508149938206,10603,0.005440918020748142,9893,0.00044270695490611356,,,False
spot_taker_imbalance_change_1h=Q4,direction_1h_atr,spot_taker_imbalance_change_1h,4,21079,-0.01654992607846685,11001,-0.017016410322100307,10078,-0.017485539745545186,21079,-0.021979261104064108,10843,-0.03400606060362689,10236,-0.011186198604828125,-1,0.01654992607846685,True
spot_taker_imbalance_change_1h=Q4,up_first_1atr_1h,spot_taker_imbalance_change_1h,4,20437,0.0013659282300948483,10650,-4.1811738803243514e-05,9787,0.003018064428078615,20467,0.00020882631882124247,10527,-0.0014892054154094225,9940,0.00202094216013321,1,0.00020882631882124247,False
spot_taker_imbalance_change_1h=Q5,direction_1h_atr,spot_taker_imbalance_change_1h,5,21079,-0.012678797613089939,9591,0.02502814607116495,11488,-0.04199318768706979,21079,-0.007512631611074735,9917,0.020844575922827895,11162,-0.029931510926996453,-1,0.007512631611074735,False
spot_taker_imbalance_change_1h=Q5,up_first_1atr_1h,spot_taker_imbalance_change_1h,5,20570,-0.004678507889786354,9376,-0.004191193238266444,11194,-0.005265686962698191,20453,0.0024059658812696783,9621,0.0007222816455399461,10832,0.0038815147537450967,,,False
perp_taker_imbalance_change_15m=Q1,direction_1h_atr,perp_taker_imbalance_change_15m,1,21079,-0.006006901886282369,10107,-0.01364294907740702,10972,0.0019794367302505486,21079,0.012693713675869259,9638,0.02108200170597501,11441,0.00967569565970851,,,False
perp_taker_imbalance_change_15m=Q1,up_first_1atr_1h,perp_taker_imbalance_change_15m,1,20534,0.004805152467161455,9856,0.0024889600129192058,10678,0.006866059692178683,20532,0.003802602564962232,9388,0.00141927724178198,11144,0.005781444874914388,1,0.003802602564962232,True
perp_taker_imbalance_change_15m=Q2,direction_1h_atr,perp_taker_imbalance_change_15m,2,21079,0.020557408142777886,10671,0.02783149862089851,10408,0.012587477539890042,21079,-0.01787431218440646,10926,-0.015654010083069353,10153,-0.022675929516058464,,,False
perp_taker_imbalance_change_15m=Q2,up_first_1atr_1h,perp_taker_imbalance_change_15m,2,20496,-0.0008504253764667347,10371,0.0066524236765817535,10125,-0.008491595021909826,20483,-0.005987983326571522,10623,-0.006609563075075986,9860,-0.00530087923476763,-1,0.0008504253764667347,False
perp_taker_imbalance_change_15m=Q3,direction_1h_atr,perp_taker_imbalance_change_15m,3,21078,0.002243972387248827,10816,0.010192326537759422,10262,-0.007049427946803653,21078,-0.005917068341021856,11261,-0.03239969659053678,9817,0.0200872926432022,,,False
perp_taker_imbalance_change_15m=Q3,up_first_1atr_1h,perp_taker_imbalance_change_15m,3,20469,-0.002833596535046279,10484,0.0003741496277682721,9985,-0.006127011109003433,20480,0.0008708127825494127,10945,0.00039663682896529107,9535,0.0014464411424909285,,,False
perp_taker_imbalance_change_15m=Q4,direction_1h_atr,perp_taker_imbalance_change_15m,4,21079,-0.0011005484575390342,10751,-0.016152920163925416,10328,0.013835629375969972,21079,0.002560895645565657,10925,0.004015425281649568,10154,-0.0014106978516067563,,,False
perp_taker_imbalance_change_15m=Q4,up_first_1atr_1h,perp_taker_imbalance_change_15m,4,20503,-0.00111749611568146,10447,-0.004759099223001384,10056,0.002727091444986729,20456,0.00032866209937582047,10579,0.0009995448112884997,9877,-0.00037372349503095315,,,False
perp_taker_imbalance_change_15m=Q5,direction_1h_atr,perp_taker_imbalance_change_15m,5,21079,-0.015693823730852242,10057,-0.009513850512906333,11022,-0.02025784763603734,21079,0.008536490494835423,9652,0.02992455903744736,11427,-0.0055433313695006925,,,False
perp_taker_imbalance_change_15m=Q5,up_first_1atr_1h,perp_taker_imbalance_change_15m,5,20536,-1.5863454857323322e-05,9788,-0.00487614946383208,10748,0.004318588440301974,20520,0.000975607647315524,9419,0.004456294633085889,11101,-0.002005432102014759,,,False
perp_taker_imbalance_change_1h=Q1,direction_1h_atr,perp_taker_imbalance_change_1h,1,21079,0.0014558768367131866,10079,-0.001931151248801083,11000,0.005580397680223843,21079,-0.012086032245788986,9671,-0.036783140989642166,11408,0.012751687726570322,,,False
perp_taker_imbalance_change_1h=Q1,up_first_1atr_1h,perp_taker_imbalance_change_1h,1,20535,0.005705946648447646,9806,0.004521802183495904,10729,0.0067004321250059284,20525,-0.0024583375486015857,9428,-0.001748272156894326,11097,-0.003089127104694278,,,False
perp_taker_imbalance_change_1h=Q2,direction_1h_atr,perp_taker_imbalance_change_1h,2,21079,0.009676594026233151,10707,0.013196470523536646,10372,0.005432125333880489,21079,-0.008682508252012337,11027,-0.004959337446596032,10052,-0.015755704799119585,,,False
perp_taker_imbalance_change_1h=Q2,up_first_1atr_1h,perp_taker_imbalance_change_1h,2,20487,-0.0007787299996417918,10406,0.003423559900346762,10081,-0.005063040388514406,20537,-0.004401899559047462,10747,-0.006942842740651656,9790,-0.0015911286302885963,-1,0.0007787299996417918,False
perp_taker_imbalance_change_1h=Q3,direction_1h_atr,perp_taker_imbalance_change_1h,3,21078,-0.02025606739633084,10830,-0.05309994643072882,10248,0.013497649111670527,21078,0.013630745515213188,11101,0.008559275364201167,9977,0.015851700841241323,,,False
perp_taker_imbalance_change_1h=Q3,up_first_1atr_1h,perp_taker_imbalance_change_1h,3,20472,-0.0023199026221340513,10513,-0.005941880020014667,9959,0.001584948435896849,20470,-0.0009385471420353397,10770,-0.0024144558590888376,9700,0.0007240888754768138,-1,0.0009385471420353397,False
perp_taker_imbalance_change_1h=Q4,direction_1h_atr,perp_taker_imbalance_change_1h,4,21079,0.009367573945385899,10820,0.018366350699293696,10259,-0.0010490583163942496,21079,-0.013620409550920639,10920,-0.020374700592866647,10159,-0.008738539913467494,,,False
perp_taker_imbalance_change_1h=Q4,up_first_1atr_1h,perp_taker_imbalance_change_1h,4,20509,-0.003018008721475951,10527,-0.0033640802983891382,9982,-0.0025728820793539664,20463,0.0061699421372078955,10607,0.008740394579983712,9856,0.003420818692052019,,,False
perp_taker_imbalance_change_1h=Q5,direction_1h_atr,perp_taker_imbalance_change_1h,5,21079,-0.0002449383716007919,9966,0.025538628217900303,11113,-0.022072167486185717,21079,0.020758851183991022,9683,0.055550096580662074,11396,-0.0049554669406908225,,,False
perp_taker_imbalance_change_1h=Q5,up_first_1atr_1h,perp_taker_imbalance_change_1h,5,20535,0.0003979359350315126,9694,0.0018479782769947328,10841,-0.0010100930421143017,20476,0.0016514809275728903,9402,0.002594316647679451,11074,0.0008233647869179683,1,0.0003979359350315126,False
taker_imbalance_diff_change_15m=Q1,direction_1h_atr,taker_imbalance_diff_change_15m,1,21079,6.337577744527922e-05,9681,0.023892325495282224,11398,-0.01821370897484678,21079,-0.021443020433598338,9732,-0.03707916931441942,11347,-0.004405879250982375,,,False
taker_imbalance_diff_change_15m=Q1,up_first_1atr_1h,taker_imbalance_diff_change_15m,1,20550,0.00241901797584132,9438,0.006244910501824241,11112,-0.0009954747115346052,20462,-0.0008429823392006597,9452,-0.008714223516697928,11010,0.0058886534231701315,,,False
taker_imbalance_diff_change_15m=Q2,direction_1h_atr,taker_imbalance_diff_change_15m,2,21079,0.008330022108784335,10862,-0.014153835907163584,10217,0.031188714246954193,21079,0.011568583951411037,10935,0.031825884750628496,10144,-0.012731511421748566,1,0.008330022108784335,False
taker_imbalance_diff_change_15m=Q2,up_first_1atr_1h,taker_imbalance_diff_change_15m,2,20469,-0.003712975107521721,10530,-0.005213888835762959,9939,-0.0020368432583744434,20496,0.0029229281343253755,10629,0.005063089543448196,9867,0.0006348818028542591,,,False
taker_imbalance_diff_change_15m=Q3,direction_1h_atr,taker_imbalance_diff_change_15m,3,21078,0.0011019899453226373,11210,-0.01374458343041085,9868,0.015898152700208654,21078,-0.008912350333440169,11127,-0.03217961629435863,9951,0.013530175618827535,,,False
taker_imbalance_diff_change_15m=Q3,up_first_1atr_1h,taker_imbalance_diff_change_15m,3,20486,-0.003488062831584482,10880,-0.0021663111864696494,9606,-0.004811765285865188,20466,-0.006363265040119859,10799,-0.004200729786753121,9667,-0.008753771290738566,-1,0.003488062831584482,True
taker_imbalance_diff_change_15m=Q4,direction_1h_atr,taker_imbalance_diff_change_15m,4,21079,0.0055654737541660365,10918,0.006375797164049596,10161,0.0034902735856504885,21079,-0.0004054984789608265,10889,0.011124557285132994,10190,-0.014930372712910924,,,False
taker_imbalance_diff_change_15m=Q4,up_first_1atr_1h,taker_imbalance_diff_change_15m,4,20476,0.0010508599423902365,10614,0.0026773712695540297,9862,-0.0005936553056776761,20466,0.00365334787886773,10572,0.004733294492130613,9894,0.0025150733104879475,1,0.0010508599423902365,False
taker_imbalance_diff_change_15m=Q5,direction_1h_atr,taker_imbalance_diff_change_15m,5,21079,-0.015060809306675388,9731,0.000709401841701332,11348,-0.026736242449355064,21079,0.019191862487513315,9719,0.02569870483067422,11360,0.01731018345816232,,,False
taker_imbalance_diff_change_15m=Q5,up_first_1atr_1h,taker_imbalance_diff_change_15m,5,20557,0.003708182860328979,9484,-0.0009368798842144255,11073,0.00753023987177559,20581,0.0006220268308524957,9502,0.002512581932104796,11079,-0.001025352577332106,1,0.0006220268308524957,False
taker_imbalance_diff_change_1h=Q1,direction_1h_atr,taker_imbalance_diff_change_1h,1,21079,0.006008313333306273,9586,0.025138261344149537,11493,-0.007770179996819254,21079,-0.005498779596063189,9722,-0.007422329759179502,11357,-0.00018047776401023015,,,False
taker_imbalance_diff_change_1h=Q1,up_first_1atr_1h,taker_imbalance_diff_change_1h,1,20559,-0.0006695684425245263,9344,-0.0009009505901763082,11215,-0.0006610770317841408,20478,-0.0005945412330404798,9448,-0.0048037841041198015,11030,0.002984839779758497,-1,0.0005945412330404798,False
taker_imbalance_diff_change_1h=Q2,direction_1h_atr,taker_imbalance_diff_change_1h,2,21079,-0.016407160308639673,11000,-0.039128661738418676,10079,0.006948686783645519,21079,-0.0033255243593433553,10930,-0.03262880183520507,10149,0.025797849288325236,-1,0.0033255243593433553,False
taker_imbalance_diff_change_1h=Q2,up_first_1atr_1h,taker_imbalance_diff_change_1h,2,20477,-0.004540703137883462,10682,-0.005459973835015286,9795,-0.0034150820617827593,20504,-0.0006366865163678348,10649,-0.0027315112745998626,9855,0.0016449673870910786,-1,0.0006366865163678348,False
taker_imbalance_diff_change_1h=Q3,direction_1h_atr,taker_imbalance_diff_change_1h,3,21078,0.02824434834874502,11253,0.019431514446961423,9825,0.03613710654784814,21078,-0.023853902928440387,11138,-0.024366953187995245,9940,-0.026918256434275346,,,False
taker_imbalance_diff_change_1h=Q3,up_first_1atr_1h,taker_imbalance_diff_change_1h,3,20473,0.0035661391679210896,10927,0.0072398195393633125,9546,-0.0004512756327532119,20446,-0.0019232707561011586,10804,-0.00229910602992206,9642,-0.0014762075082567216,,,False
taker_imbalance_diff_change_1h=Q4,direction_1h_atr,taker_imbalance_diff_change_1h,4,21079,-0.02716425203873827,10926,-0.013164672353413606,10153,-0.04345719049021469,21079,0.013350078315475324,10844,0.02571819253655392,10235,-0.0017064537566240847,,,False
taker_imbalance_diff_change_1h=Q4,up_first_1atr_1h,taker_imbalance_diff_change_1h,4,20460,0.0020271549138581313,10589,0.004327360451134299,9871,-0.00033853911928444225,20475,0.00553411931109038,10529,0.013518167951366011,9946,-0.0029042049420657245,1,0.0020271549138581313,False
taker_imbalance_diff_change_1h=Q5,direction_1h_atr,taker_imbalance_diff_change_1h,5,21079,0.00932009059361305,9637,0.011893149729099092,11442,0.009215228790912619,21079,0.01932699692536537,9768,0.04313101338237462,11311,0.002233254061921655,1,0.00932009059361305,True
taker_imbalance_diff_change_1h=Q5,up_first_1atr_1h,taker_imbalance_diff_change_1h,5,20569,-0.0003762711341379621,9404,-0.00618779297144223,11165,0.004345213125243164,20568,-0.0023705884535941135,9524,-0.004516929129957659,11044,-0.0005446505996125062,-1,0.0003762711341379621,False
perp_spot_basis_bps_change_15m=Q1,direction_1h_atr,perp_spot_basis_bps_change_15m,1,21079,-0.0073319627824139505,11192,-0.0013753496048035663,9887,-0.016087956749800986,21079,0.004878951558775477,11292,-0.005558349616209095,9787,0.012362860898471176,,,False
perp_spot_basis_bps_change_15m=Q1,up_first_1atr_1h,perp_spot_basis_bps_change_15m,1,20452,0.0022714003626107537,10857,0.00035396070371779276,9595,0.004613069830540328,20467,-0.002625003749092969,10962,-0.012595943794875109,9505,0.008906759960147448,,,False
perp_spot_basis_bps_change_15m=Q2,direction_1h_atr,perp_spot_basis_bps_change_15m,2,21079,0.02341734577310084,10027,0.02943448271118569,11052,0.01910615608705061,21079,-0.02866109669904631,10066,-0.011920477141910961,11013,-0.04189305813616524,,,False
perp_spot_basis_bps_change_15m=Q2,up_first_1atr_1h,perp_spot_basis_bps_change_15m,2,20506,-0.0058716561915675425,9756,-0.00859467050682755,10750,-0.00349590165412339,20522,-0.00355575820681564,9795,-0.00563663874189102,10727,-0.0016706583612386972,-1,0.00355575820681564,True
perp_spot_basis_bps_change_15m=Q3,direction_1h_atr,perp_spot_basis_bps_change_15m,3,21078,0.004618138030915098,9946,0.018912573615282452,11132,-0.006811420145129317,21078,0.013293201523377134,9802,-0.017380302288061256,11276,0.043262647822085255,1,0.004618138030915098,False
perp_spot_basis_bps_change_15m=Q3,up_first_1atr_1h,perp_spot_basis_bps_change_15m,3,20537,-0.00130608941149013,9695,0.0074696347984224976,10842,-0.009264802097275149,20496,0.0028253481187126006,9519,4.797011728274736e-05,10977,0.005209775442234443,,,False
perp_spot_basis_bps_change_15m=Q4,direction_1h_atr,perp_spot_basis_bps_change_15m,4,21079,-0.0188887024687016,10122,-0.03957068119950241,10957,0.0011324661727202395,21079,-0.03125931215128359,9980,-0.03210541149705767,11099,-0.028019427013669586,-1,0.0188887024687016,False
perp_spot_basis_bps_change_15m=Q4,up_first_1atr_1h,perp_spot_basis_bps_change_15m,4,20535,-0.0008681950608292466,9840,-0.003813997700099492,10695,0.001761586630991352,20507,-0.004805224001384112,9720,-0.001653597507701221,10787,-0.007662466533429835,-1,0.0008681950608292466,False
perp_spot_basis_bps_change_15m=Q5,direction_1h_atr,perp_spot_basis_bps_change_15m,5,21079,-0.0018145994657505632,11115,-0.006056380336872086,9964,0.0011357575785109,21079,0.041748886405376565,11262,0.05980555288092001,9817,0.01665793350546356,,,False
perp_spot_basis_bps_change_15m=Q5,up_first_1atr_1h,perp_spot_basis_bps_change_15m,5,20508,0.0057831600090731405,10798,0.004178392489592342,9710,0.0077165142201850445,20479,0.008170790331959776,10958,0.019064058458175215,9521,-0.004334658094054422,1,0.0057831600090731405,False
perp_spot_basis_bps_change_1h=Q1,direction_1h_atr,perp_spot_basis_bps_change_1h,1,21079,0.01976617530875377,11262,0.06324004726161737,9817,-0.0323337616136188,21079,0.039826263775358944,11352,0.04563636392911937,9727,0.028119900468613887,1,0.01976617530875377,False
perp_spot_basis_bps_change_1h=Q1,up_first_1atr_1h,perp_spot_basis_bps_change_1h,1,20420,0.004131784668483129,10887,0.007987249927973339,9533,-8.670129990706599e-05,20447,0.0009381051840936516,10994,-0.002357853701315249,9453,0.00480568191145192,1,0.0009381051840936516,False
perp_spot_basis_bps_change_1h=Q2,direction_1h_atr,perp_spot_basis_bps_change_1h,2,21079,-0.008186384461037366,10038,-0.03558494452116603,11041,0.017844372405995935,21079,-0.016503170375012446,9958,-0.009765535930053297,11121,-0.01995326299669712,-1,0.008186384461037366,False
perp_spot_basis_bps_change_1h=Q2,up_first_1atr_1h,perp_spot_basis_bps_change_1h,2,20555,0.0013730911082183161,9776,-0.0020226520452353847,10779,0.004356679915983874,20495,-0.0022247521608819154,9703,0.003024318066328968,10792,-0.006961902274898013,,,False
perp_spot_basis_bps_change_1h=Q3,direction_1h_atr,perp_spot_basis_bps_change_1h,3,21078,0.036070798453872746,9994,9.255250665747561e-05,11084,0.06973756257386846,21078,0.00458000218641947,9871,0.03782517427923585,11207,-0.021714513707165622,1,0.00458000218641947,False
perp_spot_basis_bps_change_1h=Q3,up_first_1atr_1h,perp_spot_basis_bps_change_1h,3,20499,-0.0005816126406423816,9730,-9.749355150195926e-05,10769,-0.0011192952451156701,20552,0.002149068092251627,9616,0.005035870662632169,10936,-0.00041094985030543096,,,False
perp_spot_basis_bps_change_1h=Q4,direction_1h_atr,perp_spot_basis_bps_change_1h,4,21079,-0.004377712422978193,9900,0.023570161362840472,11179,-0.027675376355653727,21079,-0.0042076828602009494,9936,-0.0182956378862658,11143,0.011040659146594686,-1,0.0042076828602009494,False
perp_spot_basis_bps_change_1h=Q4,up_first_1atr_1h,perp_spot_basis_bps_change_1h,4,20556,-0.0018619137286142728,9660,-0.001057470911229097,10896,-0.002695625043120431,20517,0.001340623735813784,9677,-0.0023540939119281457,10840,0.004619930926680893,,,False
perp_spot_basis_bps_change_1h=Q5,direction_1h_atr,perp_spot_basis_bps_change_1h,5,21079,-0.04327116565898697,11208,-0.05257649057820536,9871,-0.03476722614351235,21079,-0.02369519544860181,11285,-0.054267224971581055,9794,0.00701515786948764,-1,0.02369519544860181,False
perp_spot_basis_bps_change_1h=Q5,up_first_1atr_1h,perp_spot_basis_bps_change_1h,5,20508,-0.0030426640595830334,10893,-0.005142748766458927,9615,-0.0004897460590623792,20460,-0.0022120413382961113,10964,-0.0026511382808713235,9496,-0.001672405796180887,-1,0.0022120413382961113,True
log_quote_volume_ratio_change_15m=Q1,direction_1h_atr,log_quote_volume_ratio_change_15m,1,21079,-0.005927474424630978,10154,-0.00852630204240866,10925,-0.002676009198947768,21079,-0.012659428901996419,10152,0.0011986461874364113,10927,-0.02388187071303395,-1,0.005927474424630978,False
log_quote_volume_ratio_change_15m=Q1,up_first_1atr_1h,log_quote_volume_ratio_change_15m,1,20499,-0.0077526941568139,9858,-0.011205233739666198,10641,-0.004627129485045067,20519,0.0014384150467618984,9885,-7.853990077716366e-05,10634,0.002836783228737816,,,False
log_quote_volume_ratio_change_15m=Q2,direction_1h_atr,log_quote_volume_ratio_change_15m,2,21079,0.004784136502101313,10744,-0.009217059379307169,10335,0.01862617508121866,21079,0.020990794887066563,10718,0.035366169483328345,10361,0.0048599122472043985,1,0.004784136502101313,False
log_quote_volume_ratio_change_15m=Q2,up_first_1atr_1h,log_quote_volume_ratio_change_15m,2,20505,0.0073686029978316525,10450,0.008879723854340937,10055,0.0058599897801970835,20470,0.006291545676723853,10400,0.009924037819934062,10070,0.0025486366288322015,1,0.006291545676723853,True
log_quote_volume_ratio_change_15m=Q3,direction_1h_atr,log_quote_volume_ratio_change_15m,3,21078,-0.011051369966922651,10752,0.011276987601631136,10326,-0.035037772063647075,21078,0.007178788695587746,10772,0.015378411649961128,10306,-0.002949212658202402,,,False
log_quote_volume_ratio_change_15m=Q3,up_first_1atr_1h,log_quote_volume_ratio_change_15m,3,20506,-0.0008975022853937586,10444,-0.0017454742860258388,10062,4.295741961940491e-05,20513,-0.002949980262562213,10479,-0.006480446973829268,10034,0.0007479664545944065,-1,0.0008975022853937586,False
log_quote_volume_ratio_change_15m=Q4,direction_1h_atr,log_quote_volume_ratio_change_15m,4,21079,7.544182072952155e-05,10588,-0.0062553098192354994,10491,0.0061780716862301355,21079,0.011102135698007966,10646,-0.008843888020606705,10433,0.030583284373764688,1,7.544182072952155e-05,False
log_quote_volume_ratio_change_15m=Q4,up_first_1atr_1h,log_quote_volume_ratio_change_15m,4,20481,0.0032728126803511226,10289,0.00929925490924649,10192,-0.0027846643864077314,20455,0.0032861638389842796,10333,0.0017793985387662414,10122,0.004830607900077721,1,0.0032728126803511226,False
log_quote_volume_ratio_change_15m=Q5,direction_1h_atr,log_quote_volume_ratio_change_15m,5,21079,0.012118741785314358,10164,0.012847816468242929,10915,0.012251009189472167,21079,-0.026611949812761604,10114,-0.04575118440213266,10965,-0.007120580914547732,,,False
log_quote_volume_ratio_change_15m=Q5,up_first_1atr_1h,log_quote_volume_ratio_change_15m,5,20547,-0.00198554638594417,9905,-0.00603555985766957,10642,0.001716232802155604,20514,-0.008043692821854853,9857,-0.005367915965349301,10657,-0.010531259479846455,-1,0.00198554638594417,False
log_quote_volume_ratio_change_1h=Q1,direction_1h_atr,log_quote_volume_ratio_change_1h,1,21079,0.02424259902156564,10114,0.025222974928437975,10965,0.024273354397907766,21079,0.01755309710062403,10179,0.03567284114169341,10900,0.0021525771367860574,1,0.01755309710062403,True
log_quote_volume_ratio_change_1h=Q1,up_first_1atr_1h,log_quote_volume_ratio_change_1h,1,20554,0.0019325325515349712,9835,0.0009101395895703135,10719,0.002787069032572864,20529,0.003680702622075205,9913,0.003566913530927418,10616,0.003776047016854578,1,0.0019325325515349712,True
log_quote_volume_ratio_change_1h=Q2,direction_1h_atr,log_quote_volume_ratio_change_1h,2,21079,-0.0007780451659322382,10706,0.008210722825708977,10373,-0.010663525443803966,21079,-0.009922263869134916,10656,0.006826228344472551,10423,-0.027970833046168327,-1,0.0007780451659322382,False
log_quote_volume_ratio_change_1h=Q2,up_first_1atr_1h,log_quote_volume_ratio_change_1h,2,20475,-0.002050559486436898,10408,-0.0030137221147149007,10067,-0.0009993633445186667,20475,-0.002036088259117219,10365,-0.001298502905139165,10110,-0.002785144607754031,-1,0.002036088259117219,True
log_quote_volume_ratio_change_1h=Q3,direction_1h_atr,log_quote_volume_ratio_change_1h,3,21078,-0.012462689788814749,10732,-0.022529987133782944,10346,-0.0027011738440511288,21078,0.0018935972035271434,10766,-0.011541906945207327,10312,0.014395890614651454,,,False
log_quote_volume_ratio_change_1h=Q3,up_first_1atr_1h,log_quote_volume_ratio_change_1h,3,20460,-0.0016385342357019828,10416,-0.0029124765881141657,10044,-0.0002582218638054745,20476,0.005167792707217345,10437,0.00631298505646688,10039,0.003987177263752251,,,False
log_quote_volume_ratio_change_1h=Q4,direction_1h_atr,log_quote_volume_ratio_change_1h,4,21079,-0.011899117347180799,10754,0.0036377876611326104,10325,-0.028822604461958837,21079,0.016843587574193904,10638,0.029996982154378286,10441,0.0026127142273544715,,,False
log_quote_volume_ratio_change_1h=Q4,up_first_1atr_1h,log_quote_volume_ratio_change_1h,4,20526,-0.0022582046458505256,10462,0.0019918571707222,10064,-0.0066141587621206255,20461,0.00010978274751327621,10337,0.0027479768440520913,10124,-0.0025776092431104014,,,False
log_quote_volume_ratio_change_1h=Q5,direction_1h_atr,log_quote_volume_ratio_change_1h,5,21079,0.000896662043121832,10096,-0.013900367827488463,10983,0.015478025504488534,21079,-0.026367928175859257,10163,-0.062058630837958345,10916,0.008459795601241358,,,False
log_quote_volume_ratio_change_1h=Q5,up_first_1atr_1h,log_quote_volume_ratio_change_1h,5,20523,0.0040023510424274655,9825,0.0032481570817536887,10698,0.004612495046846576,20530,-0.006913503423916723,9902,-0.011734426670534037,10628,-0.0024332197704264313,,,False
log_trade_count_ratio_change_15m=Q1,direction_1h_atr,log_trade_count_ratio_change_15m,1,21079,-0.005480038729697198,10910,0.03094089528190469,10169,-0.04573646408685621,21079,-0.011249943127656151,10045,0.0048546547928308564,11034,-0.023741216173110598,-1,0.005480038729697198,False
log_trade_count_ratio_change_15m=Q1,up_first_1atr_1h,log_trade_count_ratio_change_15m,1,20534,0.0017370702620382872,10631,0.0020677597464844877,9903,0.0014848206545967635,20509,0.0046061988668599785,9773,0.00825569529067377,10736,0.0012685140295014552,1,0.0017370702620382872,True
log_trade_count_ratio_change_15m=Q2,direction_1h_atr,log_trade_count_ratio_change_15m,2,21079,0.00041715133751165506,10213,-0.005540160919996234,10866,0.006705139361270873,21079,0.018019309227171067,10951,0.023924885392712418,10128,0.009079917202838808,1,0.00041715133751165506,False
log_trade_count_ratio_change_15m=Q2,up_first_1atr_1h,log_trade_count_ratio_change_15m,2,20462,0.0001212401948926245,9892,0.0017861176924818811,10570,-0.0014984978566272011,20476,0.005070117380004957,10638,0.00586191292659094,9838,0.004232135729354991,1,0.0001212401948926245,False
log_trade_count_ratio_change_15m=Q3,direction_1h_atr,log_trade_count_ratio_change_15m,3,21078,-0.013802643470774367,10291,-0.028117124108956205,10787,0.0003437942066814928,21078,0.0016914737917199558,10775,0.014509295864734088,10303,-0.013287639482406336,,,False
log_trade_count_ratio_change_15m=Q3,up_first_1atr_1h,log_trade_count_ratio_change_15m,3,20480,-0.004612897322212206,9987,-0.004753175948896071,10493,-0.00452202094960058,20455,-0.0038025675225409894,10451,-0.007754644013972134,10004,0.00033706842592468034,-1,0.0038025675225409894,False
log_trade_count_ratio_change_15m=Q4,direction_1h_atr,log_trade_count_ratio_change_15m,4,21079,0.013330626475772184,10203,0.007720173327545779,10876,0.019307681405672815,21079,-0.02438479984843438,10581,-0.02542349817293632,10498,-0.02386419049987675,,,False
log_trade_count_ratio_change_15m=Q4,up_first_1atr_1h,log_trade_count_ratio_change_15m,4,20514,0.004027333891836682,9913,0.010213683369105053,10601,-0.0018200790573082992,20497,-0.003931650211272841,10283,-0.005529015763650447,10214,-0.0023200046367632954,,,False
log_trade_count_ratio_change_15m=Q5,direction_1h_atr,log_trade_count_ratio_change_15m,5,21079,0.0055342495817666815,10785,-0.006527501929099663,10294,0.017343812699057756,21079,0.015924040201698384,10050,-0.019711249363606943,11029,0.05054202550355332,1,0.0055342495817666815,False
log_trade_count_ratio_change_15m=Q5,up_first_1atr_1h,log_trade_count_ratio_change_15m,5,20548,-0.0012796577733510395,10523,-0.008878542726904859,10025,0.0067709892581307995,20534,-0.001943883460571727,9809,-0.0005243435723508716,10725,-0.003256878610645275,-1,0.0012796577733510395,False
log_trade_count_ratio_change_1h=Q1,direction_1h_atr,log_trade_count_ratio_change_1h,1,21079,0.014925193850155408,10911,0.025077083177839563,10168,0.002847062589205779,21079,-0.018130831115366983,10171,-0.03507639525400465,10908,-0.0007703299101828927,,,False
log_trade_count_ratio_change_1h=Q1,up_first_1atr_1h,log_trade_count_ratio_change_1h,1,20558,-0.000645406716365371,10632,0.002773341028818266,9926,-0.004207418038155941,20510,0.005849496008719646,9908,0.010378953816331749,10602,0.0016057742995457813,,,False
log_trade_count_ratio_change_1h=Q2,direction_1h_atr,log_trade_count_ratio_change_1h,2,21079,0.0011760146570103727,10300,-0.001524858570221041,10779,0.004225317280303016,21079,-0.010142857545997313,10709,0.005757926184670546,10370,-0.02777482667461502,,,False
log_trade_count_ratio_change_1h=Q2,up_first_1atr_1h,log_trade_count_ratio_change_1h,2,20515,-0.002431423781510289,10023,-0.0017293107727153756,10492,-0.0031405833163422603,20487,-0.0035453380272628676,10408,-0.002666351229909214,10079,-0.004444420109725622,-1,0.002431423781510289,True
log_trade_count_ratio_change_1h=Q3,direction_1h_atr,log_trade_count_ratio_change_1h,3,21078,-0.0063134721292650575,10273,0.0017309884706922796,10805,-0.013425910265809627,21078,0.023580541761640057,10757,0.08420052286980162,10321,-0.041075726194315876,,,False
log_trade_count_ratio_change_1h=Q3,up_first_1atr_1h,log_trade_count_ratio_change_1h,3,20434,0.00021570100043627471,9957,0.0006443500243840661,10477,-0.00023599457083356423,20436,-0.00011594733134273616,10422,0.005979294451615658,10014,-0.006449332252469853,,,False
log_trade_count_ratio_change_1h=Q4,direction_1h_atr,log_trade_count_ratio_change_1h,4,21079,-0.008250087575033559,10104,0.006222829595617929,10975,-0.02061472104223707,21079,-0.002792484916600722,10604,-0.02504350069521487,10475,0.019084385277905274,-1,0.002792484916600722,False
log_trade_count_ratio_change_1h=Q4,up_first_1atr_1h,log_trade_count_ratio_change_1h,4,20531,-0.0026223194308528375,9828,-0.004433804722345558,10703,-0.0010416104208460508,20511,0.0021684848967503667,10330,0.0013428888140513129,10181,0.003011207492427559,,,False
log_trade_count_ratio_change_1h=Q5,direction_1h_atr,log_trade_count_ratio_change_1h,5,21079,-0.001537948317651007,10814,-0.03130829721413687,10265,0.028915722989692562,21079,0.007486750490918719,10161,-0.033961554819560376,10918,0.047670026153279824,,,False
log_trade_count_ratio_change_1h=Q5,up_first_1atr_1h,log_trade_count_ratio_change_1h,5,20500,0.005491713958275579,10506,0.0023801979511660076,9994,0.008838773569615488,20527,-0.0043575835255143525,9886,-0.015301592052924196,10641,0.005798082967575335,,,False
