status;source_name;source_version;run_stage;ticks_seen;days_initialized;nr7_setup_days;non_nr7_days;reference_unusable_days;ambiguous_days;entry_signals;trades_opened;trades_closed;stop_exits;eod_exits;test_end_exits;invalid_price;invalid_risk;risk_fallbacks;pnl_fallbacks;risk_calc_failures;pnl_calc_failures;path_calc_failures;csv_trade_rows;path_rows;symbol;timeframe;asset_class;commission_rule;fatal_status;trades_name;stats_name;trades_csv_fullpath;stats_csv_fullpath
INIT;D038_NR7_TickPath_M15_v1_00.mq5;1.00;RUN;0;0;0;0;0;0;0;0;0;0;0;0;0;0;0;0;0;0;0;0;0;EURUSD;PERIOD_M15;FOREX;USD5_PER_LOT_PER_SIDE;;D038_V100_RUN_EURUSD_TRADES.csv;D038_V100_RUN_EURUSD_STATS.csv;C:\Users\<REDACTED>\AppData\Roaming\MetaQuotes\Terminal\Common\Files\D038_V100_RUN_EURUSD_TRADES.csv;C:\Users\<REDACTED>\AppData\Roaming\MetaQuotes\Terminal\Common\Files\D038_V100_RUN_EURUSD_STATS.csv
READY;D038_NR7_TickPath_M15_v1_00.mq5;1.00;RUN;0;0;0;0;0;0;0;0;0;0;0;0;0;0;0;0;0;0;0;0;0;EURUSD;PERIOD_M15;FOREX;USD5_PER_LOT_PER_SIDE;;D038_V100_RUN_EURUSD_TRADES.csv;D038_V100_RUN_EURUSD_STATS.csv;C:\Users\<REDACTED>\AppData\Roaming\MetaQuotes\Terminal\Common\Files\D038_V100_RUN_EURUSD_TRADES.csv;C:\Users\<REDACTED>\AppData\Roaming\MetaQuotes\Terminal\Common\Files\D038_V100_RUN_EURUSD_STATS.csv
PROGRESS;D038_NR7_TickPath_M15_v1_00.mq5;1.00;RUN;250000;4;1;3;0;0;1;1;1;0;1;0;0;0;0;0;0;0;0;1;1;EURUSD;PERIOD_M15;FOREX;USD5_PER_LOT_PER_SIDE;;D038_V100_RUN_EURUSD_TRADES.csv;D038_V100_RUN_EURUSD_STATS.csv;C:\Users\<REDACTED>\AppData\Roaming\MetaQuotes\Terminal\Common\Files\D038_V100_RUN_EURUSD_TRADES.csv;C:\Users\<REDACTED>\AppData\Roaming\MetaQuotes\Terminal\Common\Files\D038_V100_RUN_EURUSD_STATS.csv
PROGRESS;D038_NR7_TickPath_M15_v1_00.mq5;1.00;RUN;500000;8;2;6;0;0;2;2;1;0;1;0;0;0;0;0;0;0;0;1;1;EURUSD;PERIOD_M15;FOREX;USD5_PER_LOT_PER_SIDE;;D038_V100_RUN_EURUSD_TRADES.csv;D038_V100_RUN_EURUSD_STATS.csv;C:\Users\<REDACTED>\AppData\Roaming\MetaQuotes\Terminal\Common\Files\D038_V100_RUN_EURUSD_TRADES.csv;C:\Users\<REDACTED>\AppData\Roaming\MetaQuotes\Terminal\Common\Files\D038_V100_RUN_EURUSD_STATS.csv
PROGRESS;D038_NR7_TickPath_M15_v1_00.mq5;1.00;RUN;750000;11;3;8;0;0;3;3;2;0;2;0;0;0;0;0;0;0;0;2;2;EURUSD;PERIOD_M15;FOREX;USD5_PER_LOT_PER_SIDE;;D038_V100_RUN_EURUSD_TRADES.csv;D038_V100_RUN_EURUSD_STATS.csv;C:\Users\<REDACTED>\AppData\Roaming\MetaQuotes\Terminal\Common\Files\D038_V100_RUN_EURUSD_TRADES.csv;C:\Users\<REDACTED>\AppData\Roaming\MetaQuotes\Terminal\Common\Files\D038_V100_RUN_EURUSD_STATS.csv
PROGRESS;D038_NR7_TickPath_M15_v1_00.mq5;1.00;RUN;1000000;15;4;11;0;0;4;4;3;0;3;0;0;0;0;0;0;0;0;3;3;EURUSD;PERIOD_M15;FOREX;USD5_PER_LOT_PER_SIDE;;D038_V100_RUN_EURUSD_TRADES.csv;D038_V100_RUN_EURUSD_STATS.csv;C:\Users\<REDACTED>\AppData\Roaming\MetaQuotes\Terminal\Common\Files\D038_V100_RUN_EURUSD_TRADES.csv;C:\Users\<REDACTED>\AppData\Roaming\MetaQuotes\Terminal\Common\Files\D038_V100_RUN_EURUSD_STATS.csv
PROGRESS;D038_NR7_TickPath_M15_v1_00.mq5;1.00;RUN;1250000;19;5;14;0;0;5;5;5;1;4;0;0;0;0;0;0;0;0;5;5;EURUSD;PERIOD_M15;FOREX;USD5_PER_LOT_PER_SIDE;;D038_V100_RUN_EURUSD_TRADES.csv;D038_V100_RUN_EURUSD_STATS.csv;C:\Users\<REDACTED>\AppData\Roaming\MetaQuotes\Terminal\Common\Files\D038_V100_RUN_EURUSD_TRADES.csv;C:\Users\<REDACTED>\AppData\Roaming\MetaQuotes\Terminal\Common\Files\D038_V100_RUN_EURUSD_STATS.csv
PROGRESS;D038_NR7_TickPath_M15_v1_00.mq5;1.00;RUN;1500000;23;5;18;0;0;5;5;5;1;4;0;0;0;0;0;0;0;0;5;5;EURUSD;PERIOD_M15;FOREX;USD5_PER_LOT_PER_SIDE;;D038_V100_RUN_EURUSD_TRADES.csv;D038_V100_RUN_EURUSD_STATS.csv;C:\Users\<REDACTED>\AppData\Roaming\MetaQuotes\Terminal\Common\Files\D038_V100_RUN_EURUSD_TRADES.csv;C:\Users\<REDACTED>\AppData\Roaming\MetaQuotes\Terminal\Common\Files\D038_V100_RUN_EURUSD_STATS.csv
PROGRESS;D038_NR7_TickPath_M15_v1_00.mq5;1.00;RUN;1750000;26;5;21;0;0;5;5;5;1;4;0;0;0;0;0;0;0;0;5;5;EURUSD;PERIOD_M15;FOREX;USD5_PER_LOT_PER_SIDE;;D038_V100_RUN_EURUSD_TRADES.csv;D038_V100_RUN_EURUSD_STATS.csv;C:\Users\<REDACTED>\AppData\Roaming\MetaQuotes\Terminal\Common\Files\D038_V100_RUN_EURUSD_TRADES.csv;C:\Users\<REDACTED>\AppData\Roaming\MetaQuotes\Terminal\Common\Files\D038_V100_RUN_EURUSD_STATS.csv
PROGRESS;D038_NR7_TickPath_M15_v1_00.mq5;1.00;RUN;2000000;30;7;23;0;0;7;7;7;2;5;0;0;0;0;0;0;0;0;7;7;EURUSD;PERIOD_M15;FOREX;USD5_PER_LOT_PER_SIDE;;D038_V100_RUN_EURUSD_TRADES.csv;D038_V100_RUN_EURUSD_STATS.csv;C:\Users\<REDACTED>\AppData\Roaming\MetaQuotes\Terminal\Common\Files\D038_V100_RUN_EURUSD_TRADES.csv;C:\Users\<REDACTED>\AppData\Roaming\MetaQuotes\Terminal\Common\Files\D038_V100_RUN_EURUSD_STATS.csv
PROGRESS;D038_NR7_TickPath_M15_v1_00.mq5;1.00;RUN;2250000;34;7;27;0;0;7;7;7;2;5;0;0;0;0;0;0;0;0;7;7;EURUSD;PERIOD_M15;FOREX;USD5_PER_LOT_PER_SIDE;;D038_V100_RUN_EURUSD_TRADES.csv;D038_V100_RUN_EURUSD_STATS.csv;C:\Users\<REDACTED>\AppData\Roaming\MetaQuotes\Terminal\Common\Files\D038_V100_RUN_EURUSD_TRADES.csv;C:\Users\<REDACTED>\AppData\Roaming\MetaQuotes\Terminal\Common\Files\D038_V100_RUN_EURUSD_STATS.csv
PROGRESS;D038_NR7_TickPath_M15_v1_00.mq5;1.00;RUN;2500000;38;8;30;0;0;8;8;8;3;5;0;0;0;0;0;0;0;0;8;8;EURUSD;PERIOD_M15;FOREX;USD5_PER_LOT_PER_SIDE;;D038_V100_RUN_EURUSD_TRADES.csv;D038_V100_RUN_EURUSD_STATS.csv;C:\Users\<REDACTED>\AppData\Roaming\MetaQuotes\Terminal\Common\Files\D038_V100_RUN_EURUSD_TRADES.csv;C:\Users\<REDACTED>\AppData\Roaming\MetaQuotes\Terminal\Common\Files\D038_V100_RUN_EURUSD_STATS.csv
PROGRESS;D038_NR7_TickPath_M15_v1_00.mq5;1.00;RUN;2750000;42;8;34;0;0;8;8;8;3;5;0;0;0;0;0;0;0;0;8;8;EURUSD;PERIOD_M15;FOREX;USD5_PER_LOT_PER_SIDE;;D038_V100_RUN_EURUSD_TRADES.csv;D038_V100_RUN_EURUSD_STATS.csv;C:\Users\<REDACTED>\AppData\Roaming\MetaQuotes\Terminal\Common\Files\D038_V100_RUN_EURUSD_TRADES.csv;C:\Users\<REDACTED>\AppData\Roaming\MetaQuotes\Terminal\Common\Files\D038_V100_RUN_EURUSD_STATS.csv
PROGRESS;D038_NR7_TickPath_M15_v1_00.mq5;1.00;RUN;3000000;46;8;38;0;0;8;8;8;3;5;0;0;0;0;0;0;0;0;8;8;EURUSD;PERIOD_M15;FOREX;USD5_PER_LOT_PER_SIDE;;D038_V100_RUN_EURUSD_TRADES.csv;D038_V100_RUN_EURUSD_STATS.csv;C:\Users\<REDACTED>\AppData\Roaming\MetaQuotes\Terminal\Common\Files\D038_V100_RUN_EURUSD_TRADES.csv;C:\Users\<REDACTED>\AppData\Roaming\MetaQuotes\Terminal\Common\Files\D038_V100_RUN_EURUSD_STATS.csv
PROGRESS;D038_NR7_TickPath_M15_v1_00.mq5;1.00;RUN;3250000;49;8;41;0;0;8;8;8;3;5;0;0;0;0;0;0;0;0;8;8;EURUSD;PERIOD_M15;FOREX;USD5_PER_LOT_PER_SIDE;;D038_V100_RUN_EURUSD_TRADES.csv;D038_V100_RUN_EURUSD_STATS.csv;C:\Users\<REDACTED>\AppData\Roaming\MetaQuotes\Terminal\Common\Files\D038_V100_RUN_EURUSD_TRADES.csv;C:\Users\<REDACTED>\AppData\Roaming\MetaQuotes\Terminal\Common\Files\D038_V100_RUN_EURUSD_STATS.csv
PROGRESS;D038_NR7_TickPath_M15_v1_00.mq5;1.00;RUN;3500000;53;8;45;0;0;8;8;8;3;5;0;0;0;0;0;0;0;0;8;8;EURUSD;PERIOD_M15;FOREX;USD5_PER_LOT_PER_SIDE;;D038_V100_RUN_EURUSD_TRADES.csv;D038_V100_RUN_EURUSD_STATS.csv;C:\Users\<REDACTED>\AppData\Roaming\MetaQuotes\Terminal\Common\Files\D038_V100_RUN_EURUSD_TRADES.csv;C:\Users\<REDACTED>\AppData\Roaming\MetaQuotes\Terminal\Common\Files\D038_V100_RUN_EURUSD_STATS.csv
PROGRESS;D038_NR7_TickPath_M15_v1_00.mq5;1.00;RUN;3750000;57;9;48;0;0;9;9;9;4;5;0;0;0;0;0;0;0;0;9;9;EURUSD;PERIOD_M15;FOREX;USD5_PER_LOT_PER_SIDE;;D038_V100_RUN_EURUSD_TRADES.csv;D038_V100_RUN_EURUSD_STATS.csv;C:\Users\<REDACTED>\AppData\Roaming\MetaQuotes\Terminal\Common\Files\D038_V100_RUN_EURUSD_TRADES.csv;C:\Users\<REDACTED>\AppData\Roaming\MetaQuotes\Terminal\Common\Files\D038_V100_RUN_EURUSD_STATS.csv
PROGRESS;D038_NR7_TickPath_M15_v1_00.mq5;1.00;RUN;4000000;61;9;52;0;0;9;9;9;4;5;0;0;0;0;0;0;0;0;9;9;EURUSD;PERIOD_M15;FOREX;USD5_PER_LOT_PER_SIDE;;D038_V100_RUN_EURUSD_TRADES.csv;D038_V100_RUN_EURUSD_STATS.csv;C:\Users\<REDACTED>\AppData\Roaming\MetaQuotes\Terminal\Common\Files\D038_V100_RUN_EURUSD_TRADES.csv;C:\Users\<REDACTED>\AppData\Roaming\MetaQuotes\Terminal\Common\Files\D038_V100_RUN_EURUSD_STATS.csv
PROGRESS;D038_NR7_TickPath_M15_v1_00.mq5;1.00;RUN;4250000;65;11;54;0;0;11;11;11;4;7;0;0;0;0;0;0;0;0;11;11;EURUSD;PERIOD_M15;FOREX;USD5_PER_LOT_PER_SIDE;;D038_V100_RUN_EURUSD_TRADES.csv;D038_V100_RUN_EURUSD_STATS.csv;C:\Users\<REDACTED>\AppData\Roaming\MetaQuotes\Terminal\Common\Files\D038_V100_RUN_EURUSD_TRADES.csv;C:\Users\<REDACTED>\AppData\Roaming\MetaQuotes\Terminal\Common\Files\D038_V100_RUN_EURUSD_STATS.csv
PROGRESS;D038_NR7_TickPath_M15_v1_00.mq5;1.00;RUN;4500000;69;11;58;0;0;11;11;11;4;7;0;0;0;0;0;0;0;0;11;11;EURUSD;PERIOD_M15;FOREX;USD5_PER_LOT_PER_SIDE;;D038_V100_RUN_EURUSD_TRADES.csv;D038_V100_RUN_EURUSD_STATS.csv;C:\Users\<REDACTED>\AppData\Roaming\MetaQuotes\Terminal\Common\Files\D038_V100_RUN_EURUSD_TRADES.csv;C:\Users\<REDACTED>\AppData\Roaming\MetaQuotes\Terminal\Common\Files\D038_V100_RUN_EURUSD_STATS.csv
PROGRESS;D038_NR7_TickPath_M15_v1_00.mq5;1.00;RUN;4750000;73;12;61;0;0;12;12;12;4;8;0;0;0;0;0;0;0;0;12;12;EURUSD;PERIOD_M15;FOREX;USD5_PER_LOT_PER_SIDE;;D038_V100_RUN_EURUSD_TRADES.csv;D038_V100_RUN_EURUSD_STATS.csv;C:\Users\<REDACTED>\AppData\Roaming\MetaQuotes\Terminal\Common\Files\D038_V100_RUN_EURUSD_TRADES.csv;C:\Users\<REDACTED>\AppData\Roaming\MetaQuotes\Terminal\Common\Files\D038_V100_RUN_EURUSD_STATS.csv
PROGRESS;D038_NR7_TickPath_M15_v1_00.mq5;1.00;RUN;5000000;76;12;64;0;0;12;12;12;4;8;0;0;0;0;0;0;0;0;12;12;EURUSD;PERIOD_M15;FOREX;USD5_PER_LOT_PER_SIDE;;D038_V100_RUN_EURUSD_TRADES.csv;D038_V100_RUN_EURUSD_STATS.csv;C:\Users\<REDACTED>\AppData\Roaming\MetaQuotes\Terminal\Common\Files\D038_V100_RUN_EURUSD_TRADES.csv;C:\Users\<REDACTED>\AppData\Roaming\MetaQuotes\Terminal\Common\Files\D038_V100_RUN_EURUSD_STATS.csv
PROGRESS;D038_NR7_TickPath_M15_v1_00.mq5;1.00;RUN;5250000;79;12;67;0;0;12;12;12;4;8;0;0;0;0;0;0;0;0;12;12;EURUSD;PERIOD_M15;FOREX;USD5_PER_LOT_PER_SIDE;;D038_V100_RUN_EURUSD_TRADES.csv;D038_V100_RUN_EURUSD_STATS.csv;C:\Users\<REDACTED>\AppData\Roaming\MetaQuotes\Terminal\Common\Files\D038_V100_RUN_EURUSD_TRADES.csv;C:\Users\<REDACTED>\AppData\Roaming\MetaQuotes\Terminal\Common\Files\D038_V100_RUN_EURUSD_STATS.csv
PROGRESS;D038_NR7_TickPath_M15_v1_00.mq5;1.00;RUN;5500000;83;13;70;0;0;13;13;12;4;8;0;0;0;0;0;0;0;0;12;12;EURUSD;PERIOD_M15;FOREX;USD5_PER_LOT_PER_SIDE;;D038_V100_RUN_EURUSD_TRADES.csv;D038_V100_RUN_EURUSD_STATS.csv;C:\Users\<REDACTED>\AppData\Roaming\MetaQuotes\Terminal\Common\Files\D038_V100_RUN_EURUSD_TRADES.csv;C:\Users\<REDACTED>\AppData\Roaming\MetaQuotes\Terminal\Common\Files\D038_V100_RUN_EURUSD_STATS.csv
PROGRESS;D038_NR7_TickPath_M15_v1_00.mq5;1.00;RUN;5750000;87;13;74;0;0;13;13;13;4;9;0;0;0;0;0;0;0;0;13;13;EURUSD;PERIOD_M15;FOREX;USD5_PER_LOT_PER_SIDE;;D038_V100_RUN_EURUSD_TRADES.csv;D038_V100_RUN_EURUSD_STATS.csv;C:\Users\<REDACTED>\AppData\Roaming\MetaQuotes\Terminal\Common\Files\D038_V100_RUN_EURUSD_TRADES.csv;C:\Users\<REDACTED>\AppData\Roaming\MetaQuotes\Terminal\Common\Files\D038_V100_RUN_EURUSD_STATS.csv
PROGRESS;D038_NR7_TickPath_M15_v1_00.mq5;1.00;RUN;6000000;90;13;77;0;0;13;13;13;4;9;0;0;0;0;0;0;0;0;13;13;EURUSD;PERIOD_M15;FOREX;USD5_PER_LOT_PER_SIDE;;D038_V100_RUN_EURUSD_TRADES.csv;D038_V100_RUN_EURUSD_STATS.csv;C:\Users\<REDACTED>\AppData\Roaming\MetaQuotes\Terminal\Common\Files\D038_V100_RUN_EURUSD_TRADES.csv;C:\Users\<REDACTED>\AppData\Roaming\MetaQuotes\Terminal\Common\Files\D038_V100_RUN_EURUSD_STATS.csv
PROGRESS;D038_NR7_TickPath_M15_v1_00.mq5;1.00;RUN;6250000;95;15;80;0;0;15;15;15;5;10;0;0;0;0;0;0;0;0;15;15;EURUSD;PERIOD_M15;FOREX;USD5_PER_LOT_PER_SIDE;;D038_V100_RUN_EURUSD_TRADES.csv;D038_V100_RUN_EURUSD_STATS.csv;C:\Users\<REDACTED>\AppData\Roaming\MetaQuotes\Terminal\Common\Files\D038_V100_RUN_EURUSD_TRADES.csv;C:\Users\<REDACTED>\AppData\Roaming\MetaQuotes\Terminal\Common\Files\D038_V100_RUN_EURUSD_STATS.csv
PROGRESS;D038_NR7_TickPath_M15_v1_00.mq5;1.00;RUN;6500000;101;15;86;0;0;15;15;15;5;10;0;0;0;0;0;0;0;0;15;15;EURUSD;PERIOD_M15;FOREX;USD5_PER_LOT_PER_SIDE;;D038_V100_RUN_EURUSD_TRADES.csv;D038_V100_RUN_EURUSD_STATS.csv;C:\Users\<REDACTED>\AppData\Roaming\MetaQuotes\Terminal\Common\Files\D038_V100_RUN_EURUSD_TRADES.csv;C:\Users\<REDACTED>\AppData\Roaming\MetaQuotes\Terminal\Common\Files\D038_V100_RUN_EURUSD_STATS.csv
PROGRESS;D038_NR7_TickPath_M15_v1_00.mq5;1.00;RUN;6750000;106;16;90;0;0;15;15;15;5;10;0;0;0;0;0;0;0;0;15;15;EURUSD;PERIOD_M15;FOREX;USD5_PER_LOT_PER_SIDE;;D038_V100_RUN_EURUSD_TRADES.csv;D038_V100_RUN_EURUSD_STATS.csv;C:\Users\<REDACTED>\AppData\Roaming\MetaQuotes\Terminal\Common\Files\D038_V100_RUN_EURUSD_TRADES.csv;C:\Users\<REDACTED>\AppData\Roaming\MetaQuotes\Terminal\Common\Files\D038_V100_RUN_EURUSD_STATS.csv
PROGRESS;D038_NR7_TickPath_M15_v1_00.mq5;1.00;RUN;7000000;110;16;94;0;0;16;16;16;5;11;0;0;0;0;0;0;0;0;16;16;EURUSD;PERIOD_M15;FOREX;USD5_PER_LOT_PER_SIDE;;D038_V100_RUN_EURUSD_TRADES.csv;D038_V100_RUN_EURUSD_STATS.csv;C:\Users\<REDACTED>\AppData\Roaming\MetaQuotes\Terminal\Common\Files\D038_V100_RUN_EURUSD_TRADES.csv;C:\Users\<REDACTED>\AppData\Roaming\MetaQuotes\Terminal\Common\Files\D038_V100_RUN_EURUSD_STATS.csv
PROGRESS;D038_NR7_TickPath_M15_v1_00.mq5;1.00;RUN;7250000;115;16;99;0;0;16;16;16;5;11;0;0;0;0;0;0;0;0;16;16;EURUSD;PERIOD_M15;FOREX;USD5_PER_LOT_PER_SIDE;;D038_V100_RUN_EURUSD_TRADES.csv;D038_V100_RUN_EURUSD_STATS.csv;C:\Users\<REDACTED>\AppData\Roaming\MetaQuotes\Terminal\Common\Files\D038_V100_RUN_EURUSD_TRADES.csv;C:\Users\<REDACTED>\AppData\Roaming\MetaQuotes\Terminal\Common\Files\D038_V100_RUN_EURUSD_STATS.csv
PROGRESS;D038_NR7_TickPath_M15_v1_00.mq5;1.00;RUN;7500000;119;16;103;0;0;16;16;16;5;11;0;0;0;0;0;0;0;0;16;16;EURUSD;PERIOD_M15;FOREX;USD5_PER_LOT_PER_SIDE;;D038_V100_RUN_EURUSD_TRADES.csv;D038_V100_RUN_EURUSD_STATS.csv;C:\Users\<REDACTED>\AppData\Roaming\MetaQuotes\Terminal\Common\Files\D038_V100_RUN_EURUSD_TRADES.csv;C:\Users\<REDACTED>\AppData\Roaming\MetaQuotes\Terminal\Common\Files\D038_V100_RUN_EURUSD_STATS.csv
PROGRESS;D038_NR7_TickPath_M15_v1_00.mq5;1.00;RUN;7750000;125;17;108;0;0;17;17;17;6;11;0;0;0;0;0;0;0;0;17;17;EURUSD;PERIOD_M15;FOREX;USD5_PER_LOT_PER_SIDE;;D038_V100_RUN_EURUSD_TRADES.csv;D038_V100_RUN_EURUSD_STATS.csv;C:\Users\<REDACTED>\AppData\Roaming\MetaQuotes\Terminal\Common\Files\D038_V100_RUN_EURUSD_TRADES.csv;C:\Users\<REDACTED>\AppData\Roaming\MetaQuotes\Terminal\Common\Files\D038_V100_RUN_EURUSD_STATS.csv
PROGRESS;D038_NR7_TickPath_M15_v1_00.mq5;1.00;RUN;8000000;129;17;112;0;0;17;17;17;6;11;0;0;0;0;0;0;0;0;17;17;EURUSD;PERIOD_M15;FOREX;USD5_PER_LOT_PER_SIDE;;D038_V100_RUN_EURUSD_TRADES.csv;D038_V100_RUN_EURUSD_STATS.csv;C:\Users\<REDACTED>\AppData\Roaming\MetaQuotes\Terminal\Common\Files\D038_V100_RUN_EURUSD_TRADES.csv;C:\Users\<REDACTED>\AppData\Roaming\MetaQuotes\Terminal\Common\Files\D038_V100_RUN_EURUSD_STATS.csv
PROGRESS;D038_NR7_TickPath_M15_v1_00.mq5;1.00;RUN;8250000;132;19;113;0;0;19;19;18;6;12;0;0;0;0;0;0;0;0;18;18;EURUSD;PERIOD_M15;FOREX;USD5_PER_LOT_PER_SIDE;;D038_V100_RUN_EURUSD_TRADES.csv;D038_V100_RUN_EURUSD_STATS.csv;C:\Users\<REDACTED>\AppData\Roaming\MetaQuotes\Terminal\Common\Files\D038_V100_RUN_EURUSD_TRADES.csv;C:\Users\<REDACTED>\AppData\Roaming\MetaQuotes\Terminal\Common\Files\D038_V100_RUN_EURUSD_STATS.csv
PROGRESS;D038_NR7_TickPath_M15_v1_00.mq5;1.00;RUN;8500000;136;20;116;0;0;20;20;20;6;14;0;0;0;0;0;0;0;0;20;20;EURUSD;PERIOD_M15;FOREX;USD5_PER_LOT_PER_SIDE;;D038_V100_RUN_EURUSD_TRADES.csv;D038_V100_RUN_EURUSD_STATS.csv;C:\Users\<REDACTED>\AppData\Roaming\MetaQuotes\Terminal\Common\Files\D038_V100_RUN_EURUSD_TRADES.csv;C:\Users\<REDACTED>\AppData\Roaming\MetaQuotes\Terminal\Common\Files\D038_V100_RUN_EURUSD_STATS.csv
PROGRESS;D038_NR7_TickPath_M15_v1_00.mq5;1.00;RUN;8750000;139;22;117;0;0;22;22;22;6;16;0;0;0;0;0;0;0;0;22;22;EURUSD;PERIOD_M15;FOREX;USD5_PER_LOT_PER_SIDE;;D038_V100_RUN_EURUSD_TRADES.csv;D038_V100_RUN_EURUSD_STATS.csv;C:\Users\<REDACTED>\AppData\Roaming\MetaQuotes\Terminal\Common\Files\D038_V100_RUN_EURUSD_TRADES.csv;C:\Users\<REDACTED>\AppData\Roaming\MetaQuotes\Terminal\Common\Files\D038_V100_RUN_EURUSD_STATS.csv
PROGRESS;D038_NR7_TickPath_M15_v1_00.mq5;1.00;RUN;9000000;143;23;120;0;0;23;23;23;6;17;0;0;0;0;0;0;0;0;23;23;EURUSD;PERIOD_M15;FOREX;USD5_PER_LOT_PER_SIDE;;D038_V100_RUN_EURUSD_TRADES.csv;D038_V100_RUN_EURUSD_STATS.csv;C:\Users\<REDACTED>\AppData\Roaming\MetaQuotes\Terminal\Common\Files\D038_V100_RUN_EURUSD_TRADES.csv;C:\Users\<REDACTED>\AppData\Roaming\MetaQuotes\Terminal\Common\Files\D038_V100_RUN_EURUSD_STATS.csv
PROGRESS;D038_NR7_TickPath_M15_v1_00.mq5;1.00;RUN;9250000;146;23;123;0;0;23;23;23;6;17;0;0;0;0;0;0;0;0;23;23;EURUSD;PERIOD_M15;FOREX;USD5_PER_LOT_PER_SIDE;;D038_V100_RUN_EURUSD_TRADES.csv;D038_V100_RUN_EURUSD_STATS.csv;C:\Users\<REDACTED>\AppData\Roaming\MetaQuotes\Terminal\Common\Files\D038_V100_RUN_EURUSD_TRADES.csv;C:\Users\<REDACTED>\AppData\Roaming\MetaQuotes\Terminal\Common\Files\D038_V100_RUN_EURUSD_STATS.csv
PROGRESS;D038_NR7_TickPath_M15_v1_00.mq5;1.00;RUN;9500000;149;24;125;0;0;24;24;23;6;17;0;0;0;0;0;0;0;0;23;23;EURUSD;PERIOD_M15;FOREX;USD5_PER_LOT_PER_SIDE;;D038_V100_RUN_EURUSD_TRADES.csv;D038_V100_RUN_EURUSD_STATS.csv;C:\Users\<REDACTED>\AppData\Roaming\MetaQuotes\Terminal\Common\Files\D038_V100_RUN_EURUSD_TRADES.csv;C:\Users\<REDACTED>\AppData\Roaming\MetaQuotes\Terminal\Common\Files\D038_V100_RUN_EURUSD_STATS.csv
PROGRESS;D038_NR7_TickPath_M15_v1_00.mq5;1.00;RUN;9750000;151;24;127;0;0;24;24;24;7;17;0;0;0;0;0;0;0;0;24;24;EURUSD;PERIOD_M15;FOREX;USD5_PER_LOT_PER_SIDE;;D038_V100_RUN_EURUSD_TRADES.csv;D038_V100_RUN_EURUSD_STATS.csv;C:\Users\<REDACTED>\AppData\Roaming\MetaQuotes\Terminal\Common\Files\D038_V100_RUN_EURUSD_TRADES.csv;C:\Users\<REDACTED>\AppData\Roaming\MetaQuotes\Terminal\Common\Files\D038_V100_RUN_EURUSD_STATS.csv
PROGRESS;D038_NR7_TickPath_M15_v1_00.mq5;1.00;RUN;10000000;153;24;129;0;0;24;24;24;7;17;0;0;0;0;0;0;0;0;24;24;EURUSD;PERIOD_M15;FOREX;USD5_PER_LOT_PER_SIDE;;D038_V100_RUN_EURUSD_TRADES.csv;D038_V100_RUN_EURUSD_STATS.csv;C:\Users\<REDACTED>\AppData\Roaming\MetaQuotes\Terminal\Common\Files\D038_V100_RUN_EURUSD_TRADES.csv;C:\Users\<REDACTED>\AppData\Roaming\MetaQuotes\Terminal\Common\Files\D038_V100_RUN_EURUSD_STATS.csv
PROGRESS;D038_NR7_TickPath_M15_v1_00.mq5;1.00;RUN;10250000;154;24;130;0;0;24;24;24;7;17;0;0;0;0;0;0;0;0;24;24;EURUSD;PERIOD_M15;FOREX;USD5_PER_LOT_PER_SIDE;;D038_V100_RUN_EURUSD_TRADES.csv;D038_V100_RUN_EURUSD_STATS.csv;C:\Users\<REDACTED>\AppData\Roaming\MetaQuotes\Terminal\Common\Files\D038_V100_RUN_EURUSD_TRADES.csv;C:\Users\<REDACTED>\AppData\Roaming\MetaQuotes\Terminal\Common\Files\D038_V100_RUN_EURUSD_STATS.csv
PROGRESS;D038_NR7_TickPath_M15_v1_00.mq5;1.00;RUN;10500000;156;24;132;0;0;24;24;24;7;17;0;0;0;0;0;0;0;0;24;24;EURUSD;PERIOD_M15;FOREX;USD5_PER_LOT_PER_SIDE;;D038_V100_RUN_EURUSD_TRADES.csv;D038_V100_RUN_EURUSD_STATS.csv;C:\Users\<REDACTED>\AppData\Roaming\MetaQuotes\Terminal\Common\Files\D038_V100_RUN_EURUSD_TRADES.csv;C:\Users\<REDACTED>\AppData\Roaming\MetaQuotes\Terminal\Common\Files\D038_V100_RUN_EURUSD_STATS.csv
PROGRESS;D038_NR7_TickPath_M15_v1_00.mq5;1.00;RUN;10750000;158;25;133;0;0;25;25;25;8;17;0;0;0;0;0;0;0;0;25;25;EURUSD;PERIOD_M15;FOREX;USD5_PER_LOT_PER_SIDE;;D038_V100_RUN_EURUSD_TRADES.csv;D038_V100_RUN_EURUSD_STATS.csv;C:\Users\<REDACTED>\AppData\Roaming\MetaQuotes\Terminal\Common\Files\D038_V100_RUN_EURUSD_TRADES.csv;C:\Users\<REDACTED>\AppData\Roaming\MetaQuotes\Terminal\Common\Files\D038_V100_RUN_EURUSD_STATS.csv
PROGRESS;D038_NR7_TickPath_M15_v1_00.mq5;1.00;RUN;11000000;161;26;135;0;0;26;26;26;8;18;0;0;0;0;0;0;0;0;26;26;EURUSD;PERIOD_M15;FOREX;USD5_PER_LOT_PER_SIDE;;D038_V100_RUN_EURUSD_TRADES.csv;D038_V100_RUN_EURUSD_STATS.csv;C:\Users\<REDACTED>\AppData\Roaming\MetaQuotes\Terminal\Common\Files\D038_V100_RUN_EURUSD_TRADES.csv;C:\Users\<REDACTED>\AppData\Roaming\MetaQuotes\Terminal\Common\Files\D038_V100_RUN_EURUSD_STATS.csv
PROGRESS;D038_NR7_TickPath_M15_v1_00.mq5;1.00;RUN;11250000;164;26;138;0;0;26;26;26;8;18;0;0;0;0;0;0;0;0;26;26;EURUSD;PERIOD_M15;FOREX;USD5_PER_LOT_PER_SIDE;;D038_V100_RUN_EURUSD_TRADES.csv;D038_V100_RUN_EURUSD_STATS.csv;C:\Users\<REDACTED>\AppData\Roaming\MetaQuotes\Terminal\Common\Files\D038_V100_RUN_EURUSD_TRADES.csv;C:\Users\<REDACTED>\AppData\Roaming\MetaQuotes\Terminal\Common\Files\D038_V100_RUN_EURUSD_STATS.csv
PROGRESS;D038_NR7_TickPath_M15_v1_00.mq5;1.00;RUN;11500000;167;26;141;0;0;26;26;26;8;18;0;0;0;0;0;0;0;0;26;26;EURUSD;PERIOD_M15;FOREX;USD5_PER_LOT_PER_SIDE;;D038_V100_RUN_EURUSD_TRADES.csv;D038_V100_RUN_EURUSD_STATS.csv;C:\Users\<REDACTED>\AppData\Roaming\MetaQuotes\Terminal\Common\Files\D038_V100_RUN_EURUSD_TRADES.csv;C:\Users\<REDACTED>\AppData\Roaming\MetaQuotes\Terminal\Common\Files\D038_V100_RUN_EURUSD_STATS.csv
PROGRESS;D038_NR7_TickPath_M15_v1_00.mq5;1.00;RUN;11750000;170;27;143;0;0;26;26;26;8;18;0;0;0;0;0;0;0;0;26;26;EURUSD;PERIOD_M15;FOREX;USD5_PER_LOT_PER_SIDE;;D038_V100_RUN_EURUSD_TRADES.csv;D038_V100_RUN_EURUSD_STATS.csv;C:\Users\<REDACTED>\AppData\Roaming\MetaQuotes\Terminal\Common\Files\D038_V100_RUN_EURUSD_TRADES.csv;C:\Users\<REDACTED>\AppData\Roaming\MetaQuotes\Terminal\Common\Files\D038_V100_RUN_EURUSD_STATS.csv
PROGRESS;D038_NR7_TickPath_M15_v1_00.mq5;1.00;RUN;12000000;172;28;144;0;0;27;27;27;8;19;0;0;0;0;0;0;0;0;27;27;EURUSD;PERIOD_M15;FOREX;USD5_PER_LOT_PER_SIDE;;D038_V100_RUN_EURUSD_TRADES.csv;D038_V100_RUN_EURUSD_STATS.csv;C:\Users\<REDACTED>\AppData\Roaming\MetaQuotes\Terminal\Common\Files\D038_V100_RUN_EURUSD_TRADES.csv;C:\Users\<REDACTED>\AppData\Roaming\MetaQuotes\Terminal\Common\Files\D038_V100_RUN_EURUSD_STATS.csv
PROGRESS;D038_NR7_TickPath_M15_v1_00.mq5;1.00;RUN;12250000;175;29;146;0;0;28;28;27;8;19;0;0;0;0;0;0;0;0;27;27;EURUSD;PERIOD_M15;FOREX;USD5_PER_LOT_PER_SIDE;;D038_V100_RUN_EURUSD_TRADES.csv;D038_V100_RUN_EURUSD_STATS.csv;C:\Users\<REDACTED>\AppData\Roaming\MetaQuotes\Terminal\Common\Files\D038_V100_RUN_EURUSD_TRADES.csv;C:\Users\<REDACTED>\AppData\Roaming\MetaQuotes\Terminal\Common\Files\D038_V100_RUN_EURUSD_STATS.csv
PROGRESS;D038_NR7_TickPath_M15_v1_00.mq5;1.00;RUN;12500000;177;29;148;0;0;28;28;28;8;20;0;0;0;0;0;0;0;0;28;28;EURUSD;PERIOD_M15;FOREX;USD5_PER_LOT_PER_SIDE;;D038_V100_RUN_EURUSD_TRADES.csv;D038_V100_RUN_EURUSD_STATS.csv;C:\Users\<REDACTED>\AppData\Roaming\MetaQuotes\Terminal\Common\Files\D038_V100_RUN_EURUSD_TRADES.csv;C:\Users\<REDACTED>\AppData\Roaming\MetaQuotes\Terminal\Common\Files\D038_V100_RUN_EURUSD_STATS.csv
PROGRESS;D038_NR7_TickPath_M15_v1_00.mq5;1.00;RUN;12750000;179;29;150;0;0;28;28;28;8;20;0;0;0;0;0;0;0;0;28;28;EURUSD;PERIOD_M15;FOREX;USD5_PER_LOT_PER_SIDE;;D038_V100_RUN_EURUSD_TRADES.csv;D038_V100_RUN_EURUSD_STATS.csv;C:\Users\<REDACTED>\AppData\Roaming\MetaQuotes\Terminal\Common\Files\D038_V100_RUN_EURUSD_TRADES.csv;C:\Users\<REDACTED>\AppData\Roaming\MetaQuotes\Terminal\Common\Files\D038_V100_RUN_EURUSD_STATS.csv
PROGRESS;D038_NR7_TickPath_M15_v1_00.mq5;1.00;RUN;13000000;182;30;152;0;0;29;29;29;9;20;0;0;0;0;0;0;0;0;29;29;EURUSD;PERIOD_M15;FOREX;USD5_PER_LOT_PER_SIDE;;D038_V100_RUN_EURUSD_TRADES.csv;D038_V100_RUN_EURUSD_STATS.csv;C:\Users\<REDACTED>\AppData\Roaming\MetaQuotes\Terminal\Common\Files\D038_V100_RUN_EURUSD_TRADES.csv;C:\Users\<REDACTED>\AppData\Roaming\MetaQuotes\Terminal\Common\Files\D038_V100_RUN_EURUSD_STATS.csv
PROGRESS;D038_NR7_TickPath_M15_v1_00.mq5;1.00;RUN;13250000;185;30;155;0;0;29;29;29;9;20;0;0;0;0;0;0;0;0;29;29;EURUSD;PERIOD_M15;FOREX;USD5_PER_LOT_PER_SIDE;;D038_V100_RUN_EURUSD_TRADES.csv;D038_V100_RUN_EURUSD_STATS.csv;C:\Users\<REDACTED>\AppData\Roaming\MetaQuotes\Terminal\Common\Files\D038_V100_RUN_EURUSD_TRADES.csv;C:\Users\<REDACTED>\AppData\Roaming\MetaQuotes\Terminal\Common\Files\D038_V100_RUN_EURUSD_STATS.csv
PROGRESS;D038_NR7_TickPath_M15_v1_00.mq5;1.00;RUN;13500000;187;30;157;0;0;29;29;29;9;20;0;0;0;0;0;0;0;0;29;29;EURUSD;PERIOD_M15;FOREX;USD5_PER_LOT_PER_SIDE;;D038_V100_RUN_EURUSD_TRADES.csv;D038_V100_RUN_EURUSD_STATS.csv;C:\Users\<REDACTED>\AppData\Roaming\MetaQuotes\Terminal\Common\Files\D038_V100_RUN_EURUSD_TRADES.csv;C:\Users\<REDACTED>\AppData\Roaming\MetaQuotes\Terminal\Common\Files\D038_V100_RUN_EURUSD_STATS.csv
PROGRESS;D038_NR7_TickPath_M15_v1_00.mq5;1.00;RUN;13750000;188;30;158;0;0;29;29;29;9;20;0;0;0;0;0;0;0;0;29;29;EURUSD;PERIOD_M15;FOREX;USD5_PER_LOT_PER_SIDE;;D038_V100_RUN_EURUSD_TRADES.csv;D038_V100_RUN_EURUSD_STATS.csv;C:\Users\<REDACTED>\AppData\Roaming\MetaQuotes\Terminal\Common\Files\D038_V100_RUN_EURUSD_TRADES.csv;C:\Users\<REDACTED>\AppData\Roaming\MetaQuotes\Terminal\Common\Files\D038_V100_RUN_EURUSD_STATS.csv
PROGRESS;D038_NR7_TickPath_M15_v1_00.mq5;1.00;RUN;14000000;191;30;161;0;0;29;29;29;9;20;0;0;0;0;0;0;0;0;29;29;EURUSD;PERIOD_M15;FOREX;USD5_PER_LOT_PER_SIDE;;D038_V100_RUN_EURUSD_TRADES.csv;D038_V100_RUN_EURUSD_STATS.csv;C:\Users\<REDACTED>\AppData\Roaming\MetaQuotes\Terminal\Common\Files\D038_V100_RUN_EURUSD_TRADES.csv;C:\Users\<REDACTED>\AppData\Roaming\MetaQuotes\Terminal\Common\Files\D038_V100_RUN_EURUSD_STATS.csv
PROGRESS;D038_NR7_TickPath_M15_v1_00.mq5;1.00;RUN;14250000;193;30;163;0;0;29;29;29;9;20;0;0;0;0;0;0;0;0;29;29;EURUSD;PERIOD_M15;FOREX;USD5_PER_LOT_PER_SIDE;;D038_V100_RUN_EURUSD_TRADES.csv;D038_V100_RUN_EURUSD_STATS.csv;C:\Users\<REDACTED>\AppData\Roaming\MetaQuotes\Terminal\Common\Files\D038_V100_RUN_EURUSD_TRADES.csv;C:\Users\<REDACTED>\AppData\Roaming\MetaQuotes\Terminal\Common\Files\D038_V100_RUN_EURUSD_STATS.csv
PROGRESS;D038_NR7_TickPath_M15_v1_00.mq5;1.00;RUN;14500000;195;30;165;0;0;29;29;29;9;20;0;0;0;0;0;0;0;0;29;29;EURUSD;PERIOD_M15;FOREX;USD5_PER_LOT_PER_SIDE;;D038_V100_RUN_EURUSD_TRADES.csv;D038_V100_RUN_EURUSD_STATS.csv;C:\Users\<REDACTED>\AppData\Roaming\MetaQuotes\Terminal\Common\Files\D038_V100_RUN_EURUSD_TRADES.csv;C:\Users\<REDACTED>\AppData\Roaming\MetaQuotes\Terminal\Common\Files\D038_V100_RUN_EURUSD_STATS.csv
PROGRESS;D038_NR7_TickPath_M15_v1_00.mq5;1.00;RUN;14750000;197;31;166;0;0;29;29;29;9;20;0;0;0;0;0;0;0;0;29;29;EURUSD;PERIOD_M15;FOREX;USD5_PER_LOT_PER_SIDE;;D038_V100_RUN_EURUSD_TRADES.csv;D038_V100_RUN_EURUSD_STATS.csv;C:\Users\<REDACTED>\AppData\Roaming\MetaQuotes\Terminal\Common\Files\D038_V100_RUN_EURUSD_TRADES.csv;C:\Users\<REDACTED>\AppData\Roaming\MetaQuotes\Terminal\Common\Files\D038_V100_RUN_EURUSD_STATS.csv
PROGRESS;D038_NR7_TickPath_M15_v1_00.mq5;1.00;RUN;15000000;199;32;167;0;0;31;31;31;9;22;0;0;0;0;0;0;0;0;31;31;EURUSD;PERIOD_M15;FOREX;USD5_PER_LOT_PER_SIDE;;D038_V100_RUN_EURUSD_TRADES.csv;D038_V100_RUN_EURUSD_STATS.csv;C:\Users\<REDACTED>\AppData\Roaming\MetaQuotes\Terminal\Common\Files\D038_V100_RUN_EURUSD_TRADES.csv;C:\Users\<REDACTED>\AppData\Roaming\MetaQuotes\Terminal\Common\Files\D038_V100_RUN_EURUSD_STATS.csv
PROGRESS;D038_NR7_TickPath_M15_v1_00.mq5;1.00;RUN;15250000;201;33;168;0;0;32;32;32;9;23;0;0;0;0;0;0;0;0;32;32;EURUSD;PERIOD_M15;FOREX;USD5_PER_LOT_PER_SIDE;;D038_V100_RUN_EURUSD_TRADES.csv;D038_V100_RUN_EURUSD_STATS.csv;C:\Users\<REDACTED>\AppData\Roaming\MetaQuotes\Terminal\Common\Files\D038_V100_RUN_EURUSD_TRADES.csv;C:\Users\<REDACTED>\AppData\Roaming\MetaQuotes\Terminal\Common\Files\D038_V100_RUN_EURUSD_STATS.csv
PROGRESS;D038_NR7_TickPath_M15_v1_00.mq5;1.00;RUN;15500000;204;34;170;0;0;33;33;32;9;23;0;0;0;0;0;0;0;0;32;32;EURUSD;PERIOD_M15;FOREX;USD5_PER_LOT_PER_SIDE;;D038_V100_RUN_EURUSD_TRADES.csv;D038_V100_RUN_EURUSD_STATS.csv;C:\Users\<REDACTED>\AppData\Roaming\MetaQuotes\Terminal\Common\Files\D038_V100_RUN_EURUSD_TRADES.csv;C:\Users\<REDACTED>\AppData\Roaming\MetaQuotes\Terminal\Common\Files\D038_V100_RUN_EURUSD_STATS.csv
PROGRESS;D038_NR7_TickPath_M15_v1_00.mq5;1.00;RUN;15750000;207;34;173;0;0;33;33;33;9;24;0;0;0;0;0;0;0;0;33;33;EURUSD;PERIOD_M15;FOREX;USD5_PER_LOT_PER_SIDE;;D038_V100_RUN_EURUSD_TRADES.csv;D038_V100_RUN_EURUSD_STATS.csv;C:\Users\<REDACTED>\AppData\Roaming\MetaQuotes\Terminal\Common\Files\D038_V100_RUN_EURUSD_TRADES.csv;C:\Users\<REDACTED>\AppData\Roaming\MetaQuotes\Terminal\Common\Files\D038_V100_RUN_EURUSD_STATS.csv
PROGRESS;D038_NR7_TickPath_M15_v1_00.mq5;1.00;RUN;16000000;210;34;176;0;0;33;33;33;9;24;0;0;0;0;0;0;0;0;33;33;EURUSD;PERIOD_M15;FOREX;USD5_PER_LOT_PER_SIDE;;D038_V100_RUN_EURUSD_TRADES.csv;D038_V100_RUN_EURUSD_STATS.csv;C:\Users\<REDACTED>\AppData\Roaming\MetaQuotes\Terminal\Common\Files\D038_V100_RUN_EURUSD_TRADES.csv;C:\Users\<REDACTED>\AppData\Roaming\MetaQuotes\Terminal\Common\Files\D038_V100_RUN_EURUSD_STATS.csv
PROGRESS;D038_NR7_TickPath_M15_v1_00.mq5;1.00;RUN;16250000;213;34;179;0;0;33;33;33;9;24;0;0;0;0;0;0;0;0;33;33;EURUSD;PERIOD_M15;FOREX;USD5_PER_LOT_PER_SIDE;;D038_V100_RUN_EURUSD_TRADES.csv;D038_V100_RUN_EURUSD_STATS.csv;C:\Users\<REDACTED>\AppData\Roaming\MetaQuotes\Terminal\Common\Files\D038_V100_RUN_EURUSD_TRADES.csv;C:\Users\<REDACTED>\AppData\Roaming\MetaQuotes\Terminal\Common\Files\D038_V100_RUN_EURUSD_STATS.csv
PROGRESS;D038_NR7_TickPath_M15_v1_00.mq5;1.00;RUN;16500000;216;34;182;0;0;33;33;33;9;24;0;0;0;0;0;0;0;0;33;33;EURUSD;PERIOD_M15;FOREX;USD5_PER_LOT_PER_SIDE;;D038_V100_RUN_EURUSD_TRADES.csv;D038_V100_RUN_EURUSD_STATS.csv;C:\Users\<REDACTED>\AppData\Roaming\MetaQuotes\Terminal\Common\Files\D038_V100_RUN_EURUSD_TRADES.csv;C:\Users\<REDACTED>\AppData\Roaming\MetaQuotes\Terminal\Common\Files\D038_V100_RUN_EURUSD_STATS.csv
PROGRESS;D038_NR7_TickPath_M15_v1_00.mq5;1.00;RUN;16750000;218;35;183;0;0;34;34;33;9;24;0;0;0;0;0;0;0;0;33;33;EURUSD;PERIOD_M15;FOREX;USD5_PER_LOT_PER_SIDE;;D038_V100_RUN_EURUSD_TRADES.csv;D038_V100_RUN_EURUSD_STATS.csv;C:\Users\<REDACTED>\AppData\Roaming\MetaQuotes\Terminal\Common\Files\D038_V100_RUN_EURUSD_TRADES.csv;C:\Users\<REDACTED>\AppData\Roaming\MetaQuotes\Terminal\Common\Files\D038_V100_RUN_EURUSD_STATS.csv
PROGRESS;D038_NR7_TickPath_M15_v1_00.mq5;1.00;RUN;17000000;220;35;185;0;0;34;34;34;10;24;0;0;0;0;0;0;0;0;34;34;EURUSD;PERIOD_M15;FOREX;USD5_PER_LOT_PER_SIDE;;D038_V100_RUN_EURUSD_TRADES.csv;D038_V100_RUN_EURUSD_STATS.csv;C:\Users\<REDACTED>\AppData\Roaming\MetaQuotes\Terminal\Common\Files\D038_V100_RUN_EURUSD_TRADES.csv;C:\Users\<REDACTED>\AppData\Roaming\MetaQuotes\Terminal\Common\Files\D038_V100_RUN_EURUSD_STATS.csv
PROGRESS;D038_NR7_TickPath_M15_v1_00.mq5;1.00;RUN;17250000;221;35;186;0;0;34;34;34;10;24;0;0;0;0;0;0;0;0;34;34;EURUSD;PERIOD_M15;FOREX;USD5_PER_LOT_PER_SIDE;;D038_V100_RUN_EURUSD_TRADES.csv;D038_V100_RUN_EURUSD_STATS.csv;C:\Users\<REDACTED>\AppData\Roaming\MetaQuotes\Terminal\Common\Files\D038_V100_RUN_EURUSD_TRADES.csv;C:\Users\<REDACTED>\AppData\Roaming\MetaQuotes\Terminal\Common\Files\D038_V100_RUN_EURUSD_STATS.csv
PROGRESS;D038_NR7_TickPath_M15_v1_00.mq5;1.00;RUN;17500000;222;35;187;0;0;34;34;34;10;24;0;0;0;0;0;0;0;0;34;34;EURUSD;PERIOD_M15;FOREX;USD5_PER_LOT_PER_SIDE;;D038_V100_RUN_EURUSD_TRADES.csv;D038_V100_RUN_EURUSD_STATS.csv;C:\Users\<REDACTED>\AppData\Roaming\MetaQuotes\Terminal\Common\Files\D038_V100_RUN_EURUSD_TRADES.csv;C:\Users\<REDACTED>\AppData\Roaming\MetaQuotes\Terminal\Common\Files\D038_V100_RUN_EURUSD_STATS.csv
PROGRESS;D038_NR7_TickPath_M15_v1_00.mq5;1.00;RUN;17750000;224;35;189;0;0;34;34;34;10;24;0;0;0;0;0;0;0;0;34;34;EURUSD;PERIOD_M15;FOREX;USD5_PER_LOT_PER_SIDE;;D038_V100_RUN_EURUSD_TRADES.csv;D038_V100_RUN_EURUSD_STATS.csv;C:\Users\<REDACTED>\AppData\Roaming\MetaQuotes\Terminal\Common\Files\D038_V100_RUN_EURUSD_TRADES.csv;C:\Users\<REDACTED>\AppData\Roaming\MetaQuotes\Terminal\Common\Files\D038_V100_RUN_EURUSD_STATS.csv
PROGRESS;D038_NR7_TickPath_M15_v1_00.mq5;1.00;RUN;18000000;226;35;191;0;0;34;34;34;10;24;0;0;0;0;0;0;0;0;34;34;EURUSD;PERIOD_M15;FOREX;USD5_PER_LOT_PER_SIDE;;D038_V100_RUN_EURUSD_TRADES.csv;D038_V100_RUN_EURUSD_STATS.csv;C:\Users\<REDACTED>\AppData\Roaming\MetaQuotes\Terminal\Common\Files\D038_V100_RUN_EURUSD_TRADES.csv;C:\Users\<REDACTED>\AppData\Roaming\MetaQuotes\Terminal\Common\Files\D038_V100_RUN_EURUSD_STATS.csv
PROGRESS;D038_NR7_TickPath_M15_v1_00.mq5;1.00;RUN;18250000;227;35;192;0;0;34;34;34;10;24;0;0;0;0;0;0;0;0;34;34;EURUSD;PERIOD_M15;FOREX;USD5_PER_LOT_PER_SIDE;;D038_V100_RUN_EURUSD_TRADES.csv;D038_V100_RUN_EURUSD_STATS.csv;C:\Users\<REDACTED>\AppData\Roaming\MetaQuotes\Terminal\Common\Files\D038_V100_RUN_EURUSD_TRADES.csv;C:\Users\<REDACTED>\AppData\Roaming\MetaQuotes\Terminal\Common\Files\D038_V100_RUN_EURUSD_STATS.csv
PROGRESS;D038_NR7_TickPath_M15_v1_00.mq5;1.00;RUN;18500000;229;35;194;0;0;34;34;34;10;24;0;0;0;0;0;0;0;0;34;34;EURUSD;PERIOD_M15;FOREX;USD5_PER_LOT_PER_SIDE;;D038_V100_RUN_EURUSD_TRADES.csv;D038_V100_RUN_EURUSD_STATS.csv;C:\Users\<REDACTED>\AppData\Roaming\MetaQuotes\Terminal\Common\Files\D038_V100_RUN_EURUSD_TRADES.csv;C:\Users\<REDACTED>\AppData\Roaming\MetaQuotes\Terminal\Common\Files\D038_V100_RUN_EURUSD_STATS.csv
PROGRESS;D038_NR7_TickPath_M15_v1_00.mq5;1.00;RUN;18750000;231;35;196;0;0;34;34;34;10;24;0;0;0;0;0;0;0;0;34;34;EURUSD;PERIOD_M15;FOREX;USD5_PER_LOT_PER_SIDE;;D038_V100_RUN_EURUSD_TRADES.csv;D038_V100_RUN_EURUSD_STATS.csv;C:\Users\<REDACTED>\AppData\Roaming\MetaQuotes\Terminal\Common\Files\D038_V100_RUN_EURUSD_TRADES.csv;C:\Users\<REDACTED>\AppData\Roaming\MetaQuotes\Terminal\Common\Files\D038_V100_RUN_EURUSD_STATS.csv
PROGRESS;D038_NR7_TickPath_M15_v1_00.mq5;1.00;RUN;19000000;233;35;198;0;0;34;34;34;10;24;0;0;0;0;0;0;0;0;34;34;EURUSD;PERIOD_M15;FOREX;USD5_PER_LOT_PER_SIDE;;D038_V100_RUN_EURUSD_TRADES.csv;D038_V100_RUN_EURUSD_STATS.csv;C:\Users\<REDACTED>\AppData\Roaming\MetaQuotes\Terminal\Common\Files\D038_V100_RUN_EURUSD_TRADES.csv;C:\Users\<REDACTED>\AppData\Roaming\MetaQuotes\Terminal\Common\Files\D038_V100_RUN_EURUSD_STATS.csv
PROGRESS;D038_NR7_TickPath_M15_v1_00.mq5;1.00;RUN;19250000;234;35;199;0;0;34;34;34;10;24;0;0;0;0;0;0;0;0;34;34;EURUSD;PERIOD_M15;FOREX;USD5_PER_LOT_PER_SIDE;;D038_V100_RUN_EURUSD_TRADES.csv;D038_V100_RUN_EURUSD_STATS.csv;C:\Users\<REDACTED>\AppData\Roaming\MetaQuotes\Terminal\Common\Files\D038_V100_RUN_EURUSD_TRADES.csv;C:\Users\<REDACTED>\AppData\Roaming\MetaQuotes\Terminal\Common\Files\D038_V100_RUN_EURUSD_STATS.csv
PROGRESS;D038_NR7_TickPath_M15_v1_00.mq5;1.00;RUN;19500000;235;35;200;0;0;34;34;34;10;24;0;0;0;0;0;0;0;0;34;34;EURUSD;PERIOD_M15;FOREX;USD5_PER_LOT_PER_SIDE;;D038_V100_RUN_EURUSD_TRADES.csv;D038_V100_RUN_EURUSD_STATS.csv;C:\Users\<REDACTED>\AppData\Roaming\MetaQuotes\Terminal\Common\Files\D038_V100_RUN_EURUSD_TRADES.csv;C:\Users\<REDACTED>\AppData\Roaming\MetaQuotes\Terminal\Common\Files\D038_V100_RUN_EURUSD_STATS.csv
PROGRESS;D038_NR7_TickPath_M15_v1_00.mq5;1.00;RUN;19750000;237;35;202;0;0;34;34;34;10;24;0;0;0;0;0;0;0;0;34;34;EURUSD;PERIOD_M15;FOREX;USD5_PER_LOT_PER_SIDE;;D038_V100_RUN_EURUSD_TRADES.csv;D038_V100_RUN_EURUSD_STATS.csv;C:\Users\<REDACTED>\AppData\Roaming\MetaQuotes\Terminal\Common\Files\D038_V100_RUN_EURUSD_TRADES.csv;C:\Users\<REDACTED>\AppData\Roaming\MetaQuotes\Terminal\Common\Files\D038_V100_RUN_EURUSD_STATS.csv
PROGRESS;D038_NR7_TickPath_M15_v1_00.mq5;1.00;RUN;20000000;238;36;202;0;0;35;35;34;10;24;0;0;0;0;0;0;0;0;34;34;EURUSD;PERIOD_M15;FOREX;USD5_PER_LOT_PER_SIDE;;D038_V100_RUN_EURUSD_TRADES.csv;D038_V100_RUN_EURUSD_STATS.csv;C:\Users\<REDACTED>\AppData\Roaming\MetaQuotes\Terminal\Common\Files\D038_V100_RUN_EURUSD_TRADES.csv;C:\Users\<REDACTED>\AppData\Roaming\MetaQuotes\Terminal\Common\Files\D038_V100_RUN_EURUSD_STATS.csv
PROGRESS;D038_NR7_TickPath_M15_v1_00.mq5;1.00;RUN;20250000;240;36;204;0;0;35;35;35;10;25;0;0;0;0;0;0;0;0;35;35;EURUSD;PERIOD_M15;FOREX;USD5_PER_LOT_PER_SIDE;;D038_V100_RUN_EURUSD_TRADES.csv;D038_V100_RUN_EURUSD_STATS.csv;C:\Users\<REDACTED>\AppData\Roaming\MetaQuotes\Terminal\Common\Files\D038_V100_RUN_EURUSD_TRADES.csv;C:\Users\<REDACTED>\AppData\Roaming\MetaQuotes\Terminal\Common\Files\D038_V100_RUN_EURUSD_STATS.csv
PROGRESS;D038_NR7_TickPath_M15_v1_00.mq5;1.00;RUN;20500000;241;36;205;0;0;35;35;35;10;25;0;0;0;0;0;0;0;0;35;35;EURUSD;PERIOD_M15;FOREX;USD5_PER_LOT_PER_SIDE;;D038_V100_RUN_EURUSD_TRADES.csv;D038_V100_RUN_EURUSD_STATS.csv;C:\Users\<REDACTED>\AppData\Roaming\MetaQuotes\Terminal\Common\Files\D038_V100_RUN_EURUSD_TRADES.csv;C:\Users\<REDACTED>\AppData\Roaming\MetaQuotes\Terminal\Common\Files\D038_V100_RUN_EURUSD_STATS.csv
PROGRESS;D038_NR7_TickPath_M15_v1_00.mq5;1.00;RUN;20750000;243;36;207;0;0;35;35;35;10;25;0;0;0;0;0;0;0;0;35;35;EURUSD;PERIOD_M15;FOREX;USD5_PER_LOT_PER_SIDE;;D038_V100_RUN_EURUSD_TRADES.csv;D038_V100_RUN_EURUSD_STATS.csv;C:\Users\<REDACTED>\AppData\Roaming\MetaQuotes\Terminal\Common\Files\D038_V100_RUN_EURUSD_TRADES.csv;C:\Users\<REDACTED>\AppData\Roaming\MetaQuotes\Terminal\Common\Files\D038_V100_RUN_EURUSD_STATS.csv
PROGRESS;D038_NR7_TickPath_M15_v1_00.mq5;1.00;RUN;21000000;245;36;209;0;0;35;35;35;10;25;0;0;0;0;0;0;0;0;35;35;EURUSD;PERIOD_M15;FOREX;USD5_PER_LOT_PER_SIDE;;D038_V100_RUN_EURUSD_TRADES.csv;D038_V100_RUN_EURUSD_STATS.csv;C:\Users\<REDACTED>\AppData\Roaming\MetaQuotes\Terminal\Common\Files\D038_V100_RUN_EURUSD_TRADES.csv;C:\Users\<REDACTED>\AppData\Roaming\MetaQuotes\Terminal\Common\Files\D038_V100_RUN_EURUSD_STATS.csv
PROGRESS;D038_NR7_TickPath_M15_v1_00.mq5;1.00;RUN;21250000;246;36;210;0;0;35;35;35;10;25;0;0;0;0;0;0;0;0;35;35;EURUSD;PERIOD_M15;FOREX;USD5_PER_LOT_PER_SIDE;;D038_V100_RUN_EURUSD_TRADES.csv;D038_V100_RUN_EURUSD_STATS.csv;C:\Users\<REDACTED>\AppData\Roaming\MetaQuotes\Terminal\Common\Files\D038_V100_RUN_EURUSD_TRADES.csv;C:\Users\<REDACTED>\AppData\Roaming\MetaQuotes\Terminal\Common\Files\D038_V100_RUN_EURUSD_STATS.csv
PROGRESS;D038_NR7_TickPath_M15_v1_00.mq5;1.00;RUN;21500000;248;36;212;0;0;35;35;35;10;25;0;0;0;0;0;0;0;0;35;35;EURUSD;PERIOD_M15;FOREX;USD5_PER_LOT_PER_SIDE;;D038_V100_RUN_EURUSD_TRADES.csv;D038_V100_RUN_EURUSD_STATS.csv;C:\Users\<REDACTED>\AppData\Roaming\MetaQuotes\Terminal\Common\Files\D038_V100_RUN_EURUSD_TRADES.csv;C:\Users\<REDACTED>\AppData\Roaming\MetaQuotes\Terminal\Common\Files\D038_V100_RUN_EURUSD_STATS.csv
PROGRESS;D038_NR7_TickPath_M15_v1_00.mq5;1.00;RUN;21750000;249;36;213;0;0;35;35;35;10;25;0;0;0;0;0;0;0;0;35;35;EURUSD;PERIOD_M15;FOREX;USD5_PER_LOT_PER_SIDE;;D038_V100_RUN_EURUSD_TRADES.csv;D038_V100_RUN_EURUSD_STATS.csv;C:\Users\<REDACTED>\AppData\Roaming\MetaQuotes\Terminal\Common\Files\D038_V100_RUN_EURUSD_TRADES.csv;C:\Users\<REDACTED>\AppData\Roaming\MetaQuotes\Terminal\Common\Files\D038_V100_RUN_EURUSD_STATS.csv
PROGRESS;D038_NR7_TickPath_M15_v1_00.mq5;1.00;RUN;22000000;251;37;214;0;0;36;36;36;10;26;0;0;0;0;0;0;0;0;36;36;EURUSD;PERIOD_M15;FOREX;USD5_PER_LOT_PER_SIDE;;D038_V100_RUN_EURUSD_TRADES.csv;D038_V100_RUN_EURUSD_STATS.csv;C:\Users\<REDACTED>\AppData\Roaming\MetaQuotes\Terminal\Common\Files\D038_V100_RUN_EURUSD_TRADES.csv;C:\Users\<REDACTED>\AppData\Roaming\MetaQuotes\Terminal\Common\Files\D038_V100_RUN_EURUSD_STATS.csv
PROGRESS;D038_NR7_TickPath_M15_v1_00.mq5;1.00;RUN;22250000;251;37;214;0;0;36;36;36;10;26;0;0;0;0;0;0;0;0;36;36;EURUSD;PERIOD_M15;FOREX;USD5_PER_LOT_PER_SIDE;;D038_V100_RUN_EURUSD_TRADES.csv;D038_V100_RUN_EURUSD_STATS.csv;C:\Users\<REDACTED>\AppData\Roaming\MetaQuotes\Terminal\Common\Files\D038_V100_RUN_EURUSD_TRADES.csv;C:\Users\<REDACTED>\AppData\Roaming\MetaQuotes\Terminal\Common\Files\D038_V100_RUN_EURUSD_STATS.csv
PROGRESS;D038_NR7_TickPath_M15_v1_00.mq5;1.00;RUN;22500000;252;37;215;0;0;36;36;36;10;26;0;0;0;0;0;0;0;0;36;36;EURUSD;PERIOD_M15;FOREX;USD5_PER_LOT_PER_SIDE;;D038_V100_RUN_EURUSD_TRADES.csv;D038_V100_RUN_EURUSD_STATS.csv;C:\Users\<REDACTED>\AppData\Roaming\MetaQuotes\Terminal\Common\Files\D038_V100_RUN_EURUSD_TRADES.csv;C:\Users\<REDACTED>\AppData\Roaming\MetaQuotes\Terminal\Common\Files\D038_V100_RUN_EURUSD_STATS.csv
PROGRESS;D038_NR7_TickPath_M15_v1_00.mq5;1.00;RUN;22750000;252;37;215;0;0;36;36;36;10;26;0;0;0;0;0;0;0;0;36;36;EURUSD;PERIOD_M15;FOREX;USD5_PER_LOT_PER_SIDE;;D038_V100_RUN_EURUSD_TRADES.csv;D038_V100_RUN_EURUSD_STATS.csv;C:\Users\<REDACTED>\AppData\Roaming\MetaQuotes\Terminal\Common\Files\D038_V100_RUN_EURUSD_TRADES.csv;C:\Users\<REDACTED>\AppData\Roaming\MetaQuotes\Terminal\Common\Files\D038_V100_RUN_EURUSD_STATS.csv
PROGRESS;D038_NR7_TickPath_M15_v1_00.mq5;1.00;RUN;23000000;254;37;217;0;0;36;36;36;10;26;0;0;0;0;0;0;0;0;36;36;EURUSD;PERIOD_M15;FOREX;USD5_PER_LOT_PER_SIDE;;D038_V100_RUN_EURUSD_TRADES.csv;D038_V100_RUN_EURUSD_STATS.csv;C:\Users\<REDACTED>\AppData\Roaming\MetaQuotes\Terminal\Common\Files\D038_V100_RUN_EURUSD_TRADES.csv;C:\Users\<REDACTED>\AppData\Roaming\MetaQuotes\Terminal\Common\Files\D038_V100_RUN_EURUSD_STATS.csv
PROGRESS;D038_NR7_TickPath_M15_v1_00.mq5;1.00;RUN;23250000;258;38;220;0;0;37;37;37;10;27;0;0;0;0;0;0;0;0;37;37;EURUSD;PERIOD_M15;FOREX;USD5_PER_LOT_PER_SIDE;;D038_V100_RUN_EURUSD_TRADES.csv;D038_V100_RUN_EURUSD_STATS.csv;C:\Users\<REDACTED>\AppData\Roaming\MetaQuotes\Terminal\Common\Files\D038_V100_RUN_EURUSD_TRADES.csv;C:\Users\<REDACTED>\AppData\Roaming\MetaQuotes\Terminal\Common\Files\D038_V100_RUN_EURUSD_STATS.csv
PROGRESS;D038_NR7_TickPath_M15_v1_00.mq5;1.00;RUN;23500000;260;38;222;0;0;37;37;37;10;27;0;0;0;0;0;0;0;0;37;37;EURUSD;PERIOD_M15;FOREX;USD5_PER_LOT_PER_SIDE;;D038_V100_RUN_EURUSD_TRADES.csv;D038_V100_RUN_EURUSD_STATS.csv;C:\Users\<REDACTED>\AppData\Roaming\MetaQuotes\Terminal\Common\Files\D038_V100_RUN_EURUSD_TRADES.csv;C:\Users\<REDACTED>\AppData\Roaming\MetaQuotes\Terminal\Common\Files\D038_V100_RUN_EURUSD_STATS.csv
PROGRESS;D038_NR7_TickPath_M15_v1_00.mq5;1.00;RUN;23750000;262;38;224;0;0;37;37;37;10;27;0;0;0;0;0;0;0;0;37;37;EURUSD;PERIOD_M15;FOREX;USD5_PER_LOT_PER_SIDE;;D038_V100_RUN_EURUSD_TRADES.csv;D038_V100_RUN_EURUSD_STATS.csv;C:\Users\<REDACTED>\AppData\Roaming\MetaQuotes\Terminal\Common\Files\D038_V100_RUN_EURUSD_TRADES.csv;C:\Users\<REDACTED>\AppData\Roaming\MetaQuotes\Terminal\Common\Files\D038_V100_RUN_EURUSD_STATS.csv
PROGRESS;D038_NR7_TickPath_M15_v1_00.mq5;1.00;RUN;24000000;263;38;225;0;0;37;37;37;10;27;0;0;0;0;0;0;0;0;37;37;EURUSD;PERIOD_M15;FOREX;USD5_PER_LOT_PER_SIDE;;D038_V100_RUN_EURUSD_TRADES.csv;D038_V100_RUN_EURUSD_STATS.csv;C:\Users\<REDACTED>\AppData\Roaming\MetaQuotes\Terminal\Common\Files\D038_V100_RUN_EURUSD_TRADES.csv;C:\Users\<REDACTED>\AppData\Roaming\MetaQuotes\Terminal\Common\Files\D038_V100_RUN_EURUSD_STATS.csv
PROGRESS;D038_NR7_TickPath_M15_v1_00.mq5;1.00;RUN;24250000;264;38;226;0;0;37;37;37;10;27;0;0;0;0;0;0;0;0;37;37;EURUSD;PERIOD_M15;FOREX;USD5_PER_LOT_PER_SIDE;;D038_V100_RUN_EURUSD_TRADES.csv;D038_V100_RUN_EURUSD_STATS.csv;C:\Users\<REDACTED>\AppData\Roaming\MetaQuotes\Terminal\Common\Files\D038_V100_RUN_EURUSD_TRADES.csv;C:\Users\<REDACTED>\AppData\Roaming\MetaQuotes\Terminal\Common\Files\D038_V100_RUN_EURUSD_STATS.csv
PROGRESS;D038_NR7_TickPath_M15_v1_00.mq5;1.00;RUN;24500000;266;39;227;0;0;38;38;37;10;27;0;0;0;0;0;0;0;0;37;37;EURUSD;PERIOD_M15;FOREX;USD5_PER_LOT_PER_SIDE;;D038_V100_RUN_EURUSD_TRADES.csv;D038_V100_RUN_EURUSD_STATS.csv;C:\Users\<REDACTED>\AppData\Roaming\MetaQuotes\Terminal\Common\Files\D038_V100_RUN_EURUSD_TRADES.csv;C:\Users\<REDACTED>\AppData\Roaming\MetaQuotes\Terminal\Common\Files\D038_V100_RUN_EURUSD_STATS.csv
PROGRESS;D038_NR7_TickPath_M15_v1_00.mq5;1.00;RUN;24750000;268;39;229;0;0;38;38;38;10;28;0;0;0;0;0;0;0;0;38;38;EURUSD;PERIOD_M15;FOREX;USD5_PER_LOT_PER_SIDE;;D038_V100_RUN_EURUSD_TRADES.csv;D038_V100_RUN_EURUSD_STATS.csv;C:\Users\<REDACTED>\AppData\Roaming\MetaQuotes\Terminal\Common\Files\D038_V100_RUN_EURUSD_TRADES.csv;C:\Users\<REDACTED>\AppData\Roaming\MetaQuotes\Terminal\Common\Files\D038_V100_RUN_EURUSD_STATS.csv
PROGRESS;D038_NR7_TickPath_M15_v1_00.mq5;1.00;RUN;25000000;269;39;230;0;0;38;38;38;10;28;0;0;0;0;0;0;0;0;38;38;EURUSD;PERIOD_M15;FOREX;USD5_PER_LOT_PER_SIDE;;D038_V100_RUN_EURUSD_TRADES.csv;D038_V100_RUN_EURUSD_STATS.csv;C:\Users\<REDACTED>\AppData\Roaming\MetaQuotes\Terminal\Common\Files\D038_V100_RUN_EURUSD_TRADES.csv;C:\Users\<REDACTED>\AppData\Roaming\MetaQuotes\Terminal\Common\Files\D038_V100_RUN_EURUSD_STATS.csv
PROGRESS;D038_NR7_TickPath_M15_v1_00.mq5;1.00;RUN;25250000;271;39;232;0;0;38;38;38;10;28;0;0;0;0;0;0;0;0;38;38;EURUSD;PERIOD_M15;FOREX;USD5_PER_LOT_PER_SIDE;;D038_V100_RUN_EURUSD_TRADES.csv;D038_V100_RUN_EURUSD_STATS.csv;C:\Users\<REDACTED>\AppData\Roaming\MetaQuotes\Terminal\Common\Files\D038_V100_RUN_EURUSD_TRADES.csv;C:\Users\<REDACTED>\AppData\Roaming\MetaQuotes\Terminal\Common\Files\D038_V100_RUN_EURUSD_STATS.csv
PROGRESS;D038_NR7_TickPath_M15_v1_00.mq5;1.00;RUN;25500000;272;39;233;0;0;38;38;38;10;28;0;0;0;0;0;0;0;0;38;38;EURUSD;PERIOD_M15;FOREX;USD5_PER_LOT_PER_SIDE;;D038_V100_RUN_EURUSD_TRADES.csv;D038_V100_RUN_EURUSD_STATS.csv;C:\Users\<REDACTED>\AppData\Roaming\MetaQuotes\Terminal\Common\Files\D038_V100_RUN_EURUSD_TRADES.csv;C:\Users\<REDACTED>\AppData\Roaming\MetaQuotes\Terminal\Common\Files\D038_V100_RUN_EURUSD_STATS.csv
PROGRESS;D038_NR7_TickPath_M15_v1_00.mq5;1.00;RUN;25750000;274;39;235;0;0;38;38;38;10;28;0;0;0;0;0;0;0;0;38;38;EURUSD;PERIOD_M15;FOREX;USD5_PER_LOT_PER_SIDE;;D038_V100_RUN_EURUSD_TRADES.csv;D038_V100_RUN_EURUSD_STATS.csv;C:\Users\<REDACTED>\AppData\Roaming\MetaQuotes\Terminal\Common\Files\D038_V100_RUN_EURUSD_TRADES.csv;C:\Users\<REDACTED>\AppData\Roaming\MetaQuotes\Terminal\Common\Files\D038_V100_RUN_EURUSD_STATS.csv
PROGRESS;D038_NR7_TickPath_M15_v1_00.mq5;1.00;RUN;26000000;276;39;237;0;0;38;38;38;10;28;0;0;0;0;0;0;0;0;38;38;EURUSD;PERIOD_M15;FOREX;USD5_PER_LOT_PER_SIDE;;D038_V100_RUN_EURUSD_TRADES.csv;D038_V100_RUN_EURUSD_STATS.csv;C:\Users\<REDACTED>\AppData\Roaming\MetaQuotes\Terminal\Common\Files\D038_V100_RUN_EURUSD_TRADES.csv;C:\Users\<REDACTED>\AppData\Roaming\MetaQuotes\Terminal\Common\Files\D038_V100_RUN_EURUSD_STATS.csv
PROGRESS;D038_NR7_TickPath_M15_v1_00.mq5;1.00;RUN;26250000;277;39;238;0;0;38;38;38;10;28;0;0;0;0;0;0;0;0;38;38;EURUSD;PERIOD_M15;FOREX;USD5_PER_LOT_PER_SIDE;;D038_V100_RUN_EURUSD_TRADES.csv;D038_V100_RUN_EURUSD_STATS.csv;C:\Users\<REDACTED>\AppData\Roaming\MetaQuotes\Terminal\Common\Files\D038_V100_RUN_EURUSD_TRADES.csv;C:\Users\<REDACTED>\AppData\Roaming\MetaQuotes\Terminal\Common\Files\D038_V100_RUN_EURUSD_STATS.csv
PROGRESS;D038_NR7_TickPath_M15_v1_00.mq5;1.00;RUN;26500000;279;39;240;0;0;38;38;38;10;28;0;0;0;0;0;0;0;0;38;38;EURUSD;PERIOD_M15;FOREX;USD5_PER_LOT_PER_SIDE;;D038_V100_RUN_EURUSD_TRADES.csv;D038_V100_RUN_EURUSD_STATS.csv;C:\Users\<REDACTED>\AppData\Roaming\MetaQuotes\Terminal\Common\Files\D038_V100_RUN_EURUSD_TRADES.csv;C:\Users\<REDACTED>\AppData\Roaming\MetaQuotes\Terminal\Common\Files\D038_V100_RUN_EURUSD_STATS.csv
PROGRESS;D038_NR7_TickPath_M15_v1_00.mq5;1.00;RUN;26750000;281;40;241;0;0;39;39;39;10;29;0;0;0;0;0;0;0;0;39;39;EURUSD;PERIOD_M15;FOREX;USD5_PER_LOT_PER_SIDE;;D038_V100_RUN_EURUSD_TRADES.csv;D038_V100_RUN_EURUSD_STATS.csv;C:\Users\<REDACTED>\AppData\Roaming\MetaQuotes\Terminal\Common\Files\D038_V100_RUN_EURUSD_TRADES.csv;C:\Users\<REDACTED>\AppData\Roaming\MetaQuotes\Terminal\Common\Files\D038_V100_RUN_EURUSD_STATS.csv
PROGRESS;D038_NR7_TickPath_M15_v1_00.mq5;1.00;RUN;27000000;282;40;242;0;0;39;39;39;10;29;0;0;0;0;0;0;0;0;39;39;EURUSD;PERIOD_M15;FOREX;USD5_PER_LOT_PER_SIDE;;D038_V100_RUN_EURUSD_TRADES.csv;D038_V100_RUN_EURUSD_STATS.csv;C:\Users\<REDACTED>\AppData\Roaming\MetaQuotes\Terminal\Common\Files\D038_V100_RUN_EURUSD_TRADES.csv;C:\Users\<REDACTED>\AppData\Roaming\MetaQuotes\Terminal\Common\Files\D038_V100_RUN_EURUSD_STATS.csv
PROGRESS;D038_NR7_TickPath_M15_v1_00.mq5;1.00;RUN;27250000;283;40;243;0;0;39;39;39;10;29;0;0;0;0;0;0;0;0;39;39;EURUSD;PERIOD_M15;FOREX;USD5_PER_LOT_PER_SIDE;;D038_V100_RUN_EURUSD_TRADES.csv;D038_V100_RUN_EURUSD_STATS.csv;C:\Users\<REDACTED>\AppData\Roaming\MetaQuotes\Terminal\Common\Files\D038_V100_RUN_EURUSD_TRADES.csv;C:\Users\<REDACTED>\AppData\Roaming\MetaQuotes\Terminal\Common\Files\D038_V100_RUN_EURUSD_STATS.csv
PROGRESS;D038_NR7_TickPath_M15_v1_00.mq5;1.00;RUN;27500000;284;40;244;0;0;39;39;39;10;29;0;0;0;0;0;0;0;0;39;39;EURUSD;PERIOD_M15;FOREX;USD5_PER_LOT_PER_SIDE;;D038_V100_RUN_EURUSD_TRADES.csv;D038_V100_RUN_EURUSD_STATS.csv;C:\Users\<REDACTED>\AppData\Roaming\MetaQuotes\Terminal\Common\Files\D038_V100_RUN_EURUSD_TRADES.csv;C:\Users\<REDACTED>\AppData\Roaming\MetaQuotes\Terminal\Common\Files\D038_V100_RUN_EURUSD_STATS.csv
PROGRESS;D038_NR7_TickPath_M15_v1_00.mq5;1.00;RUN;27750000;286;41;245;0;0;40;40;40;11;29;0;0;0;0;0;0;0;0;40;40;EURUSD;PERIOD_M15;FOREX;USD5_PER_LOT_PER_SIDE;;D038_V100_RUN_EURUSD_TRADES.csv;D038_V100_RUN_EURUSD_STATS.csv;C:\Users\<REDACTED>\AppData\Roaming\MetaQuotes\Terminal\Common\Files\D038_V100_RUN_EURUSD_TRADES.csv;C:\Users\<REDACTED>\AppData\Roaming\MetaQuotes\Terminal\Common\Files\D038_V100_RUN_EURUSD_STATS.csv
PROGRESS;D038_NR7_TickPath_M15_v1_00.mq5;1.00;RUN;28000000;288;41;247;0;0;40;40;40;11;29;0;0;0;0;0;0;0;0;40;40;EURUSD;PERIOD_M15;FOREX;USD5_PER_LOT_PER_SIDE;;D038_V100_RUN_EURUSD_TRADES.csv;D038_V100_RUN_EURUSD_STATS.csv;C:\Users\<REDACTED>\AppData\Roaming\MetaQuotes\Terminal\Common\Files\D038_V100_RUN_EURUSD_TRADES.csv;C:\Users\<REDACTED>\AppData\Roaming\MetaQuotes\Terminal\Common\Files\D038_V100_RUN_EURUSD_STATS.csv
PROGRESS;D038_NR7_TickPath_M15_v1_00.mq5;1.00;RUN;28250000;290;41;249;0;0;40;40;40;11;29;0;0;0;0;0;0;0;0;40;40;EURUSD;PERIOD_M15;FOREX;USD5_PER_LOT_PER_SIDE;;D038_V100_RUN_EURUSD_TRADES.csv;D038_V100_RUN_EURUSD_STATS.csv;C:\Users\<REDACTED>\AppData\Roaming\MetaQuotes\Terminal\Common\Files\D038_V100_RUN_EURUSD_TRADES.csv;C:\Users\<REDACTED>\AppData\Roaming\MetaQuotes\Terminal\Common\Files\D038_V100_RUN_EURUSD_STATS.csv
PROGRESS;D038_NR7_TickPath_M15_v1_00.mq5;1.00;RUN;28500000;292;41;251;0;0;40;40;40;11;29;0;0;0;0;0;0;0;0;40;40;EURUSD;PERIOD_M15;FOREX;USD5_PER_LOT_PER_SIDE;;D038_V100_RUN_EURUSD_TRADES.csv;D038_V100_RUN_EURUSD_STATS.csv;C:\Users\<REDACTED>\AppData\Roaming\MetaQuotes\Terminal\Common\Files\D038_V100_RUN_EURUSD_TRADES.csv;C:\Users\<REDACTED>\AppData\Roaming\MetaQuotes\Terminal\Common\Files\D038_V100_RUN_EURUSD_STATS.csv
PROGRESS;D038_NR7_TickPath_M15_v1_00.mq5;1.00;RUN;28750000;294;42;252;0;0;41;41;41;11;30;0;0;0;0;0;0;0;0;41;41;EURUSD;PERIOD_M15;FOREX;USD5_PER_LOT_PER_SIDE;;D038_V100_RUN_EURUSD_TRADES.csv;D038_V100_RUN_EURUSD_STATS.csv;C:\Users\<REDACTED>\AppData\Roaming\MetaQuotes\Terminal\Common\Files\D038_V100_RUN_EURUSD_TRADES.csv;C:\Users\<REDACTED>\AppData\Roaming\MetaQuotes\Terminal\Common\Files\D038_V100_RUN_EURUSD_STATS.csv
PROGRESS;D038_NR7_TickPath_M15_v1_00.mq5;1.00;RUN;29000000;297;42;255;0;0;41;41;41;11;30;0;0;0;0;0;0;0;0;41;41;EURUSD;PERIOD_M15;FOREX;USD5_PER_LOT_PER_SIDE;;D038_V100_RUN_EURUSD_TRADES.csv;D038_V100_RUN_EURUSD_STATS.csv;C:\Users\<REDACTED>\AppData\Roaming\MetaQuotes\Terminal\Common\Files\D038_V100_RUN_EURUSD_TRADES.csv;C:\Users\<REDACTED>\AppData\Roaming\MetaQuotes\Terminal\Common\Files\D038_V100_RUN_EURUSD_STATS.csv
PROGRESS;D038_NR7_TickPath_M15_v1_00.mq5;1.00;RUN;29250000;299;42;257;0;0;41;41;41;11;30;0;0;0;0;0;0;0;0;41;41;EURUSD;PERIOD_M15;FOREX;USD5_PER_LOT_PER_SIDE;;D038_V100_RUN_EURUSD_TRADES.csv;D038_V100_RUN_EURUSD_STATS.csv;C:\Users\<REDACTED>\AppData\Roaming\MetaQuotes\Terminal\Common\Files\D038_V100_RUN_EURUSD_TRADES.csv;C:\Users\<REDACTED>\AppData\Roaming\MetaQuotes\Terminal\Common\Files\D038_V100_RUN_EURUSD_STATS.csv
PROGRESS;D038_NR7_TickPath_M15_v1_00.mq5;1.00;RUN;29500000;301;42;259;0;0;41;41;41;11;30;0;0;0;0;0;0;0;0;41;41;EURUSD;PERIOD_M15;FOREX;USD5_PER_LOT_PER_SIDE;;D038_V100_RUN_EURUSD_TRADES.csv;D038_V100_RUN_EURUSD_STATS.csv;C:\Users\<REDACTED>\AppData\Roaming\MetaQuotes\Terminal\Common\Files\D038_V100_RUN_EURUSD_TRADES.csv;C:\Users\<REDACTED>\AppData\Roaming\MetaQuotes\Terminal\Common\Files\D038_V100_RUN_EURUSD_STATS.csv
PROGRESS;D038_NR7_TickPath_M15_v1_00.mq5;1.00;RUN;29750000;302;42;260;0;0;41;41;41;11;30;0;0;0;0;0;0;0;0;41;41;EURUSD;PERIOD_M15;FOREX;USD5_PER_LOT_PER_SIDE;;D038_V100_RUN_EURUSD_TRADES.csv;D038_V100_RUN_EURUSD_STATS.csv;C:\Users\<REDACTED>\AppData\Roaming\MetaQuotes\Terminal\Common\Files\D038_V100_RUN_EURUSD_TRADES.csv;C:\Users\<REDACTED>\AppData\Roaming\MetaQuotes\Terminal\Common\Files\D038_V100_RUN_EURUSD_STATS.csv
PROGRESS;D038_NR7_TickPath_M15_v1_00.mq5;1.00;RUN;30000000;303;42;261;0;0;41;41;41;11;30;0;0;0;0;0;0;0;0;41;41;EURUSD;PERIOD_M15;FOREX;USD5_PER_LOT_PER_SIDE;;D038_V100_RUN_EURUSD_TRADES.csv;D038_V100_RUN_EURUSD_STATS.csv;C:\Users\<REDACTED>\AppData\Roaming\MetaQuotes\Terminal\Common\Files\D038_V100_RUN_EURUSD_TRADES.csv;C:\Users\<REDACTED>\AppData\Roaming\MetaQuotes\Terminal\Common\Files\D038_V100_RUN_EURUSD_STATS.csv
PROGRESS;D038_NR7_TickPath_M15_v1_00.mq5;1.00;RUN;30250000;304;42;262;0;0;41;41;41;11;30;0;0;0;0;0;0;0;0;41;41;EURUSD;PERIOD_M15;FOREX;USD5_PER_LOT_PER_SIDE;;D038_V100_RUN_EURUSD_TRADES.csv;D038_V100_RUN_EURUSD_STATS.csv;C:\Users\<REDACTED>\AppData\Roaming\MetaQuotes\Terminal\Common\Files\D038_V100_RUN_EURUSD_TRADES.csv;C:\Users\<REDACTED>\AppData\Roaming\MetaQuotes\Terminal\Common\Files\D038_V100_RUN_EURUSD_STATS.csv
PROGRESS;D038_NR7_TickPath_M15_v1_00.mq5;1.00;RUN;30500000;305;42;263;0;0;41;41;41;11;30;0;0;0;0;0;0;0;0;41;41;EURUSD;PERIOD_M15;FOREX;USD5_PER_LOT_PER_SIDE;;D038_V100_RUN_EURUSD_TRADES.csv;D038_V100_RUN_EURUSD_STATS.csv;C:\Users\<REDACTED>\AppData\Roaming\MetaQuotes\Terminal\Common\Files\D038_V100_RUN_EURUSD_TRADES.csv;C:\Users\<REDACTED>\AppData\Roaming\MetaQuotes\Terminal\Common\Files\D038_V100_RUN_EURUSD_STATS.csv
PROGRESS;D038_NR7_TickPath_M15_v1_00.mq5;1.00;RUN;30750000;307;42;265;0;0;41;41;41;11;30;0;0;0;0;0;0;0;0;41;41;EURUSD;PERIOD_M15;FOREX;USD5_PER_LOT_PER_SIDE;;D038_V100_RUN_EURUSD_TRADES.csv;D038_V100_RUN_EURUSD_STATS.csv;C:\Users\<REDACTED>\AppData\Roaming\MetaQuotes\Terminal\Common\Files\D038_V100_RUN_EURUSD_TRADES.csv;C:\Users\<REDACTED>\AppData\Roaming\MetaQuotes\Terminal\Common\Files\D038_V100_RUN_EURUSD_STATS.csv
PROGRESS;D038_NR7_TickPath_M15_v1_00.mq5;1.00;RUN;31000000;308;42;266;0;0;41;41;41;11;30;0;0;0;0;0;0;0;0;41;41;EURUSD;PERIOD_M15;FOREX;USD5_PER_LOT_PER_SIDE;;D038_V100_RUN_EURUSD_TRADES.csv;D038_V100_RUN_EURUSD_STATS.csv;C:\Users\<REDACTED>\AppData\Roaming\MetaQuotes\Terminal\Common\Files\D038_V100_RUN_EURUSD_TRADES.csv;C:\Users\<REDACTED>\AppData\Roaming\MetaQuotes\Terminal\Common\Files\D038_V100_RUN_EURUSD_STATS.csv
PROGRESS;D038_NR7_TickPath_M15_v1_00.mq5;1.00;RUN;31250000;309;42;267;0;0;41;41;41;11;30;0;0;0;0;0;0;0;0;41;41;EURUSD;PERIOD_M15;FOREX;USD5_PER_LOT_PER_SIDE;;D038_V100_RUN_EURUSD_TRADES.csv;D038_V100_RUN_EURUSD_STATS.csv;C:\Users\<REDACTED>\AppData\Roaming\MetaQuotes\Terminal\Common\Files\D038_V100_RUN_EURUSD_TRADES.csv;C:\Users\<REDACTED>\AppData\Roaming\MetaQuotes\Terminal\Common\Files\D038_V100_RUN_EURUSD_STATS.csv
PROGRESS;D038_NR7_TickPath_M15_v1_00.mq5;1.00;RUN;31500000;311;43;268;0;0;42;42;42;11;31;0;0;0;0;0;0;0;0;42;42;EURUSD;PERIOD_M15;FOREX;USD5_PER_LOT_PER_SIDE;;D038_V100_RUN_EURUSD_TRADES.csv;D038_V100_RUN_EURUSD_STATS.csv;C:\Users\<REDACTED>\AppData\Roaming\MetaQuotes\Terminal\Common\Files\D038_V100_RUN_EURUSD_TRADES.csv;C:\Users\<REDACTED>\AppData\Roaming\MetaQuotes\Terminal\Common\Files\D038_V100_RUN_EURUSD_STATS.csv
PROGRESS;D038_NR7_TickPath_M15_v1_00.mq5;1.00;RUN;31750000;313;43;270;0;0;42;42;42;11;31;0;0;0;0;0;0;0;0;42;42;EURUSD;PERIOD_M15;FOREX;USD5_PER_LOT_PER_SIDE;;D038_V100_RUN_EURUSD_TRADES.csv;D038_V100_RUN_EURUSD_STATS.csv;C:\Users\<REDACTED>\AppData\Roaming\MetaQuotes\Terminal\Common\Files\D038_V100_RUN_EURUSD_TRADES.csv;C:\Users\<REDACTED>\AppData\Roaming\MetaQuotes\Terminal\Common\Files\D038_V100_RUN_EURUSD_STATS.csv
PROGRESS;D038_NR7_TickPath_M15_v1_00.mq5;1.00;RUN;32000000;315;43;272;0;0;42;42;42;11;31;0;0;0;0;0;0;0;0;42;42;EURUSD;PERIOD_M15;FOREX;USD5_PER_LOT_PER_SIDE;;D038_V100_RUN_EURUSD_TRADES.csv;D038_V100_RUN_EURUSD_STATS.csv;C:\Users\<REDACTED>\AppData\Roaming\MetaQuotes\Terminal\Common\Files\D038_V100_RUN_EURUSD_TRADES.csv;C:\Users\<REDACTED>\AppData\Roaming\MetaQuotes\Terminal\Common\Files\D038_V100_RUN_EURUSD_STATS.csv
PROGRESS;D038_NR7_TickPath_M15_v1_00.mq5;1.00;RUN;32250000;317;43;274;0;0;42;42;42;11;31;0;0;0;0;0;0;0;0;42;42;EURUSD;PERIOD_M15;FOREX;USD5_PER_LOT_PER_SIDE;;D038_V100_RUN_EURUSD_TRADES.csv;D038_V100_RUN_EURUSD_STATS.csv;C:\Users\<REDACTED>\AppData\Roaming\MetaQuotes\Terminal\Common\Files\D038_V100_RUN_EURUSD_TRADES.csv;C:\Users\<REDACTED>\AppData\Roaming\MetaQuotes\Terminal\Common\Files\D038_V100_RUN_EURUSD_STATS.csv
PROGRESS;D038_NR7_TickPath_M15_v1_00.mq5;1.00;RUN;32500000;319;44;275;0;0;43;43;42;11;31;0;0;0;0;0;0;0;0;42;42;EURUSD;PERIOD_M15;FOREX;USD5_PER_LOT_PER_SIDE;;D038_V100_RUN_EURUSD_TRADES.csv;D038_V100_RUN_EURUSD_STATS.csv;C:\Users\<REDACTED>\AppData\Roaming\MetaQuotes\Terminal\Common\Files\D038_V100_RUN_EURUSD_TRADES.csv;C:\Users\<REDACTED>\AppData\Roaming\MetaQuotes\Terminal\Common\Files\D038_V100_RUN_EURUSD_STATS.csv
PROGRESS;D038_NR7_TickPath_M15_v1_00.mq5;1.00;RUN;32750000;322;44;278;0;0;43;43;43;11;32;0;0;0;0;0;0;0;0;43;43;EURUSD;PERIOD_M15;FOREX;USD5_PER_LOT_PER_SIDE;;D038_V100_RUN_EURUSD_TRADES.csv;D038_V100_RUN_EURUSD_STATS.csv;C:\Users\<REDACTED>\AppData\Roaming\MetaQuotes\Terminal\Common\Files\D038_V100_RUN_EURUSD_TRADES.csv;C:\Users\<REDACTED>\AppData\Roaming\MetaQuotes\Terminal\Common\Files\D038_V100_RUN_EURUSD_STATS.csv
PROGRESS;D038_NR7_TickPath_M15_v1_00.mq5;1.00;RUN;33000000;324;45;279;0;0;43;43;43;11;32;0;0;0;0;0;0;0;0;43;43;EURUSD;PERIOD_M15;FOREX;USD5_PER_LOT_PER_SIDE;;D038_V100_RUN_EURUSD_TRADES.csv;D038_V100_RUN_EURUSD_STATS.csv;C:\Users\<REDACTED>\AppData\Roaming\MetaQuotes\Terminal\Common\Files\D038_V100_RUN_EURUSD_TRADES.csv;C:\Users\<REDACTED>\AppData\Roaming\MetaQuotes\Terminal\Common\Files\D038_V100_RUN_EURUSD_STATS.csv
PROGRESS;D038_NR7_TickPath_M15_v1_00.mq5;1.00;RUN;33250000;325;45;280;0;0;44;44;44;11;33;0;0;0;0;0;0;0;0;44;44;EURUSD;PERIOD_M15;FOREX;USD5_PER_LOT_PER_SIDE;;D038_V100_RUN_EURUSD_TRADES.csv;D038_V100_RUN_EURUSD_STATS.csv;C:\Users\<REDACTED>\AppData\Roaming\MetaQuotes\Terminal\Common\Files\D038_V100_RUN_EURUSD_TRADES.csv;C:\Users\<REDACTED>\AppData\Roaming\MetaQuotes\Terminal\Common\Files\D038_V100_RUN_EURUSD_STATS.csv
PROGRESS;D038_NR7_TickPath_M15_v1_00.mq5;1.00;RUN;33500000;326;45;281;0;0;44;44;44;11;33;0;0;0;0;0;0;0;0;44;44;EURUSD;PERIOD_M15;FOREX;USD5_PER_LOT_PER_SIDE;;D038_V100_RUN_EURUSD_TRADES.csv;D038_V100_RUN_EURUSD_STATS.csv;C:\Users\<REDACTED>\AppData\Roaming\MetaQuotes\Terminal\Common\Files\D038_V100_RUN_EURUSD_TRADES.csv;C:\Users\<REDACTED>\AppData\Roaming\MetaQuotes\Terminal\Common\Files\D038_V100_RUN_EURUSD_STATS.csv
PROGRESS;D038_NR7_TickPath_M15_v1_00.mq5;1.00;RUN;33750000;326;45;281;0;0;44;44;44;11;33;0;0;0;0;0;0;0;0;44;44;EURUSD;PERIOD_M15;FOREX;USD5_PER_LOT_PER_SIDE;;D038_V100_RUN_EURUSD_TRADES.csv;D038_V100_RUN_EURUSD_STATS.csv;C:\Users\<REDACTED>\AppData\Roaming\MetaQuotes\Terminal\Common\Files\D038_V100_RUN_EURUSD_TRADES.csv;C:\Users\<REDACTED>\AppData\Roaming\MetaQuotes\Terminal\Common\Files\D038_V100_RUN_EURUSD_STATS.csv
PROGRESS;D038_NR7_TickPath_M15_v1_00.mq5;1.00;RUN;34000000;327;45;282;0;0;44;44;44;11;33;0;0;0;0;0;0;0;0;44;44;EURUSD;PERIOD_M15;FOREX;USD5_PER_LOT_PER_SIDE;;D038_V100_RUN_EURUSD_TRADES.csv;D038_V100_RUN_EURUSD_STATS.csv;C:\Users\<REDACTED>\AppData\Roaming\MetaQuotes\Terminal\Common\Files\D038_V100_RUN_EURUSD_TRADES.csv;C:\Users\<REDACTED>\AppData\Roaming\MetaQuotes\Terminal\Common\Files\D038_V100_RUN_EURUSD_STATS.csv
PROGRESS;D038_NR7_TickPath_M15_v1_00.mq5;1.00;RUN;34250000;327;45;282;0;0;44;44;44;11;33;0;0;0;0;0;0;0;0;44;44;EURUSD;PERIOD_M15;FOREX;USD5_PER_LOT_PER_SIDE;;D038_V100_RUN_EURUSD_TRADES.csv;D038_V100_RUN_EURUSD_STATS.csv;C:\Users\<REDACTED>\AppData\Roaming\MetaQuotes\Terminal\Common\Files\D038_V100_RUN_EURUSD_TRADES.csv;C:\Users\<REDACTED>\AppData\Roaming\MetaQuotes\Terminal\Common\Files\D038_V100_RUN_EURUSD_STATS.csv
PROGRESS;D038_NR7_TickPath_M15_v1_00.mq5;1.00;RUN;34500000;328;45;283;0;0;44;44;44;11;33;0;0;0;0;0;0;0;0;44;44;EURUSD;PERIOD_M15;FOREX;USD5_PER_LOT_PER_SIDE;;D038_V100_RUN_EURUSD_TRADES.csv;D038_V100_RUN_EURUSD_STATS.csv;C:\Users\<REDACTED>\AppData\Roaming\MetaQuotes\Terminal\Common\Files\D038_V100_RUN_EURUSD_TRADES.csv;C:\Users\<REDACTED>\AppData\Roaming\MetaQuotes\Terminal\Common\Files\D038_V100_RUN_EURUSD_STATS.csv
PROGRESS;D038_NR7_TickPath_M15_v1_00.mq5;1.00;RUN;34750000;329;45;284;0;0;44;44;44;11;33;0;0;0;0;0;0;0;0;44;44;EURUSD;PERIOD_M15;FOREX;USD5_PER_LOT_PER_SIDE;;D038_V100_RUN_EURUSD_TRADES.csv;D038_V100_RUN_EURUSD_STATS.csv;C:\Users\<REDACTED>\AppData\Roaming\MetaQuotes\Terminal\Common\Files\D038_V100_RUN_EURUSD_TRADES.csv;C:\Users\<REDACTED>\AppData\Roaming\MetaQuotes\Terminal\Common\Files\D038_V100_RUN_EURUSD_STATS.csv
PROGRESS;D038_NR7_TickPath_M15_v1_00.mq5;1.00;RUN;35000000;329;45;284;0;0;44;44;44;11;33;0;0;0;0;0;0;0;0;44;44;EURUSD;PERIOD_M15;FOREX;USD5_PER_LOT_PER_SIDE;;D038_V100_RUN_EURUSD_TRADES.csv;D038_V100_RUN_EURUSD_STATS.csv;C:\Users\<REDACTED>\AppData\Roaming\MetaQuotes\Terminal\Common\Files\D038_V100_RUN_EURUSD_TRADES.csv;C:\Users\<REDACTED>\AppData\Roaming\MetaQuotes\Terminal\Common\Files\D038_V100_RUN_EURUSD_STATS.csv
PROGRESS;D038_NR7_TickPath_M15_v1_00.mq5;1.00;RUN;35250000;330;45;285;0;0;44;44;44;11;33;0;0;0;0;0;0;0;0;44;44;EURUSD;PERIOD_M15;FOREX;USD5_PER_LOT_PER_SIDE;;D038_V100_RUN_EURUSD_TRADES.csv;D038_V100_RUN_EURUSD_STATS.csv;C:\Users\<REDACTED>\AppData\Roaming\MetaQuotes\Terminal\Common\Files\D038_V100_RUN_EURUSD_TRADES.csv;C:\Users\<REDACTED>\AppData\Roaming\MetaQuotes\Terminal\Common\Files\D038_V100_RUN_EURUSD_STATS.csv
PROGRESS;D038_NR7_TickPath_M15_v1_00.mq5;1.00;RUN;35500000;331;45;286;0;0;44;44;44;11;33;0;0;0;0;0;0;0;0;44;44;EURUSD;PERIOD_M15;FOREX;USD5_PER_LOT_PER_SIDE;;D038_V100_RUN_EURUSD_TRADES.csv;D038_V100_RUN_EURUSD_STATS.csv;C:\Users\<REDACTED>\AppData\Roaming\MetaQuotes\Terminal\Common\Files\D038_V100_RUN_EURUSD_TRADES.csv;C:\Users\<REDACTED>\AppData\Roaming\MetaQuotes\Terminal\Common\Files\D038_V100_RUN_EURUSD_STATS.csv
PROGRESS;D038_NR7_TickPath_M15_v1_00.mq5;1.00;RUN;35750000;331;45;286;0;0;44;44;44;11;33;0;0;0;0;0;0;0;0;44;44;EURUSD;PERIOD_M15;FOREX;USD5_PER_LOT_PER_SIDE;;D038_V100_RUN_EURUSD_TRADES.csv;D038_V100_RUN_EURUSD_STATS.csv;C:\Users\<REDACTED>\AppData\Roaming\MetaQuotes\Terminal\Common\Files\D038_V100_RUN_EURUSD_TRADES.csv;C:\Users\<REDACTED>\AppData\Roaming\MetaQuotes\Terminal\Common\Files\D038_V100_RUN_EURUSD_STATS.csv
PROGRESS;D038_NR7_TickPath_M15_v1_00.mq5;1.00;RUN;36000000;332;45;287;0;0;44;44;44;11;33;0;0;0;0;0;0;0;0;44;44;EURUSD;PERIOD_M15;FOREX;USD5_PER_LOT_PER_SIDE;;D038_V100_RUN_EURUSD_TRADES.csv;D038_V100_RUN_EURUSD_STATS.csv;C:\Users\<REDACTED>\AppData\Roaming\MetaQuotes\Terminal\Common\Files\D038_V100_RUN_EURUSD_TRADES.csv;C:\Users\<REDACTED>\AppData\Roaming\MetaQuotes\Terminal\Common\Files\D038_V100_RUN_EURUSD_STATS.csv
PROGRESS;D038_NR7_TickPath_M15_v1_00.mq5;1.00;RUN;36250000;333;45;288;0;0;44;44;44;11;33;0;0;0;0;0;0;0;0;44;44;EURUSD;PERIOD_M15;FOREX;USD5_PER_LOT_PER_SIDE;;D038_V100_RUN_EURUSD_TRADES.csv;D038_V100_RUN_EURUSD_STATS.csv;C:\Users\<REDACTED>\AppData\Roaming\MetaQuotes\Terminal\Common\Files\D038_V100_RUN_EURUSD_TRADES.csv;C:\Users\<REDACTED>\AppData\Roaming\MetaQuotes\Terminal\Common\Files\D038_V100_RUN_EURUSD_STATS.csv
PROGRESS;D038_NR7_TickPath_M15_v1_00.mq5;1.00;RUN;36500000;334;45;289;0;0;44;44;44;11;33;0;0;0;0;0;0;0;0;44;44;EURUSD;PERIOD_M15;FOREX;USD5_PER_LOT_PER_SIDE;;D038_V100_RUN_EURUSD_TRADES.csv;D038_V100_RUN_EURUSD_STATS.csv;C:\Users\<REDACTED>\AppData\Roaming\MetaQuotes\Terminal\Common\Files\D038_V100_RUN_EURUSD_TRADES.csv;C:\Users\<REDACTED>\AppData\Roaming\MetaQuotes\Terminal\Common\Files\D038_V100_RUN_EURUSD_STATS.csv
PROGRESS;D038_NR7_TickPath_M15_v1_00.mq5;1.00;RUN;36750000;335;45;290;0;0;44;44;44;11;33;0;0;0;0;0;0;0;0;44;44;EURUSD;PERIOD_M15;FOREX;USD5_PER_LOT_PER_SIDE;;D038_V100_RUN_EURUSD_TRADES.csv;D038_V100_RUN_EURUSD_STATS.csv;C:\Users\<REDACTED>\AppData\Roaming\MetaQuotes\Terminal\Common\Files\D038_V100_RUN_EURUSD_TRADES.csv;C:\Users\<REDACTED>\AppData\Roaming\MetaQuotes\Terminal\Common\Files\D038_V100_RUN_EURUSD_STATS.csv
PROGRESS;D038_NR7_TickPath_M15_v1_00.mq5;1.00;RUN;37000000;336;46;290;0;0;44;44;44;11;33;0;0;0;0;0;0;0;0;44;44;EURUSD;PERIOD_M15;FOREX;USD5_PER_LOT_PER_SIDE;;D038_V100_RUN_EURUSD_TRADES.csv;D038_V100_RUN_EURUSD_STATS.csv;C:\Users\<REDACTED>\AppData\Roaming\MetaQuotes\Terminal\Common\Files\D038_V100_RUN_EURUSD_TRADES.csv;C:\Users\<REDACTED>\AppData\Roaming\MetaQuotes\Terminal\Common\Files\D038_V100_RUN_EURUSD_STATS.csv
PROGRESS;D038_NR7_TickPath_M15_v1_00.mq5;1.00;RUN;37250000;338;47;291;0;0;45;45;45;11;34;0;0;0;0;0;0;0;0;45;45;EURUSD;PERIOD_M15;FOREX;USD5_PER_LOT_PER_SIDE;;D038_V100_RUN_EURUSD_TRADES.csv;D038_V100_RUN_EURUSD_STATS.csv;C:\Users\<REDACTED>\AppData\Roaming\MetaQuotes\Terminal\Common\Files\D038_V100_RUN_EURUSD_TRADES.csv;C:\Users\<REDACTED>\AppData\Roaming\MetaQuotes\Terminal\Common\Files\D038_V100_RUN_EURUSD_STATS.csv
PROGRESS;D038_NR7_TickPath_M15_v1_00.mq5;1.00;RUN;37500000;340;47;293;0;0;45;45;45;11;34;0;0;0;0;0;0;0;0;45;45;EURUSD;PERIOD_M15;FOREX;USD5_PER_LOT_PER_SIDE;;D038_V100_RUN_EURUSD_TRADES.csv;D038_V100_RUN_EURUSD_STATS.csv;C:\Users\<REDACTED>\AppData\Roaming\MetaQuotes\Terminal\Common\Files\D038_V100_RUN_EURUSD_TRADES.csv;C:\Users\<REDACTED>\AppData\Roaming\MetaQuotes\Terminal\Common\Files\D038_V100_RUN_EURUSD_STATS.csv
PROGRESS;D038_NR7_TickPath_M15_v1_00.mq5;1.00;RUN;37750000;342;47;295;0;0;45;45;45;11;34;0;0;0;0;0;0;0;0;45;45;EURUSD;PERIOD_M15;FOREX;USD5_PER_LOT_PER_SIDE;;D038_V100_RUN_EURUSD_TRADES.csv;D038_V100_RUN_EURUSD_STATS.csv;C:\Users\<REDACTED>\AppData\Roaming\MetaQuotes\Terminal\Common\Files\D038_V100_RUN_EURUSD_TRADES.csv;C:\Users\<REDACTED>\AppData\Roaming\MetaQuotes\Terminal\Common\Files\D038_V100_RUN_EURUSD_STATS.csv
PROGRESS;D038_NR7_TickPath_M15_v1_00.mq5;1.00;RUN;38000000;344;48;296;0;0;46;46;45;11;34;0;0;0;0;0;0;0;0;45;45;EURUSD;PERIOD_M15;FOREX;USD5_PER_LOT_PER_SIDE;;D038_V100_RUN_EURUSD_TRADES.csv;D038_V100_RUN_EURUSD_STATS.csv;C:\Users\<REDACTED>\AppData\Roaming\MetaQuotes\Terminal\Common\Files\D038_V100_RUN_EURUSD_TRADES.csv;C:\Users\<REDACTED>\AppData\Roaming\MetaQuotes\Terminal\Common\Files\D038_V100_RUN_EURUSD_STATS.csv
PROGRESS;D038_NR7_TickPath_M15_v1_00.mq5;1.00;RUN;38250000;347;48;299;0;0;46;46;46;11;35;0;0;0;0;0;0;0;0;46;46;EURUSD;PERIOD_M15;FOREX;USD5_PER_LOT_PER_SIDE;;D038_V100_RUN_EURUSD_TRADES.csv;D038_V100_RUN_EURUSD_STATS.csv;C:\Users\<REDACTED>\AppData\Roaming\MetaQuotes\Terminal\Common\Files\D038_V100_RUN_EURUSD_TRADES.csv;C:\Users\<REDACTED>\AppData\Roaming\MetaQuotes\Terminal\Common\Files\D038_V100_RUN_EURUSD_STATS.csv
PROGRESS;D038_NR7_TickPath_M15_v1_00.mq5;1.00;RUN;38500000;349;48;301;0;0;46;46;46;11;35;0;0;0;0;0;0;0;0;46;46;EURUSD;PERIOD_M15;FOREX;USD5_PER_LOT_PER_SIDE;;D038_V100_RUN_EURUSD_TRADES.csv;D038_V100_RUN_EURUSD_STATS.csv;C:\Users\<REDACTED>\AppData\Roaming\MetaQuotes\Terminal\Common\Files\D038_V100_RUN_EURUSD_TRADES.csv;C:\Users\<REDACTED>\AppData\Roaming\MetaQuotes\Terminal\Common\Files\D038_V100_RUN_EURUSD_STATS.csv
PROGRESS;D038_NR7_TickPath_M15_v1_00.mq5;1.00;RUN;38750000;351;48;303;0;0;46;46;46;11;35;0;0;0;0;0;0;0;0;46;46;EURUSD;PERIOD_M15;FOREX;USD5_PER_LOT_PER_SIDE;;D038_V100_RUN_EURUSD_TRADES.csv;D038_V100_RUN_EURUSD_STATS.csv;C:\Users\<REDACTED>\AppData\Roaming\MetaQuotes\Terminal\Common\Files\D038_V100_RUN_EURUSD_TRADES.csv;C:\Users\<REDACTED>\AppData\Roaming\MetaQuotes\Terminal\Common\Files\D038_V100_RUN_EURUSD_STATS.csv
PROGRESS;D038_NR7_TickPath_M15_v1_00.mq5;1.00;RUN;39000000;354;48;306;0;0;46;46;46;11;35;0;0;0;0;0;0;0;0;46;46;EURUSD;PERIOD_M15;FOREX;USD5_PER_LOT_PER_SIDE;;D038_V100_RUN_EURUSD_TRADES.csv;D038_V100_RUN_EURUSD_STATS.csv;C:\Users\<REDACTED>\AppData\Roaming\MetaQuotes\Terminal\Common\Files\D038_V100_RUN_EURUSD_TRADES.csv;C:\Users\<REDACTED>\AppData\Roaming\MetaQuotes\Terminal\Common\Files\D038_V100_RUN_EURUSD_STATS.csv
PROGRESS;D038_NR7_TickPath_M15_v1_00.mq5;1.00;RUN;39250000;357;49;308;0;0;47;47;47;11;36;0;0;0;0;0;0;0;0;47;47;EURUSD;PERIOD_M15;FOREX;USD5_PER_LOT_PER_SIDE;;D038_V100_RUN_EURUSD_TRADES.csv;D038_V100_RUN_EURUSD_STATS.csv;C:\Users\<REDACTED>\AppData\Roaming\MetaQuotes\Terminal\Common\Files\D038_V100_RUN_EURUSD_TRADES.csv;C:\Users\<REDACTED>\AppData\Roaming\MetaQuotes\Terminal\Common\Files\D038_V100_RUN_EURUSD_STATS.csv
PROGRESS;D038_NR7_TickPath_M15_v1_00.mq5;1.00;RUN;39500000;360;49;311;0;0;47;47;47;11;36;0;0;0;0;0;0;0;0;47;47;EURUSD;PERIOD_M15;FOREX;USD5_PER_LOT_PER_SIDE;;D038_V100_RUN_EURUSD_TRADES.csv;D038_V100_RUN_EURUSD_STATS.csv;C:\Users\<REDACTED>\AppData\Roaming\MetaQuotes\Terminal\Common\Files\D038_V100_RUN_EURUSD_TRADES.csv;C:\Users\<REDACTED>\AppData\Roaming\MetaQuotes\Terminal\Common\Files\D038_V100_RUN_EURUSD_STATS.csv
PROGRESS;D038_NR7_TickPath_M15_v1_00.mq5;1.00;RUN;39750000;362;49;313;0;0;47;47;47;11;36;0;0;0;0;0;0;0;0;47;47;EURUSD;PERIOD_M15;FOREX;USD5_PER_LOT_PER_SIDE;;D038_V100_RUN_EURUSD_TRADES.csv;D038_V100_RUN_EURUSD_STATS.csv;C:\Users\<REDACTED>\AppData\Roaming\MetaQuotes\Terminal\Common\Files\D038_V100_RUN_EURUSD_TRADES.csv;C:\Users\<REDACTED>\AppData\Roaming\MetaQuotes\Terminal\Common\Files\D038_V100_RUN_EURUSD_STATS.csv
PROGRESS;D038_NR7_TickPath_M15_v1_00.mq5;1.00;RUN;40000000;365;50;315;0;0;48;48;48;11;37;0;0;0;0;0;0;0;0;48;48;EURUSD;PERIOD_M15;FOREX;USD5_PER_LOT_PER_SIDE;;D038_V100_RUN_EURUSD_TRADES.csv;D038_V100_RUN_EURUSD_STATS.csv;C:\Users\<REDACTED>\AppData\Roaming\MetaQuotes\Terminal\Common\Files\D038_V100_RUN_EURUSD_TRADES.csv;C:\Users\<REDACTED>\AppData\Roaming\MetaQuotes\Terminal\Common\Files\D038_V100_RUN_EURUSD_STATS.csv
PROGRESS;D038_NR7_TickPath_M15_v1_00.mq5;1.00;RUN;40250000;368;50;318;0;0;48;48;48;11;37;0;0;0;0;0;0;0;0;48;48;EURUSD;PERIOD_M15;FOREX;USD5_PER_LOT_PER_SIDE;;D038_V100_RUN_EURUSD_TRADES.csv;D038_V100_RUN_EURUSD_STATS.csv;C:\Users\<REDACTED>\AppData\Roaming\MetaQuotes\Terminal\Common\Files\D038_V100_RUN_EURUSD_TRADES.csv;C:\Users\<REDACTED>\AppData\Roaming\MetaQuotes\Terminal\Common\Files\D038_V100_RUN_EURUSD_STATS.csv
PROGRESS;D038_NR7_TickPath_M15_v1_00.mq5;1.00;RUN;40500000;371;50;321;0;0;48;48;48;11;37;0;0;0;0;0;0;0;0;48;48;EURUSD;PERIOD_M15;FOREX;USD5_PER_LOT_PER_SIDE;;D038_V100_RUN_EURUSD_TRADES.csv;D038_V100_RUN_EURUSD_STATS.csv;C:\Users\<REDACTED>\AppData\Roaming\MetaQuotes\Terminal\Common\Files\D038_V100_RUN_EURUSD_TRADES.csv;C:\Users\<REDACTED>\AppData\Roaming\MetaQuotes\Terminal\Common\Files\D038_V100_RUN_EURUSD_STATS.csv
PROGRESS;D038_NR7_TickPath_M15_v1_00.mq5;1.00;RUN;40750000;375;51;324;0;0;49;49;49;12;37;0;0;0;0;0;0;0;0;49;49;EURUSD;PERIOD_M15;FOREX;USD5_PER_LOT_PER_SIDE;;D038_V100_RUN_EURUSD_TRADES.csv;D038_V100_RUN_EURUSD_STATS.csv;C:\Users\<REDACTED>\AppData\Roaming\MetaQuotes\Terminal\Common\Files\D038_V100_RUN_EURUSD_TRADES.csv;C:\Users\<REDACTED>\AppData\Roaming\MetaQuotes\Terminal\Common\Files\D038_V100_RUN_EURUSD_STATS.csv
PROGRESS;D038_NR7_TickPath_M15_v1_00.mq5;1.00;RUN;41000000;377;51;326;0;0;49;49;49;12;37;0;0;0;0;0;0;0;0;49;49;EURUSD;PERIOD_M15;FOREX;USD5_PER_LOT_PER_SIDE;;D038_V100_RUN_EURUSD_TRADES.csv;D038_V100_RUN_EURUSD_STATS.csv;C:\Users\<REDACTED>\AppData\Roaming\MetaQuotes\Terminal\Common\Files\D038_V100_RUN_EURUSD_TRADES.csv;C:\Users\<REDACTED>\AppData\Roaming\MetaQuotes\Terminal\Common\Files\D038_V100_RUN_EURUSD_STATS.csv
PROGRESS;D038_NR7_TickPath_M15_v1_00.mq5;1.00;RUN;41250000;380;52;328;0;0;50;50;49;12;37;0;0;0;0;0;0;0;0;49;49;EURUSD;PERIOD_M15;FOREX;USD5_PER_LOT_PER_SIDE;;D038_V100_RUN_EURUSD_TRADES.csv;D038_V100_RUN_EURUSD_STATS.csv;C:\Users\<REDACTED>\AppData\Roaming\MetaQuotes\Terminal\Common\Files\D038_V100_RUN_EURUSD_TRADES.csv;C:\Users\<REDACTED>\AppData\Roaming\MetaQuotes\Terminal\Common\Files\D038_V100_RUN_EURUSD_STATS.csv
PROGRESS;D038_NR7_TickPath_M15_v1_00.mq5;1.00;RUN;41500000;383;53;330;0;0;51;51;51;12;39;0;0;0;0;0;0;0;0;51;51;EURUSD;PERIOD_M15;FOREX;USD5_PER_LOT_PER_SIDE;;D038_V100_RUN_EURUSD_TRADES.csv;D038_V100_RUN_EURUSD_STATS.csv;C:\Users\<REDACTED>\AppData\Roaming\MetaQuotes\Terminal\Common\Files\D038_V100_RUN_EURUSD_TRADES.csv;C:\Users\<REDACTED>\AppData\Roaming\MetaQuotes\Terminal\Common\Files\D038_V100_RUN_EURUSD_STATS.csv
PROGRESS;D038_NR7_TickPath_M15_v1_00.mq5;1.00;RUN;41750000;386;53;333;0;0;51;51;51;12;39;0;0;0;0;0;0;0;0;51;51;EURUSD;PERIOD_M15;FOREX;USD5_PER_LOT_PER_SIDE;;D038_V100_RUN_EURUSD_TRADES.csv;D038_V100_RUN_EURUSD_STATS.csv;C:\Users\<REDACTED>\AppData\Roaming\MetaQuotes\Terminal\Common\Files\D038_V100_RUN_EURUSD_TRADES.csv;C:\Users\<REDACTED>\AppData\Roaming\MetaQuotes\Terminal\Common\Files\D038_V100_RUN_EURUSD_STATS.csv
PROGRESS;D038_NR7_TickPath_M15_v1_00.mq5;1.00;RUN;42000000;390;55;335;0;0;53;53;53;13;40;0;0;0;0;0;0;0;0;53;53;EURUSD;PERIOD_M15;FOREX;USD5_PER_LOT_PER_SIDE;;D038_V100_RUN_EURUSD_TRADES.csv;D038_V100_RUN_EURUSD_STATS.csv;C:\Users\<REDACTED>\AppData\Roaming\MetaQuotes\Terminal\Common\Files\D038_V100_RUN_EURUSD_TRADES.csv;C:\Users\<REDACTED>\AppData\Roaming\MetaQuotes\Terminal\Common\Files\D038_V100_RUN_EURUSD_STATS.csv
PROGRESS;D038_NR7_TickPath_M15_v1_00.mq5;1.00;RUN;42250000;394;56;338;0;0;54;54;54;14;40;0;0;0;0;0;0;0;0;54;54;EURUSD;PERIOD_M15;FOREX;USD5_PER_LOT_PER_SIDE;;D038_V100_RUN_EURUSD_TRADES.csv;D038_V100_RUN_EURUSD_STATS.csv;C:\Users\<REDACTED>\AppData\Roaming\MetaQuotes\Terminal\Common\Files\D038_V100_RUN_EURUSD_TRADES.csv;C:\Users\<REDACTED>\AppData\Roaming\MetaQuotes\Terminal\Common\Files\D038_V100_RUN_EURUSD_STATS.csv
PROGRESS;D038_NR7_TickPath_M15_v1_00.mq5;1.00;RUN;42500000;398;56;342;0;0;54;54;54;14;40;0;0;0;0;0;0;0;0;54;54;EURUSD;PERIOD_M15;FOREX;USD5_PER_LOT_PER_SIDE;;D038_V100_RUN_EURUSD_TRADES.csv;D038_V100_RUN_EURUSD_STATS.csv;C:\Users\<REDACTED>\AppData\Roaming\MetaQuotes\Terminal\Common\Files\D038_V100_RUN_EURUSD_TRADES.csv;C:\Users\<REDACTED>\AppData\Roaming\MetaQuotes\Terminal\Common\Files\D038_V100_RUN_EURUSD_STATS.csv
PROGRESS;D038_NR7_TickPath_M15_v1_00.mq5;1.00;RUN;42750000;403;56;347;0;0;54;54;54;14;40;0;0;0;0;0;0;0;0;54;54;EURUSD;PERIOD_M15;FOREX;USD5_PER_LOT_PER_SIDE;;D038_V100_RUN_EURUSD_TRADES.csv;D038_V100_RUN_EURUSD_STATS.csv;C:\Users\<REDACTED>\AppData\Roaming\MetaQuotes\Terminal\Common\Files\D038_V100_RUN_EURUSD_TRADES.csv;C:\Users\<REDACTED>\AppData\Roaming\MetaQuotes\Terminal\Common\Files\D038_V100_RUN_EURUSD_STATS.csv
PROGRESS;D038_NR7_TickPath_M15_v1_00.mq5;1.00;RUN;43000000;407;59;348;0;0;57;57;57;15;42;0;0;0;0;0;0;0;0;57;57;EURUSD;PERIOD_M15;FOREX;USD5_PER_LOT_PER_SIDE;;D038_V100_RUN_EURUSD_TRADES.csv;D038_V100_RUN_EURUSD_STATS.csv;C:\Users\<REDACTED>\AppData\Roaming\MetaQuotes\Terminal\Common\Files\D038_V100_RUN_EURUSD_TRADES.csv;C:\Users\<REDACTED>\AppData\Roaming\MetaQuotes\Terminal\Common\Files\D038_V100_RUN_EURUSD_STATS.csv
PROGRESS;D038_NR7_TickPath_M15_v1_00.mq5;1.00;RUN;43250000;410;59;351;0;0;57;57;57;15;42;0;0;0;0;0;0;0;0;57;57;EURUSD;PERIOD_M15;FOREX;USD5_PER_LOT_PER_SIDE;;D038_V100_RUN_EURUSD_TRADES.csv;D038_V100_RUN_EURUSD_STATS.csv;C:\Users\<REDACTED>\AppData\Roaming\MetaQuotes\Terminal\Common\Files\D038_V100_RUN_EURUSD_TRADES.csv;C:\Users\<REDACTED>\AppData\Roaming\MetaQuotes\Terminal\Common\Files\D038_V100_RUN_EURUSD_STATS.csv
PROGRESS;D038_NR7_TickPath_M15_v1_00.mq5;1.00;RUN;43500000;413;60;353;0;0;58;58;57;15;42;0;0;0;0;0;0;0;0;57;57;EURUSD;PERIOD_M15;FOREX;USD5_PER_LOT_PER_SIDE;;D038_V100_RUN_EURUSD_TRADES.csv;D038_V100_RUN_EURUSD_STATS.csv;C:\Users\<REDACTED>\AppData\Roaming\MetaQuotes\Terminal\Common\Files\D038_V100_RUN_EURUSD_TRADES.csv;C:\Users\<REDACTED>\AppData\Roaming\MetaQuotes\Terminal\Common\Files\D038_V100_RUN_EURUSD_STATS.csv
PROGRESS;D038_NR7_TickPath_M15_v1_00.mq5;1.00;RUN;43750000;416;60;356;0;0;58;58;58;15;43;0;0;0;0;0;0;0;0;58;58;EURUSD;PERIOD_M15;FOREX;USD5_PER_LOT_PER_SIDE;;D038_V100_RUN_EURUSD_TRADES.csv;D038_V100_RUN_EURUSD_STATS.csv;C:\Users\<REDACTED>\AppData\Roaming\MetaQuotes\Terminal\Common\Files\D038_V100_RUN_EURUSD_TRADES.csv;C:\Users\<REDACTED>\AppData\Roaming\MetaQuotes\Terminal\Common\Files\D038_V100_RUN_EURUSD_STATS.csv
PROGRESS;D038_NR7_TickPath_M15_v1_00.mq5;1.00;RUN;44000000;421;60;361;0;0;58;58;58;15;43;0;0;0;0;0;0;0;0;58;58;EURUSD;PERIOD_M15;FOREX;USD5_PER_LOT_PER_SIDE;;D038_V100_RUN_EURUSD_TRADES.csv;D038_V100_RUN_EURUSD_STATS.csv;C:\Users\<REDACTED>\AppData\Roaming\MetaQuotes\Terminal\Common\Files\D038_V100_RUN_EURUSD_TRADES.csv;C:\Users\<REDACTED>\AppData\Roaming\MetaQuotes\Terminal\Common\Files\D038_V100_RUN_EURUSD_STATS.csv
PROGRESS;D038_NR7_TickPath_M15_v1_00.mq5;1.00;RUN;44250000;426;62;364;0;0;60;60;60;15;45;0;0;0;0;0;0;0;0;60;60;EURUSD;PERIOD_M15;FOREX;USD5_PER_LOT_PER_SIDE;;D038_V100_RUN_EURUSD_TRADES.csv;D038_V100_RUN_EURUSD_STATS.csv;C:\Users\<REDACTED>\AppData\Roaming\MetaQuotes\Terminal\Common\Files\D038_V100_RUN_EURUSD_TRADES.csv;C:\Users\<REDACTED>\AppData\Roaming\MetaQuotes\Terminal\Common\Files\D038_V100_RUN_EURUSD_STATS.csv
PROGRESS;D038_NR7_TickPath_M15_v1_00.mq5;1.00;RUN;44500000;430;62;368;0;0;60;60;60;15;45;0;0;0;0;0;0;0;0;60;60;EURUSD;PERIOD_M15;FOREX;USD5_PER_LOT_PER_SIDE;;D038_V100_RUN_EURUSD_TRADES.csv;D038_V100_RUN_EURUSD_STATS.csv;C:\Users\<REDACTED>\AppData\Roaming\MetaQuotes\Terminal\Common\Files\D038_V100_RUN_EURUSD_TRADES.csv;C:\Users\<REDACTED>\AppData\Roaming\MetaQuotes\Terminal\Common\Files\D038_V100_RUN_EURUSD_STATS.csv
PROGRESS;D038_NR7_TickPath_M15_v1_00.mq5;1.00;RUN;44750000;434;64;370;0;0;62;62;62;15;47;0;0;0;0;0;0;0;0;62;62;EURUSD;PERIOD_M15;FOREX;USD5_PER_LOT_PER_SIDE;;D038_V100_RUN_EURUSD_TRADES.csv;D038_V100_RUN_EURUSD_STATS.csv;C:\Users\<REDACTED>\AppData\Roaming\MetaQuotes\Terminal\Common\Files\D038_V100_RUN_EURUSD_TRADES.csv;C:\Users\<REDACTED>\AppData\Roaming\MetaQuotes\Terminal\Common\Files\D038_V100_RUN_EURUSD_STATS.csv
PROGRESS;D038_NR7_TickPath_M15_v1_00.mq5;1.00;RUN;45000000;438;65;373;0;0;63;63;63;15;48;0;0;0;0;0;0;0;0;63;63;EURUSD;PERIOD_M15;FOREX;USD5_PER_LOT_PER_SIDE;;D038_V100_RUN_EURUSD_TRADES.csv;D038_V100_RUN_EURUSD_STATS.csv;C:\Users\<REDACTED>\AppData\Roaming\MetaQuotes\Terminal\Common\Files\D038_V100_RUN_EURUSD_TRADES.csv;C:\Users\<REDACTED>\AppData\Roaming\MetaQuotes\Terminal\Common\Files\D038_V100_RUN_EURUSD_STATS.csv
PROGRESS;D038_NR7_TickPath_M15_v1_00.mq5;1.00;RUN;45250000;442;65;377;0;0;63;63;63;15;48;0;0;0;0;0;0;0;0;63;63;EURUSD;PERIOD_M15;FOREX;USD5_PER_LOT_PER_SIDE;;D038_V100_RUN_EURUSD_TRADES.csv;D038_V100_RUN_EURUSD_STATS.csv;C:\Users\<REDACTED>\AppData\Roaming\MetaQuotes\Terminal\Common\Files\D038_V100_RUN_EURUSD_TRADES.csv;C:\Users\<REDACTED>\AppData\Roaming\MetaQuotes\Terminal\Common\Files\D038_V100_RUN_EURUSD_STATS.csv
PROGRESS;D038_NR7_TickPath_M15_v1_00.mq5;1.00;RUN;45500000;445;65;380;0;0;63;63;63;15;48;0;0;0;0;0;0;0;0;63;63;EURUSD;PERIOD_M15;FOREX;USD5_PER_LOT_PER_SIDE;;D038_V100_RUN_EURUSD_TRADES.csv;D038_V100_RUN_EURUSD_STATS.csv;C:\Users\<REDACTED>\AppData\Roaming\MetaQuotes\Terminal\Common\Files\D038_V100_RUN_EURUSD_TRADES.csv;C:\Users\<REDACTED>\AppData\Roaming\MetaQuotes\Terminal\Common\Files\D038_V100_RUN_EURUSD_STATS.csv
PROGRESS;D038_NR7_TickPath_M15_v1_00.mq5;1.00;RUN;45750000;449;66;383;0;0;63;63;63;15;48;0;0;0;0;0;0;0;0;63;63;EURUSD;PERIOD_M15;FOREX;USD5_PER_LOT_PER_SIDE;;D038_V100_RUN_EURUSD_TRADES.csv;D038_V100_RUN_EURUSD_STATS.csv;C:\Users\<REDACTED>\AppData\Roaming\MetaQuotes\Terminal\Common\Files\D038_V100_RUN_EURUSD_TRADES.csv;C:\Users\<REDACTED>\AppData\Roaming\MetaQuotes\Terminal\Common\Files\D038_V100_RUN_EURUSD_STATS.csv
PROGRESS;D038_NR7_TickPath_M15_v1_00.mq5;1.00;RUN;46000000;452;66;386;0;0;64;64;64;15;49;0;0;0;0;0;0;0;0;64;64;EURUSD;PERIOD_M15;FOREX;USD5_PER_LOT_PER_SIDE;;D038_V100_RUN_EURUSD_TRADES.csv;D038_V100_RUN_EURUSD_STATS.csv;C:\Users\<REDACTED>\AppData\Roaming\MetaQuotes\Terminal\Common\Files\D038_V100_RUN_EURUSD_TRADES.csv;C:\Users\<REDACTED>\AppData\Roaming\MetaQuotes\Terminal\Common\Files\D038_V100_RUN_EURUSD_STATS.csv
PROGRESS;D038_NR7_TickPath_M15_v1_00.mq5;1.00;RUN;46250000;456;66;390;0;0;64;64;64;15;49;0;0;0;0;0;0;0;0;64;64;EURUSD;PERIOD_M15;FOREX;USD5_PER_LOT_PER_SIDE;;D038_V100_RUN_EURUSD_TRADES.csv;D038_V100_RUN_EURUSD_STATS.csv;C:\Users\<REDACTED>\AppData\Roaming\MetaQuotes\Terminal\Common\Files\D038_V100_RUN_EURUSD_TRADES.csv;C:\Users\<REDACTED>\AppData\Roaming\MetaQuotes\Terminal\Common\Files\D038_V100_RUN_EURUSD_STATS.csv
PROGRESS;D038_NR7_TickPath_M15_v1_00.mq5;1.00;RUN;46500000;460;66;394;0;0;64;64;64;15;49;0;0;0;0;0;0;0;0;64;64;EURUSD;PERIOD_M15;FOREX;USD5_PER_LOT_PER_SIDE;;D038_V100_RUN_EURUSD_TRADES.csv;D038_V100_RUN_EURUSD_STATS.csv;C:\Users\<REDACTED>\AppData\Roaming\MetaQuotes\Terminal\Common\Files\D038_V100_RUN_EURUSD_TRADES.csv;C:\Users\<REDACTED>\AppData\Roaming\MetaQuotes\Terminal\Common\Files\D038_V100_RUN_EURUSD_STATS.csv
PROGRESS;D038_NR7_TickPath_M15_v1_00.mq5;1.00;RUN;46750000;463;66;397;0;0;64;64;64;15;49;0;0;0;0;0;0;0;0;64;64;EURUSD;PERIOD_M15;FOREX;USD5_PER_LOT_PER_SIDE;;D038_V100_RUN_EURUSD_TRADES.csv;D038_V100_RUN_EURUSD_STATS.csv;C:\Users\<REDACTED>\AppData\Roaming\MetaQuotes\Terminal\Common\Files\D038_V100_RUN_EURUSD_TRADES.csv;C:\Users\<REDACTED>\AppData\Roaming\MetaQuotes\Terminal\Common\Files\D038_V100_RUN_EURUSD_STATS.csv
PROGRESS;D038_NR7_TickPath_M15_v1_00.mq5;1.00;RUN;47000000;466;67;399;0;0;65;65;65;15;50;0;0;0;0;0;0;0;0;65;65;EURUSD;PERIOD_M15;FOREX;USD5_PER_LOT_PER_SIDE;;D038_V100_RUN_EURUSD_TRADES.csv;D038_V100_RUN_EURUSD_STATS.csv;C:\Users\<REDACTED>\AppData\Roaming\MetaQuotes\Terminal\Common\Files\D038_V100_RUN_EURUSD_TRADES.csv;C:\Users\<REDACTED>\AppData\Roaming\MetaQuotes\Terminal\Common\Files\D038_V100_RUN_EURUSD_STATS.csv
PROGRESS;D038_NR7_TickPath_M15_v1_00.mq5;1.00;RUN;47250000;469;68;401;0;0;66;66;66;15;51;0;0;0;0;0;0;0;0;66;66;EURUSD;PERIOD_M15;FOREX;USD5_PER_LOT_PER_SIDE;;D038_V100_RUN_EURUSD_TRADES.csv;D038_V100_RUN_EURUSD_STATS.csv;C:\Users\<REDACTED>\AppData\Roaming\MetaQuotes\Terminal\Common\Files\D038_V100_RUN_EURUSD_TRADES.csv;C:\Users\<REDACTED>\AppData\Roaming\MetaQuotes\Terminal\Common\Files\D038_V100_RUN_EURUSD_STATS.csv
PROGRESS;D038_NR7_TickPath_M15_v1_00.mq5;1.00;RUN;47500000;474;70;404;0;0;68;68;68;15;53;0;0;0;0;0;0;0;0;68;68;EURUSD;PERIOD_M15;FOREX;USD5_PER_LOT_PER_SIDE;;D038_V100_RUN_EURUSD_TRADES.csv;D038_V100_RUN_EURUSD_STATS.csv;C:\Users\<REDACTED>\AppData\Roaming\MetaQuotes\Terminal\Common\Files\D038_V100_RUN_EURUSD_TRADES.csv;C:\Users\<REDACTED>\AppData\Roaming\MetaQuotes\Terminal\Common\Files\D038_V100_RUN_EURUSD_STATS.csv
PROGRESS;D038_NR7_TickPath_M15_v1_00.mq5;1.00;RUN;47750000;477;70;407;0;0;68;68;68;15;53;0;0;0;0;0;0;0;0;68;68;EURUSD;PERIOD_M15;FOREX;USD5_PER_LOT_PER_SIDE;;D038_V100_RUN_EURUSD_TRADES.csv;D038_V100_RUN_EURUSD_STATS.csv;C:\Users\<REDACTED>\AppData\Roaming\MetaQuotes\Terminal\Common\Files\D038_V100_RUN_EURUSD_TRADES.csv;C:\Users\<REDACTED>\AppData\Roaming\MetaQuotes\Terminal\Common\Files\D038_V100_RUN_EURUSD_STATS.csv
PROGRESS;D038_NR7_TickPath_M15_v1_00.mq5;1.00;RUN;48000000;481;71;410;0;0;69;69;69;15;54;0;0;0;0;0;0;0;0;69;69;EURUSD;PERIOD_M15;FOREX;USD5_PER_LOT_PER_SIDE;;D038_V100_RUN_EURUSD_TRADES.csv;D038_V100_RUN_EURUSD_STATS.csv;C:\Users\<REDACTED>\AppData\Roaming\MetaQuotes\Terminal\Common\Files\D038_V100_RUN_EURUSD_TRADES.csv;C:\Users\<REDACTED>\AppData\Roaming\MetaQuotes\Terminal\Common\Files\D038_V100_RUN_EURUSD_STATS.csv
PROGRESS;D038_NR7_TickPath_M15_v1_00.mq5;1.00;RUN;48250000;486;71;415;0;0;69;69;69;15;54;0;0;0;0;0;0;0;0;69;69;EURUSD;PERIOD_M15;FOREX;USD5_PER_LOT_PER_SIDE;;D038_V100_RUN_EURUSD_TRADES.csv;D038_V100_RUN_EURUSD_STATS.csv;C:\Users\<REDACTED>\AppData\Roaming\MetaQuotes\Terminal\Common\Files\D038_V100_RUN_EURUSD_TRADES.csv;C:\Users\<REDACTED>\AppData\Roaming\MetaQuotes\Terminal\Common\Files\D038_V100_RUN_EURUSD_STATS.csv
PROGRESS;D038_NR7_TickPath_M15_v1_00.mq5;1.00;RUN;48500000;490;71;419;0;0;69;69;69;15;54;0;0;0;0;0;0;0;0;69;69;EURUSD;PERIOD_M15;FOREX;USD5_PER_LOT_PER_SIDE;;D038_V100_RUN_EURUSD_TRADES.csv;D038_V100_RUN_EURUSD_STATS.csv;C:\Users\<REDACTED>\AppData\Roaming\MetaQuotes\Terminal\Common\Files\D038_V100_RUN_EURUSD_TRADES.csv;C:\Users\<REDACTED>\AppData\Roaming\MetaQuotes\Terminal\Common\Files\D038_V100_RUN_EURUSD_STATS.csv
PROGRESS;D038_NR7_TickPath_M15_v1_00.mq5;1.00;RUN;48750000;494;71;423;0;0;69;69;69;15;54;0;0;0;0;0;0;0;0;69;69;EURUSD;PERIOD_M15;FOREX;USD5_PER_LOT_PER_SIDE;;D038_V100_RUN_EURUSD_TRADES.csv;D038_V100_RUN_EURUSD_STATS.csv;C:\Users\<REDACTED>\AppData\Roaming\MetaQuotes\Terminal\Common\Files\D038_V100_RUN_EURUSD_TRADES.csv;C:\Users\<REDACTED>\AppData\Roaming\MetaQuotes\Terminal\Common\Files\D038_V100_RUN_EURUSD_STATS.csv
PROGRESS;D038_NR7_TickPath_M15_v1_00.mq5;1.00;RUN;49000000;497;72;425;0;0;70;70;70;15;55;0;0;0;0;0;0;0;0;70;70;EURUSD;PERIOD_M15;FOREX;USD5_PER_LOT_PER_SIDE;;D038_V100_RUN_EURUSD_TRADES.csv;D038_V100_RUN_EURUSD_STATS.csv;C:\Users\<REDACTED>\AppData\Roaming\MetaQuotes\Terminal\Common\Files\D038_V100_RUN_EURUSD_TRADES.csv;C:\Users\<REDACTED>\AppData\Roaming\MetaQuotes\Terminal\Common\Files\D038_V100_RUN_EURUSD_STATS.csv
PROGRESS;D038_NR7_TickPath_M15_v1_00.mq5;1.00;RUN;49250000;502;73;429;0;0;71;71;71;15;56;0;0;0;0;0;0;0;0;71;71;EURUSD;PERIOD_M15;FOREX;USD5_PER_LOT_PER_SIDE;;D038_V100_RUN_EURUSD_TRADES.csv;D038_V100_RUN_EURUSD_STATS.csv;C:\Users\<REDACTED>\AppData\Roaming\MetaQuotes\Terminal\Common\Files\D038_V100_RUN_EURUSD_TRADES.csv;C:\Users\<REDACTED>\AppData\Roaming\MetaQuotes\Terminal\Common\Files\D038_V100_RUN_EURUSD_STATS.csv
PROGRESS;D038_NR7_TickPath_M15_v1_00.mq5;1.00;RUN;49500000;506;73;433;0;0;71;71;71;15;56;0;0;0;0;0;0;0;0;71;71;EURUSD;PERIOD_M15;FOREX;USD5_PER_LOT_PER_SIDE;;D038_V100_RUN_EURUSD_TRADES.csv;D038_V100_RUN_EURUSD_STATS.csv;C:\Users\<REDACTED>\AppData\Roaming\MetaQuotes\Terminal\Common\Files\D038_V100_RUN_EURUSD_TRADES.csv;C:\Users\<REDACTED>\AppData\Roaming\MetaQuotes\Terminal\Common\Files\D038_V100_RUN_EURUSD_STATS.csv
PROGRESS;D038_NR7_TickPath_M15_v1_00.mq5;1.00;RUN;49750000;510;74;436;0;0;72;72;72;15;57;0;0;0;0;0;0;0;0;72;72;EURUSD;PERIOD_M15;FOREX;USD5_PER_LOT_PER_SIDE;;D038_V100_RUN_EURUSD_TRADES.csv;D038_V100_RUN_EURUSD_STATS.csv;C:\Users\<REDACTED>\AppData\Roaming\MetaQuotes\Terminal\Common\Files\D038_V100_RUN_EURUSD_TRADES.csv;C:\Users\<REDACTED>\AppData\Roaming\MetaQuotes\Terminal\Common\Files\D038_V100_RUN_EURUSD_STATS.csv
PROGRESS;D038_NR7_TickPath_M15_v1_00.mq5;1.00;RUN;50000000;515;74;441;0;0;72;72;72;15;57;0;0;0;0;0;0;0;0;72;72;EURUSD;PERIOD_M15;FOREX;USD5_PER_LOT_PER_SIDE;;D038_V100_RUN_EURUSD_TRADES.csv;D038_V100_RUN_EURUSD_STATS.csv;C:\Users\<REDACTED>\AppData\Roaming\MetaQuotes\Terminal\Common\Files\D038_V100_RUN_EURUSD_TRADES.csv;C:\Users\<REDACTED>\AppData\Roaming\MetaQuotes\Terminal\Common\Files\D038_V100_RUN_EURUSD_STATS.csv
FINAL;D038_NR7_TickPath_M15_v1_00.mq5;1.00;RUN;50165462;517;74;443;0;0;72;72;72;15;57;0;0;0;0;0;0;0;0;72;72;EURUSD;PERIOD_M15;FOREX;USD5_PER_LOT_PER_SIDE;;D038_V100_RUN_EURUSD_TRADES.csv;D038_V100_RUN_EURUSD_STATS.csv;C:\Users\<REDACTED>\AppData\Roaming\MetaQuotes\Terminal\Common\Files\D038_V100_RUN_EURUSD_TRADES.csv;C:\Users\<REDACTED>\AppData\Roaming\MetaQuotes\Terminal\Common\Files\D038_V100_RUN_EURUSD_STATS.csv

