n_state,n_comp,effect,state_mean,comp_mean,p,state,state_family,feature,quintile,hour_block,horizon_bars,outcome,q,confirmation_n_state,confirmation_n_comp,confirmation_effect,confirmation_p,confirmation_q,confirmation_quarters_same_sign,quarter_details,valid_months,same_sign_months,required_same_sign_months,median_month_effect,minimum_effect,valid_months_pass,month_sign_pass,median_effect_pass,halves_pass,robust_pass,month_details,half_details,phase_ie_full_n_state,phase_ie_full_n_comp,phase_ie_full_effect,phase_ie_raw_p,phase_ie_expected_sign,phase_ie_full_sign_pass,phase_ie_full_effect_pass,phase_ie_same_sign_effect_quarters,phase_ie_quarter_gate_pass,phase_ie_quarter_details,phase_ie_bootstrap_ci_low,phase_ie_bootstrap_ci_high,phase_ie_bootstrap_valid_reps,phase_ie_bootstrap_direction_pass,phase_ie_holm_p,phase_ie_holm_pass,phase_ie_pass,phase_ie_redundancy_cluster,phase_ie_canonical_representative
2144,59799,0.2488782673353645,0.2704701662109384,0.0215918988755738,0.0001262908298702,dist_low24_atr:Q1:H5,feature_quintile_x_server_4h_block,dist_low24_atr,1,5.0,3,mean_fwd_ret_atr,0.0084614856013068,2016,59805,0.1490532996860457,0.0211022815408345,0.049238656928614,3,"{'1': {'effect': 0.22548870472611018, 'n_state': 510, 'same_sign': True}, '2': {'effect': -0.08874891573432007, 'n_state': 441, 'same_sign': False}, '3': {'effect': 0.2849285882883613, 'n_state': 621, 'same_sign': True}, '4': {'effect': 0.09150770856943116, 'n_state': 444, 'same_sign': True}}",12,9,9,0.1374194403347155,0.06,True,True,True,True,True,"{""1"": {""effect"": 0.1697865243295601, ""n_state"": 212, ""same_sign"": true, ""sufficient"": true}, ""10"": {""effect"": 0.17391086716381088, ""n_state"": 115, ""same_sign"": true, ""sufficient"": true}, ""11"": {""effect"": 0.03940791569788382, ""n_state"": 167, ""same_sign"": true, ""sufficient"": true}, ""12"": {""effect"": 0.11421648645290755, ""n_state"": 162, ""same_sign"": true, ""sufficient"": true}, ""2"": {""effect"": 0.27570366496091353, ""n_state"": 141, ""same_sign"": true, ""sufficient"": true}, ""3"": {""effect"": 0.18764207526392873, ""n_state"": 157, ""same_sign"": true, ""sufficient"": true}, ""4"": {""effect"": 0.10709744007461838, ""n_state"": 113, ""same_sign"": true, ""sufficient"": true}, ""5"": {""effect"": -0.02041763230133683, ""n_state"": 133, ""same_sign"": false, ""sufficient"": true}, ""6"": {""effect"": -0.1822991858568177, ""n_state"": 195, ""same_sign"": false, ""sufficient"": true}, ""7"": {""effect"": 0.1606223942165235, ""n_state"": 195, ""same_sign"": true, ""sufficient"": true}, ""8"": {""effect"": 0.694141403486545, ""n_state"": 236, ""same_sign"": true, ""sufficient"": true}, ""9"": {""effect"": -0.0866413613445245, ""n_state"": 190, ""same_sign"": false, ""sufficient"": true}}","{""1"": {""effect"": 0.08254788332416438, ""minimum_effect_pass"": true, ""n_state"": 951, ""same_sign"": true, ""sufficient"": true}, ""2"": {""effect"": 0.20852691781702448, ""minimum_effect_pass"": true, ""n_state"": 1065, ""same_sign"": true, ""sufficient"": true}}",2016,59805,0.14905329968604578,0.02110228154083459,1,True,True,3,False,"{""1"": {""effect"": 0.20716703820901436, ""minimum_effect_pass"": true, ""n_state"": 510, ""same_sign"": true, ""sufficient"": true}, ""2"": {""effect"": -0.06537127622804657, ""minimum_effect_pass"": true, ""n_state"": 441, ""same_sign"": false, ""sufficient"": true}, ""3"": {""effect"": 0.28474632884897, ""minimum_effect_pass"": true, ""n_state"": 621, ""same_sign"": true, ""sufficient"": true}, ""4"": {""effect"": 0.10049583122245488, ""minimum_effect_pass"": true, ""n_state"": 444, ""same_sign"": true, ""sufficient"": true}}",-0.033877469665970966,0.3625826697480595,5000,False,0.06265614755455234,False,False,,False
1610,58875,0.2385976428267836,0.2792292879437846,0.0406316451170009,0.0011688832925103,ret1_atr:Q1:H5,feature_quintile_x_server_4h_block,ret1_atr,1,5.0,6,mean_fwd_ret_atr,0.0186868885484206,1612,58764,0.1432412118704706,0.0208853825181841,0.0531735797251854,4,"{'1': {'effect': 0.12744552283948646, 'n_state': 365, 'same_sign': True}, '2': {'effect': 0.25538225021458505, 'n_state': 422, 'same_sign': True}, '3': {'effect': 0.13150541340986036, 'n_state': 406, 'same_sign': True}, '4': {'effect': 0.04434887819096387, 'n_state': 419, 'same_sign': True}}",12,10,9,0.1542998346144274,0.06,True,True,True,True,True,"{""1"": {""effect"": -0.06557138717584136, ""n_state"": 129, ""same_sign"": false, ""sufficient"": true}, ""10"": {""effect"": 0.057197632641186096, ""n_state"": 155, ""same_sign"": true, ""sufficient"": true}, ""11"": {""effect"": -0.19465005596862486, ""n_state"": 128, ""same_sign"": false, ""sufficient"": true}, ""12"": {""effect"": 0.29166538368514855, ""n_state"": 136, ""same_sign"": true, ""sufficient"": true}, ""2"": {""effect"": 0.17077696869826003, ""n_state"": 111, ""same_sign"": true, ""sufficient"": true}, ""3"": {""effect"": 0.17669366322004934, ""n_state"": 125, ""same_sign"": true, ""sufficient"": true}, ""4"": {""effect"": 0.45173061272521364, ""n_state"": 149, ""same_sign"": true, ""sufficient"": true}, ""5"": {""effect"": 0.31297325573651286, ""n_state"": 132, ""same_sign"": true, ""sufficient"": true}, ""6"": {""effect"": 0.13782270053059495, ""n_state"": 141, ""same_sign"": true, ""sufficient"": true}, ""7"": {""effect"": 0.008493967996716256, ""n_state"": 120, ""same_sign"": true, ""sufficient"": true}, ""8"": {""effect"": 0.06633468905272735, ""n_state"": 140, ""same_sign"": true, ""sufficient"": true}, ""9"": {""effect"": 0.2514852679524324, ""n_state"": 146, ""same_sign"": true, ""sufficient"": true}}","{""1"": {""effect"": 0.20201086791859046, ""minimum_effect_pass"": true, ""n_state"": 787, ""same_sign"": true, ""sufficient"": true}, ""2"": {""effect"": 0.08718645012791579, ""minimum_effect_pass"": true, ""n_state"": 825, ""same_sign"": true, ""sufficient"": true}}",1612,58764,0.14324121187047065,0.020885382518184115,1,True,True,3,False,"{""1"": {""effect"": 0.09072527568011755, ""minimum_effect_pass"": true, ""n_state"": 365, ""same_sign"": true, ""sufficient"": true}, ""2"": {""effect"": 0.3029546950499586, ""minimum_effect_pass"": true, ""n_state"": 422, ""same_sign"": true, ""sufficient"": true}, ""3"": {""effect"": 0.11903018212740052, ""minimum_effect_pass"": true, ""n_state"": 406, ""same_sign"": true, ""sufficient"": true}, ""4"": {""effect"": 0.05670862032513967, ""minimum_effect_pass"": false, ""n_state"": 419, ""same_sign"": true, ""sufficient"": true}}",-0.043339969232012936,0.3375130735067509,5000,False,0.06265614755455234,False,False,,False
1582,58903,-0.12240796374589,-0.0722236757654167,0.0501842879804732,0.0058176132615474,ret12_atr:Q5:H4,feature_quintile_x_server_4h_block,ret12_atr,5,4.0,6,mean_fwd_ret_atr,0.0401944188979645,1661,58715,-0.1052342298868214,0.0077710896061439,0.0297891768235517,3,"{'1': {'effect': -0.00943386737515043, 'n_state': 336, 'same_sign': True}, '2': {'effect': -0.16770376313295743, 'n_state': 394, 'same_sign': True}, '3': {'effect': 0.11212346293510463, 'n_state': 468, 'same_sign': False}, '4': {'effect': -0.3335647011177624, 'n_state': 463, 'same_sign': True}}",12,9,9,-0.1104692842172829,0.06,True,True,True,True,True,"{""1"": {""effect"": -0.24490660148137317, ""n_state"": 85, ""same_sign"": true, ""sufficient"": true}, ""10"": {""effect"": -0.38211845206548556, ""n_state"": 176, ""same_sign"": true, ""sufficient"": true}, ""11"": {""effect"": -0.156111887905364, ""n_state"": 163, ""same_sign"": true, ""sufficient"": true}, ""12"": {""effect"": -0.4931768879082297, ""n_state"": 124, ""same_sign"": true, ""sufficient"": true}, ""2"": {""effect"": -0.076855178680149, ""n_state"": 119, ""same_sign"": true, ""sufficient"": true}, ""3"": {""effect"": 0.11406942045482624, ""n_state"": 132, ""same_sign"": false, ""sufficient"": true}, ""4"": {""effect"": -0.1257113887858719, ""n_state"": 139, ""same_sign"": true, ""sufficient"": true}, ""5"": {""effect"": -0.17308009118423381, ""n_state"": 129, ""same_sign"": true, ""sufficient"": true}, ""6"": {""effect"": -0.09113456194745923, ""n_state"": 126, ""same_sign"": true, ""sufficient"": true}, ""7"": {""effect"": 0.10240361374550447, ""n_state"": 120, ""same_sign"": false, ""sufficient"": true}, ""8"": {""effect"": -0.09522717964869401, ""n_state"": 125, ""same_sign"": true, ""sufficient"": true}, ""9"": {""effect"": 0.17056798599747916, ""n_state"": 223, ""same_sign"": false, ""sufficient"": true}}","{""1"": {""effect"": -0.09471143055235158, ""minimum_effect_pass"": true, ""n_state"": 730, ""same_sign"": true, ""sufficient"": true}, ""2"": {""effect"": -0.11390424838422591, ""minimum_effect_pass"": true, ""n_state"": 931, ""same_sign"": true, ""sufficient"": true}}",1661,58715,-0.10523422988682145,0.007771089606143936,-1,True,True,2,False,"{""1"": {""effect"": -0.04874469026415299, ""minimum_effect_pass"": false, ""n_state"": 336, ""same_sign"": true, ""sufficient"": true}, ""2"": {""effect"": -0.12921536017946914, ""minimum_effect_pass"": true, ""n_state"": 394, ""same_sign"": true, ""sufficient"": true}, ""3"": {""effect"": 0.09955113044889659, ""minimum_effect_pass"": true, ""n_state"": 468, ""same_sign"": false, ""sufficient"": true}, ""4"": {""effect"": -0.32974173638608467, ""minimum_effect_pass"": true, ""n_state"": 463, ""same_sign"": true, ""sufficient"": true}}",-0.33748365826406856,0.13235791248808193,5000,False,0.038855448030719685,True,False,,False
1596,58889,0.2818283977826363,0.3213745519860229,0.0395461542033866,0.0003818953536367,body_atr:Q1:H5,feature_quintile_x_server_4h_block,body_atr,1,5.0,6,mean_fwd_ret_atr,0.0145120234381946,1604,58772,0.1425100943152176,0.0231189477066023,0.0531735797251854,4,"{'1': {'effect': 0.11662646813602184, 'n_state': 366, 'same_sign': True}, '2': {'effect': 0.26443863049834715, 'n_state': 421, 'same_sign': True}, '3': {'effect': 0.10303067553563897, 'n_state': 404, 'same_sign': True}, '4': {'effect': 0.06872338960707061, 'n_state': 413, 'same_sign': True}}",12,9,9,0.1338160140073682,0.06,True,True,True,True,True,"{""1"": {""effect"": -0.060479170789198886, ""n_state"": 129, ""same_sign"": false, ""sufficient"": true}, ""10"": {""effect"": 0.046897335654989, ""n_state"": 154, ""same_sign"": true, ""sufficient"": true}, ""11"": {""effect"": -0.10394621506738586, ""n_state"": 125, ""same_sign"": false, ""sufficient"": true}, ""12"": {""effect"": 0.2933689582512139, ""n_state"": 134, ""same_sign"": true, ""sufficient"": true}, ""2"": {""effect"": 0.16335066085820418, ""n_state"": 115, ""same_sign"": true, ""sufficient"": true}, ""3"": {""effect"": 0.14976966358413346, ""n_state"": 122, ""same_sign"": true, ""sufficient"": true}, ""4"": {""effect"": 0.413175567196855, ""n_state"": 149, ""same_sign"": true, ""sufficient"": true}, ""5"": {""effect"": 0.4050223844804532, ""n_state"": 132, ""same_sign"": true, ""sufficient"": true}, ""6"": {""effect"": 0.1178623644306031, ""n_state"": 140, ""same_sign"": true, ""sufficient"": true}, ""7"": {""effect"": 0.009291556551417904, ""n_state"": 121, ""same_sign"": true, ""sufficient"": true}, ""8"": {""effect"": -0.026668207298367722, ""n_state"": 140, ""same_sign"": false, ""sufficient"": true}, ""9"": {""effect"": 0.2651429119639641, ""n_state"": 143, ""same_sign"": true, ""sufficient"": true}}","{""1"": {""effect"": 0.2016511455286007, ""minimum_effect_pass"": true, ""n_state"": 787, ""same_sign"": true, ""sufficient"": true}, ""2"": {""effect"": 0.0855820920395795, ""minimum_effect_pass"": true, ""n_state"": 817, ""same_sign"": true, ""sufficient"": true}}",1604,58772,0.1425100943152176,0.023118947706602368,1,True,True,4,True,"{""1"": {""effect"": 0.07969757922538674, ""minimum_effect_pass"": true, ""n_state"": 366, ""same_sign"": true, ""sufficient"": true}, ""2"": {""effect"": 0.31219215093332986, ""minimum_effect_pass"": true, ""n_state"": 421, ""same_sign"": true, ""sufficient"": true}, ""3"": {""effect"": 0.08997579005317276, ""minimum_effect_pass"": true, ""n_state"": 404, ""same_sign"": true, ""sufficient"": true}, ""4"": {""effect"": 0.08156219914126725, ""minimum_effect_pass"": true, ""n_state"": 413, ""same_sign"": true, ""sufficient"": true}}",-0.042928531003054715,0.34715293868750907,5000,False,0.06265614755455234,False,False,,False
2402,58083,-0.1132435375226521,-0.0617636956282595,0.0514798418943926,0.001659171526324,compression6_atr:Q4:H1,feature_quintile_x_server_4h_block,compression6_atr,4,1.0,6,mean_fwd_ret_atr,0.0202937362224677,2353,58023,-0.1551406633918816,9.435160631179507e-06,7.233623150570956e-05,4,"{'1': {'effect': -0.14192889198461384, 'n_state': 562, 'same_sign': True}, '2': {'effect': -0.23643635003516175, 'n_state': 566, 'same_sign': True}, '3': {'effect': -0.07306412889280109, 'n_state': 637, 'same_sign': True}, '4': {'effect': -0.1600252058692607, 'n_state': 588, 'same_sign': True}}",12,10,9,-0.1022565337112794,0.06,True,True,True,True,True,"{""1"": {""effect"": 0.1377725972713128, ""n_state"": 177, ""same_sign"": false, ""sufficient"": true}, ""10"": {""effect"": -0.0350921973660453, ""n_state"": 218, ""same_sign"": true, ""sufficient"": true}, ""11"": {""effect"": -0.16646172720591762, ""n_state"": 202, ""same_sign"": true, ""sufficient"": true}, ""12"": {""effect"": -0.29687624889136227, ""n_state"": 168, ""same_sign"": true, ""sufficient"": true}, ""2"": {""effect"": -0.3405848328196274, ""n_state"": 165, ""same_sign"": true, ""sufficient"": true}, ""3"": {""effect"": -0.34426725980882467, ""n_state"": 220, ""same_sign"": true, ""sufficient"": true}, ""4"": {""effect"": 0.011852447467979525, ""n_state"": 171, ""same_sign"": false, ""sufficient"": true}, ""5"": {""effect"": -0.4956451657817383, ""n_state"": 203, ""same_sign"": true, ""sufficient"": true}, ""6"": {""effect"": -0.07451518666364085, ""n_state"": 192, ""same_sign"": true, ""sufficient"": true}, ""7"": {""effect"": -0.06079433750925783, ""n_state"": 240, ""same_sign"": true, ""sufficient"": true}, ""8"": {""effect"": -0.12999788075891805, ""n_state"": 228, ""same_sign"": true, ""sufficient"": true}, ""9"": {""effect"": -0.047277473011034785, ""n_state"": 169, ""same_sign"": true, ""sufficient"": true}}","{""1"": {""effect"": -0.1930998195563307, ""minimum_effect_pass"": true, ""n_state"": 1128, ""same_sign"": true, ""sufficient"": true}, ""2"": {""effect"": -0.12020417600471961, ""minimum_effect_pass"": true, ""n_state"": 1225, ""same_sign"": true, ""sufficient"": true}}",2353,58023,-0.15514066339188165,9.435160631179507e-06,-1,True,True,4,True,"{""1"": {""effect"": -0.1860531445087626, ""minimum_effect_pass"": true, ""n_state"": 562, ""same_sign"": true, ""sufficient"": true}, ""2"": {""effect"": -0.20103373742160954, ""minimum_effect_pass"": true, ""n_state"": 566, ""same_sign"": true, ""sufficient"": true}, ""3"": {""effect"": -0.09074829499859716, ""minimum_effect_pass"": true, ""n_state"": 637, ""same_sign"": true, ""sufficient"": true}, ""4"": {""effect"": -0.1531549930439457, ""minimum_effect_pass"": true, ""n_state"": 588, ""same_sign"": true, ""sufficient"": true}}",-0.32058789174073665,0.003475356917786594,5000,False,0.00010378676694297458,True,False,,False
1987,58498,0.3259401869755411,0.3622153644299931,0.0362751774544519,2.8653551987353447e-05,dist_low24_atr:Q1:H5,feature_quintile_x_server_4h_block,dist_low24_atr,1,5.0,6,mean_fwd_ret_atr,0.0043553399020777,1828,58548,0.1720896228636553,0.0142604284738401,0.0468556935569034,4,"{'1': {'effect': 0.27601746784178643, 'n_state': 469, 'same_sign': True}, '2': {'effect': 0.16026401297913417, 'n_state': 409, 'same_sign': True}, '3': {'effect': 0.17024487779116773, 'n_state': 552, 'same_sign': True}, '4': {'effect': 0.04650955405960521, 'n_state': 398, 'same_sign': True}}",12,9,9,0.1430840848138074,0.06,True,True,True,True,True,"{""1"": {""effect"": 0.35057625696427785, ""n_state"": 199, ""same_sign"": true, ""sufficient"": true}, ""10"": {""effect"": 0.16292073944671942, ""n_state"": 104, ""same_sign"": true, ""sufficient"": true}, ""11"": {""effect"": -0.06235640226351276, ""n_state"": 150, ""same_sign"": false, ""sufficient"": true}, ""12"": {""effect"": 0.11250833050851368, ""n_state"": 144, ""same_sign"": true, ""sufficient"": true}, ""2"": {""effect"": 0.12324743018089548, ""n_state"": 127, ""same_sign"": true, ""sufficient"": true}, ""3"": {""effect"": 0.18765093199066565, ""n_state"": 143, ""same_sign"": true, ""sufficient"": true}, ""4"": {""effect"": 0.5758832671513293, ""n_state"": 107, ""same_sign"": true, ""sufficient"": true}, ""5"": {""effect"": 0.5294376291392743, ""n_state"": 120, ""same_sign"": true, ""sufficient"": true}, ""6"": {""effect"": -0.2027623972965725, ""n_state"": 182, ""same_sign"": false, ""sufficient"": true}, ""7"": {""effect"": 0.1203655574697923, ""n_state"": 169, ""same_sign"": true, ""sufficient"": true}, ""8"": {""effect"": 0.6100012750274966, ""n_state"": 211, ""same_sign"": true, ""sufficient"": true}, ""9"": {""effect"": -0.3397063182241121, ""n_state"": 172, ""same_sign"": false, ""sufficient"": true}}","{""1"": {""effect"": 0.22915721455927512, ""minimum_effect_pass"": true, ""n_state"": 878, ""same_sign"": true, ""sufficient"": true}, ""2"": {""effect"": 0.1192478157088038, ""minimum_effect_pass"": true, ""n_state"": 950, ""same_sign"": true, ""sufficient"": true}}",1828,58548,0.17208962286365534,0.014260428473840176,1,True,True,3,False,"{""1"": {""effect"": 0.24351670318107438, ""minimum_effect_pass"": true, ""n_state"": 469, ""same_sign"": true, ""sufficient"": true}, ""2"": {""effect"": 0.2056075830044122, ""minimum_effect_pass"": true, ""n_state"": 409, ""same_sign"": true, ""sufficient"": true}, ""3"": {""effect"": 0.15967234485636167, ""minimum_effect_pass"": true, ""n_state"": 552, ""same_sign"": true, ""sufficient"": true}, ""4"": {""effect"": 0.05884855724785459, ""minimum_effect_pass"": false, ""n_state"": 398, ""same_sign"": true, ""sufficient"": true}}",-0.08955759737068408,0.4414102381770456,5000,False,0.0570417138953607,False,False,,False
1207,56407,-0.2005627283406479,-0.1135105432350528,0.0870521851055951,0.0056286380578498,bar_range_atr:Q5:H4,feature_quintile_x_server_4h_block,bar_range_atr,5,4.0,12,mean_fwd_ret_atr,0.0461876568012949,1266,56280,-0.4431652375589662,1.9439964807932572e-08,3.833562162096758e-07,4,"{'1': {'effect': -0.627988128697753, 'n_state': 272, 'same_sign': True}, '2': {'effect': -0.25156279778635815, 'n_state': 282, 'same_sign': True}, '3': {'effect': -0.2513709471821579, 'n_state': 277, 'same_sign': True}, '4': {'effect': -0.5531728272477181, 'n_state': 435, 'same_sign': True}}",12,10,9,-0.5228637643776486,0.06,True,True,True,True,True,"{""1"": {""effect"": -0.6587176724128964, ""n_state"": 86, ""same_sign"": true, ""sufficient"": true}, ""10"": {""effect"": -0.53178581421017, ""n_state"": 165, ""same_sign"": true, ""sufficient"": true}, ""11"": {""effect"": -0.07527517936099629, ""n_state"": 139, ""same_sign"": true, ""sufficient"": true}, ""12"": {""effect"": -1.0252951640123715, ""n_state"": 131, ""same_sign"": true, ""sufficient"": true}, ""2"": {""effect"": -0.5444339016438098, ""n_state"": 77, ""same_sign"": true, ""sufficient"": true}, ""3"": {""effect"": -0.8881076609023223, ""n_state"": 109, ""same_sign"": true, ""sufficient"": true}, ""4"": {""effect"": -0.1162483159247399, ""n_state"": 106, ""same_sign"": true, ""sufficient"": true}, ""5"": {""effect"": 0.04762021143983572, ""n_state"": 88, ""same_sign"": false, ""sufficient"": true}, ""6"": {""effect"": -0.513941714545127, ""n_state"": 88, ""same_sign"": true, ""sufficient"": true}, ""7"": {""effect"": -0.7508753262348702, ""n_state"": 102, ""same_sign"": true, ""sufficient"": true}, ""8"": {""effect"": -0.2177592564869389, ""n_state"": 82, ""same_sign"": true, ""sufficient"": true}, ""9"": {""effect"": 0.14964312513866918, ""n_state"": 93, ""same_sign"": false, ""sufficient"": true}}","{""1"": {""effect"": -0.4418746051245731, ""minimum_effect_pass"": true, ""n_state"": 554, ""same_sign"": true, ""sufficient"": true}, ""2"": {""effect"": -0.4445453587102305, ""minimum_effect_pass"": true, ""n_state"": 712, ""same_sign"": true, ""sufficient"": true}}",1266,56280,-0.44316523755896625,1.9439964807932566e-08,-1,True,True,4,True,"{""1"": {""effect"": -0.7077874072100436, ""minimum_effect_pass"": true, ""n_state"": 272, ""same_sign"": true, ""sufficient"": true}, ""2"": {""effect"": -0.18504521978526725, ""minimum_effect_pass"": true, ""n_state"": 282, ""same_sign"": true, ""sufficient"": true}, ""3"": {""effect"": -0.2893270178020697, ""minimum_effect_pass"": true, ""n_state"": 277, ""same_sign"": true, ""sufficient"": true}, ""4"": {""effect"": -0.5333285532067977, ""minimum_effect_pass"": true, ""n_state"": 435, ""same_sign"": true, ""sufficient"": true}}",-0.9006177202532099,-0.06344960625419507,5000,True,2.3327957769519079e-07,True,True,1.0,True
1401,56213,-0.1645476253731432,-0.0776958774869633,0.0868517478861798,0.0057485318782788,lower_wick_atr:Q5:H4,feature_quintile_x_server_4h_block,lower_wick_atr,5,4.0,12,mean_fwd_ret_atr,0.0461876568012949,1593,55953,-0.2505098026418496,8.541112017869177e-05,0.0004953844970364,4,"{'1': {'effect': -0.4583616482460998, 'n_state': 341, 'same_sign': True}, '2': {'effect': -0.1953659778915498, 'n_state': 376, 'same_sign': True}, '3': {'effect': -0.03328569609122209, 'n_state': 375, 'same_sign': True}, '4': {'effect': -0.29651688982348007, 'n_state': 501, 'same_sign': True}}",12,10,9,-0.2770032744307263,0.06,True,True,True,True,True,"{""1"": {""effect"": -0.3354958147019483, ""n_state"": 120, ""same_sign"": true, ""sufficient"": true}, ""10"": {""effect"": -0.4759480617309386, ""n_state"": 190, ""same_sign"": true, ""sufficient"": true}, ""11"": {""effect"": -0.016647765302847978, ""n_state"": 172, ""same_sign"": true, ""sufficient"": true}, ""12"": {""effect"": -0.3209024184577559, ""n_state"": 139, ""same_sign"": true, ""sufficient"": true}, ""2"": {""effect"": -0.48507396150858434, ""n_state"": 80, ""same_sign"": true, ""sufficient"": true}, ""3"": {""effect"": -0.7931561457985072, ""n_state"": 141, ""same_sign"": true, ""sufficient"": true}, ""4"": {""effect"": -0.002214675593959159, ""n_state"": 122, ""same_sign"": true, ""sufficient"": true}, ""5"": {""effect"": 0.00698181085482498, ""n_state"": 120, ""same_sign"": false, ""sufficient"": true}, ""6"": {""effect"": -0.35085002297734114, ""n_state"": 134, ""same_sign"": true, ""sufficient"": true}, ""7"": {""effect"": -0.2331041304036968, ""n_state"": 134, ""same_sign"": true, ""sufficient"": true}, ""8"": {""effect"": -0.14710496453403782, ""n_state"": 110, ""same_sign"": true, ""sufficient"": true}, ""9"": {""effect"": 0.1529142745208899, ""n_state"": 131, ""same_sign"": false, ""sufficient"": true}}","{""1"": {""effect"": -0.3256613497332365, ""minimum_effect_pass"": true, ""n_state"": 717, ""same_sign"": true, ""sufficient"": true}, ""2"": {""effect"": -0.18896651902513106, ""minimum_effect_pass"": true, ""n_state"": 876, ""same_sign"": true, ""sufficient"": true}}",1593,55953,-0.2505098026418496,8.541112017869177e-05,-1,True,True,4,True,"{""1"": {""effect"": -0.5377492614637904, ""minimum_effect_pass"": true, ""n_state"": 341, ""same_sign"": true, ""sufficient"": true}, ""2"": {""effect"": -0.12853356968674678, ""minimum_effect_pass"": true, ""n_state"": 376, ""same_sign"": true, ""sufficient"": true}, ""3"": {""effect"": -0.0685386255369122, ""minimum_effect_pass"": true, ""n_state"": 375, ""same_sign"": true, ""sufficient"": true}, ""4"": {""effect"": -0.27180823068607896, ""minimum_effect_pass"": true, ""n_state"": 501, ""same_sign"": true, ""sufficient"": true}}",-0.57559875126885,0.07959763168932135,5000,False,0.0006832889614295342,True,False,,False
1381,50753,-0.2716835284266088,-0.0899677426286993,0.1817157857979095,0.0003726339800967,ret1_atr:Q5:H4,feature_quintile_x_server_4h_block,ret1_atr,5,4.0,24,mean_fwd_ret_atr,0.0054031927114024,1313,50856,-0.2991005336760405,0.0001521738796026,0.0010461954222679,4,"{'1': {'effect': -0.5139784163601843, 'n_state': 252, 'same_sign': True}, '2': {'effect': -0.1247780369603602, 'n_state': 340, 'same_sign': True}, '3': {'effect': -0.16878337557612014, 'n_state': 347, 'same_sign': True}, '4': {'effect': -0.41369237175290857, 'n_state': 374, 'same_sign': True}}",12,9,9,-0.2886582863423846,0.06,True,True,True,True,True,"{""1"": {""effect"": -1.123106618270646, ""n_state"": 79, ""same_sign"": true, ""sufficient"": true}, ""10"": {""effect"": -0.45002786190705146, ""n_state"": 147, ""same_sign"": true, ""sufficient"": true}, ""11"": {""effect"": 0.6203524549358426, ""n_state"": 138, ""same_sign"": false, ""sufficient"": true}, ""12"": {""effect"": -1.6990484913476855, ""n_state"": 89, ""same_sign"": true, ""sufficient"": true}, ""2"": {""effect"": -0.2267549362495358, ""n_state"": 75, ""same_sign"": true, ""sufficient"": true}, ""3"": {""effect"": -0.7673474614827644, ""n_state"": 98, ""same_sign"": true, ""sufficient"": true}, ""4"": {""effect"": -0.19568847180740148, ""n_state"": 106, ""same_sign"": true, ""sufficient"": true}, ""5"": {""effect"": 0.14672172106676182, ""n_state"": 130, ""same_sign"": false, ""sufficient"": true}, ""6"": {""effect"": 0.08921568014667774, ""n_state"": 104, ""same_sign"": false, ""sufficient"": true}, ""7"": {""effect"": -0.3505616364352335, ""n_state"": 116, ""same_sign"": true, ""sufficient"": true}, ""8"": {""effect"": -0.5454810674340771, ""n_state"": 93, ""same_sign"": true, ""sufficient"": true}, ""9"": {""effect"": -0.03509568738065605, ""n_state"": 138, ""same_sign"": true, ""sufficient"": true}}","{""1"": {""effect"": -0.31008688170520343, ""minimum_effect_pass"": true, ""n_state"": 592, ""same_sign"": true, ""sufficient"": true}, ""2"": {""effect"": -0.28844723754813356, ""minimum_effect_pass"": true, ""n_state"": 721, ""same_sign"": true, ""sufficient"": true}}",1313,50856,-0.2991005336760405,0.00015217387960261735,-1,True,True,3,False,"{""1"": {""effect"": -0.7071778088219107, ""minimum_effect_pass"": true, ""n_state"": 252, ""same_sign"": true, ""sufficient"": true}, ""2"": {""effect"": 0.024608444472008974, ""minimum_effect_pass"": false, ""n_state"": 340, ""same_sign"": false, ""sufficient"": true}, ""3"": {""effect"": -0.2335542069729221, ""minimum_effect_pass"": true, ""n_state"": 347, ""same_sign"": true, ""sufficient"": true}, ""4"": {""effect"": -0.3353646193867816, ""minimum_effect_pass"": true, ""n_state"": 374, ""same_sign"": true, ""sufficient"": true}}",-0.6734952754369468,0.10118974054991027,5000,False,0.0010652171572183215,True,False,,False
1370,50764,-0.2788019277604264,-0.0969564053554152,0.1818455224050112,0.0002736094106716,body_atr:Q5:H4,feature_quintile_x_server_4h_block,body_atr,5,4.0,24,mean_fwd_ret_atr,0.0043543934347803,1303,50866,-0.3196122105584576,5.585651219586227e-05,0.0006211294426982,4,"{'1': {'effect': -0.5030740946999912, 'n_state': 256, 'same_sign': True}, '2': {'effect': -0.17753472926788985, 'n_state': 331, 'same_sign': True}, '3': {'effect': -0.19542959987967437, 'n_state': 346, 'same_sign': True}, '4': {'effect': -0.41466200486280613, 'n_state': 370, 'same_sign': True}}",12,9,9,-0.2913749304343512,0.06,True,True,True,True,True,"{""1"": {""effect"": -1.1309846639266519, ""n_state"": 80, ""same_sign"": true, ""sufficient"": true}, ""10"": {""effect"": -0.45762696320283003, ""n_state"": 145, ""same_sign"": true, ""sufficient"": true}, ""11"": {""effect"": 0.6401863930010026, ""n_state"": 136, ""same_sign"": false, ""sufficient"": true}, ""12"": {""effect"": -1.6990484913476855, ""n_state"": 89, ""same_sign"": true, ""sufficient"": true}, ""2"": {""effect"": -0.19802921060397044, ""n_state"": 76, ""same_sign"": true, ""sufficient"": true}, ""3"": {""effect"": -0.7559866269851444, ""n_state"": 100, ""same_sign"": true, ""sufficient"": true}, ""4"": {""effect"": -0.2540174138271372, ""n_state"": 106, ""same_sign"": true, ""sufficient"": true}, ""5"": {""effect"": 0.10746977029573737, ""n_state"": 123, ""same_sign"": false, ""sufficient"": true}, ""6"": {""effect"": 0.03192481758530259, ""n_state"": 102, ""same_sign"": false, ""sufficient"": true}, ""7"": {""effect"": -0.32873244704156523, ""n_state"": 116, ""same_sign"": true, ""sufficient"": true}, ""8"": {""effect"": -0.5745370373826899, ""n_state"": 94, ""same_sign"": true, ""sufficient"": true}, ""9"": {""effect"": -0.08916906550016879, ""n_state"": 136, ""same_sign"": true, ""sufficient"": true}}","{""1"": {""effect"": -0.3395797807378939, ""minimum_effect_pass"": true, ""n_state"": 587, ""same_sign"": true, ""sufficient"": true}, ""2"": {""effect"": -0.30157185911625617, ""minimum_effect_pass"": true, ""n_state"": 716, ""same_sign"": true, ""sufficient"": true}}",1303,50866,-0.3196122105584576,5.585651219586227e-05,-1,True,True,3,False,"{""1"": {""effect"": -0.6962909462939773, ""minimum_effect_pass"": true, ""n_state"": 256, ""same_sign"": true, ""sufficient"": true}, ""2"": {""effect"": -0.02924067983884976, ""minimum_effect_pass"": false, ""n_state"": 331, ""same_sign"": true, ""sufficient"": true}, ""3"": {""effect"": -0.2607136630179675, ""minimum_effect_pass"": true, ""n_state"": 346, ""same_sign"": true, ""sufficient"": true}, ""4"": {""effect"": -0.3362854005742074, ""minimum_effect_pass"": true, ""n_state"": 370, ""same_sign"": true, ""sufficient"": true}}",-0.7184554619728696,0.06871604076058324,5000,False,0.0005585651219586227,True,False,,False
4011,48123,0.2949778432043011,0.4468023664509082,0.1518245232466071,0.0007437174176628,atr_slope12:Q5:H0,feature_quintile_x_server_4h_block,atr_slope12,5,0.0,24,mean_fwd_ret_atr,0.0098035477782835,3914,48255,0.4981488030921654,4.21287962612343e-13,2.3170837943678863e-11,3,"{'1': {'effect': 0.7865482554043466, 'n_state': 1077, 'same_sign': True}, '2': {'effect': 0.9030796241421214, 'n_state': 915, 'same_sign': True}, '3': {'effect': -0.1441317915190183, 'n_state': 977, 'same_sign': False}, '4': {'effect': 0.32353644448369356, 'n_state': 945, 'same_sign': True}}",12,9,9,0.310379995772455,0.06,True,True,True,True,True,"{""1"": {""effect"": 1.3324218398103214, ""n_state"": 382, ""same_sign"": true, ""sufficient"": true}, ""10"": {""effect"": 0.7162901866610205, ""n_state"": 304, ""same_sign"": true, ""sufficient"": true}, ""11"": {""effect"": 0.31529877488977526, ""n_state"": 290, ""same_sign"": true, ""sufficient"": true}, ""12"": {""effect"": 0.30515743293983766, ""n_state"": 351, ""same_sign"": true, ""sufficient"": true}, ""2"": {""effect"": 0.41835973866563353, ""n_state"": 372, ""same_sign"": true, ""sufficient"": true}, ""3"": {""effect"": 0.14944980495271787, ""n_state"": 323, ""same_sign"": true, ""sufficient"": true}, ""4"": {""effect"": 3.2574534550037004, ""n_state"": 311, ""same_sign"": true, ""sufficient"": true}, ""5"": {""effect"": -0.6997980540521892, ""n_state"": 296, ""same_sign"": false, ""sufficient"": true}, ""6"": {""effect"": 0.7155387083064113, ""n_state"": 308, ""same_sign"": true, ""sufficient"": true}, ""7"": {""effect"": -0.4509357576565497, ""n_state"": 333, ""same_sign"": false, ""sufficient"": true}, ""8"": {""effect"": -0.4770797674653964, ""n_state"": 323, ""same_sign"": false, ""sufficient"": true}, ""9"": {""effect"": 0.3054612166551347, ""n_state"": 321, ""same_sign"": true, ""sufficient"": true}}","{""1"": {""effect"": 0.8795338212988477, ""minimum_effect_pass"": true, ""n_state"": 1992, ""same_sign"": true, ""sufficient"": true}, ""2"": {""effect"": 0.10480315638757537, ""minimum_effect_pass"": true, ""n_state"": 1922, ""same_sign"": true, ""sufficient"": true}}",3914,48255,0.49814880309216547,4.21287962612343e-13,1,True,True,3,False,"{""1"": {""effect"": 0.6449798459064395, ""minimum_effect_pass"": true, ""n_state"": 1077, ""same_sign"": true, ""sufficient"": true}, ""2"": {""effect"": 1.1146027560874057, ""minimum_effect_pass"": true, ""n_state"": 915, ""same_sign"": true, ""sufficient"": true}, ""3"": {""effect"": -0.217151720159747, ""minimum_effect_pass"": true, ""n_state"": 977, ""same_sign"": false, ""sufficient"": true}, ""4"": {""effect"": 0.4323609069040787, ""minimum_effect_pass"": true, ""n_state"": 945, ""same_sign"": true, ""sufficient"": true}}",-0.12991392496575613,1.117811408854036,5000,False,5.476743513960459e-12,True,False,,False
2902,49232,-0.2996460432306639,-0.1084474273276744,0.1911986159029895,2.0201471050368762e-07,atr_slope12:Q5:H4,feature_quintile_x_server_4h_block,atr_slope12,5,4.0,24,mean_fwd_ret_atr,9.764044341011569e-06,2826,49343,-0.1577236491301793,0.0062354129098751,0.022863180669542,4,"{'1': {'effect': -0.022922101741182033, 'n_state': 546, 'same_sign': True}, '2': {'effect': -0.11155202149429654, 'n_state': 718, 'same_sign': True}, '3': {'effect': -0.02298102919854328, 'n_state': 745, 'same_sign': True}, '4': {'effect': -0.38961332694741346, 'n_state': 817, 'same_sign': True}}",12,9,9,-0.2275072349380248,0.06,True,True,True,True,True,"{""1"": {""effect"": -0.29877797672446316, ""n_state"": 146, ""same_sign"": true, ""sufficient"": true}, ""10"": {""effect"": -0.49207020266873247, ""n_state"": 325, ""same_sign"": true, ""sufficient"": true}, ""11"": {""effect"": 0.9002401259201106, ""n_state"": 222, ""same_sign"": false, ""sufficient"": true}, ""12"": {""effect"": -1.1062170721983444, ""n_state"": 270, ""same_sign"": true, ""sufficient"": true}, ""2"": {""effect"": -0.3665503975681606, ""n_state"": 166, ""same_sign"": true, ""sufficient"": true}, ""3"": {""effect"": -0.07803990878435157, ""n_state"": 234, ""same_sign"": true, ""sufficient"": true}, ""4"": {""effect"": -0.37995794615106593, ""n_state"": 253, ""same_sign"": true, ""sufficient"": true}, ""5"": {""effect"": 0.6130567648314299, ""n_state"": 231, ""same_sign"": false, ""sufficient"": true}, ""6"": {""effect"": -0.077076442678155, ""n_state"": 234, ""same_sign"": true, ""sufficient"": true}, ""7"": {""effect"": -0.15623649315158653, ""n_state"": 253, ""same_sign"": true, ""sufficient"": true}, ""8"": {""effect"": -0.6188743680115233, ""n_state"": 256, ""same_sign"": true, ""sufficient"": true}, ""9"": {""effect"": 0.6083499483429038, ""n_state"": 236, ""same_sign"": false, ""sufficient"": true}}","{""1"": {""effect"": -0.09072192633425769, ""minimum_effect_pass"": true, ""n_state"": 1264, ""same_sign"": true, ""sufficient"": true}, ""2"": {""effect"": -0.21059489283983268, ""minimum_effect_pass"": true, ""n_state"": 1562, ""same_sign"": true, ""sufficient"": true}}",2826,49343,-0.15772364913017936,0.006235412909875105,-1,True,True,3,False,"{""1"": {""effect"": -0.2133915837988728, ""minimum_effect_pass"": true, ""n_state"": 546, ""same_sign"": true, ""sufficient"": true}, ""2"": {""effect"": 0.040150321526409856, ""minimum_effect_pass"": false, ""n_state"": 718, ""same_sign"": false, ""sufficient"": true}, ""3"": {""effect"": -0.08734970965386785, ""minimum_effect_pass"": true, ""n_state"": 745, ""same_sign"": true, ""sufficient"": true}, ""4"": {""effect"": -0.31804804176483203, ""minimum_effect_pass"": true, ""n_state"": 817, ""same_sign"": true, ""sufficient"": true}}",-0.6370019468135725,0.31559252924590026,5000,False,0.03741247745925063,True,False,,False
1128,51006,-0.300039816949136,-0.1190289461632823,0.1810108707858536,0.0014585386381243,compression6_atr:Q5:H4,feature_quintile_x_server_4h_block,compression6_atr,5,4.0,24,mean_fwd_ret_atr,0.0145853863812431,1173,50996,-0.3820680368865931,7.497012466200067e-05,0.000687226142735,3,"{'1': {'effect': -0.4522200330877219, 'n_state': 170, 'same_sign': True}, '2': {'effect': 0.05605881408900154, 'n_state': 316, 'same_sign': False}, '3': {'effect': -0.20565380462942523, 'n_state': 279, 'same_sign': True}, '4': {'effect': -0.7954336408518703, 'n_state': 408, 'same_sign': True}}",12,9,9,-0.3781167940088167,0.06,True,True,True,True,True,"{""1"": {""effect"": -1.4267617143736187, ""n_state"": 42, ""same_sign"": true, ""sufficient"": true}, ""10"": {""effect"": -1.1751143088733766, ""n_state"": 155, ""same_sign"": true, ""sufficient"": true}, ""11"": {""effect"": 0.849606232083518, ""n_state"": 132, ""same_sign"": false, ""sufficient"": true}, ""12"": {""effect"": -1.8880765231094, ""n_state"": 121, ""same_sign"": true, ""sufficient"": true}, ""2"": {""effect"": -0.8966043942289684, ""n_state"": 42, ""same_sign"": true, ""sufficient"": true}, ""3"": {""effect"": -0.20650635227600556, ""n_state"": 86, ""same_sign"": true, ""sufficient"": true}, ""4"": {""effect"": -0.07943704225545323, ""n_state"": 135, ""same_sign"": true, ""sufficient"": true}, ""5"": {""effect"": 1.2700266247634677, ""n_state"": 87, ""same_sign"": false, ""sufficient"": true}, ""6"": {""effect"": -0.4044913187668566, ""n_state"": 94, ""same_sign"": true, ""sufficient"": true}, ""7"": {""effect"": -0.3517422692507768, ""n_state"": 92, ""same_sign"": true, ""sufficient"": true}, ""8"": {""effect"": -0.77679743592799, ""n_state"": 80, ""same_sign"": true, ""sufficient"": true}, ""9"": {""effect"": 0.09632624361604347, ""n_state"": 107, ""same_sign"": false, ""sufficient"": true}}","{""1"": {""effect"": -0.13798390203213112, ""minimum_effect_pass"": true, ""n_state"": 486, ""same_sign"": true, ""sufficient"": true}, ""2"": {""effect"": -0.5528598905275027, ""minimum_effect_pass"": true, ""n_state"": 687, ""same_sign"": true, ""sufficient"": true}}",1173,50996,-0.3820680368865931,7.497012466200067e-05,-1,True,True,3,False,"{""1"": {""effect"": -0.6408458156213956, ""minimum_effect_pass"": true, ""n_state"": 170, ""same_sign"": true, ""sufficient"": true}, ""2"": {""effect"": 0.20877978818219417, ""minimum_effect_pass"": true, ""n_state"": 316, ""same_sign"": false, ""sufficient"": true}, ""3"": {""effect"": -0.27001971096546407, ""minimum_effect_pass"": true, ""n_state"": 279, ""same_sign"": true, ""sufficient"": true}, ""4"": {""effect"": -0.7264399610144424, ""minimum_effect_pass"": true, ""n_state"": 408, ""same_sign"": true, ""sufficient"": true}}",-1.064575199638468,0.25524349111470807,5000,False,0.0006747311219580061,True,False,,False
