candidate_id,year,profile,gross,spread,slippage,commission,net,trades,expectancy,expectancy_bps,PF,win_rate,max_drawdown_realized,best_trade,worst_trade,ex_best_positive_net
R6B-347,2004,E1,-0.6270000000000095,0.6168569,0.6168569,0.0431799838778,-1.9038937838778098,7,-0.27198482626825854,-6.164382059613272,0.5801453842162586,0.2857142857142857,2.7467868110771794,1.756854319711812,-1.2158569534476489,-3.660748103589622
R6B-347,2004,STRESS,-0.6270000000000095,1.5421422500000002,1.2337138,0.08635996995010001,-3.48921601995011,7,-0.4984594314214443,-11.30386169562881,0.3839685456401196,0.2857142857142857,3.48921601995011,1.5331951962031116,-1.4416407105142488,-5.0224112161532215
R6B-307,2004,E1,0.21299999999996544,1.0581223,1.0581223,0.0740685607018,-1.9773131607018348,12,-0.1647760967251529,-3.705343294164583,0.5615092328615803,0.5833333333333334,2.895261136759862,0.9583840145945531,-1.1872078354056192,-2.935697175296388
R6B-307,2004,STRESS,0.21299999999996544,2.64530575,2.1162446,0.1481371206581,-4.6966874706581345,12,-0.3913906225548445,-8.845455021935656,0.2076320814782339,0.3333333333333333,4.929237527919161,0.7341409831756531,-1.4146687743252189,-5.430828453833787
R6B-347,2005,E1,10.429000000000258,4.9403093,4.9403093,0.3458216363994,0.2025597636008561,54,0.003751106733349187,-0.700553568083238,1.0056596863924656,0.4444444444444444,15.804924443172993,7.9008275493707565,-3.020633613939565,-7.6982677857699
R6B-347,2005,STRESS,10.429000000000258,12.35077325,9.8806186,0.6916432362973001,-12.494035086297043,54,-0.2313710201166119,-5.841437671971221,0.7073024135946402,0.42592592592592593,24.19282175394311,7.626231827168557,-3.2771787377281645,-20.1202669134656
R6B-307,2005,E1,19.900000000000375,7.975176200000001,7.975176200000001,0.5582623061399999,3.391385293860376,88,0.038538469248413365,0.11148160660535635,1.0867841203010573,0.4431818181818182,18.56158383352816,3.7156101904950116,-2.93799054186961,-0.3242248966346355
R6B-307,2005,STRESS,19.900000000000375,19.9379405,15.950352400000002,1.1165245426300001,-17.104817442629624,88,-0.19437292548442756,-5.029611229550836,0.6621583001446595,0.3977272727272727,30.67002238248105,3.455643144727511,-3.15400779341321,-20.560460587357134
R6B-347,2006,E1,-48.187999999999874,10.967000200000001,10.967000200000001,0.7676900814632,-70.88969048146308,90,-0.787663227571812,-12.037720450355614,0.6164809243762724,0.4666666666666667,77.79260809340676,20.054123835483026,-27.198522070669835,-90.9438143169461
R6B-347,2006,STRESS,-48.187999999999874,27.4175005,21.934000400000002,1.5353803315844001,-99.07488123158427,90,-1.1008320136842698,-17.17569035467174,0.5058824108157153,0.4444444444444444,104.84292363283127,19.69298779217353,-27.560460185514142,-118.7678690237578
R6B-307,2006,E1,18.000999999999976,14.088787900000002,14.088787900000002,0.9862151277986,-11.162790927798634,116,-0.09623095627412616,-1.1153660135297268,0.9080713115486624,0.4827586206896552,28.78998512041938,12.410706339779932,-8.782581995927984,-23.573497267578567
R6B-307,2006,STRESS,18.000999999999976,35.22196975,28.177575800000003,1.9724301925937,-47.37097574259373,116,-0.4083704805396011,-6.256143490580203,0.6649234633822346,0.39655172413793105,55.86476812051584,12.051535024009931,-9.108589621675982,-59.42251076660366
R6B-347,2007,E1,-33.18500000000017,14.1748969,14.1748969,0.992242829459,-62.527036629459175,100,-0.6252703662945918,-8.698406523053078,0.5799932725254978,0.36,71.99083398349943,11.332073656346331,-13.47363808139461,-73.85911028580551
R6B-347,2007,STRESS,-33.18500000000017,35.43724225,28.3497938,1.9844857750655,-98.95652182506568,100,-0.9895652182506568,-13.837234792366235,0.4251981262119786,0.34,106.8321304207466,10.905073353558732,-13.88910665877571,-109.86159517862441
R6B-307,2007,E1,2.8829999999999245,17.3918505,17.3918505,1.2174295309638,-33.118130530963874,123,-0.26925309374767376,-3.8291412109392398,0.6843944500439987,0.44715447154471544,42.93166524158876,7.7908068453875,-8.71462339473062,-40.908937376351375
R6B-307,2007,STRESS,2.8829999999999245,43.47962625,34.783701,2.4348590518371003,-77.81518630183717,123,-0.632643791071847,-8.969221116665196,0.4059028971431531,0.37398373983739835,82.24597760892493,7.364716819244101,-9.13131526878772,-85.17990312108127
R6B-347,2008,E1,-110.48899999999935,21.0531253,21.0531253,1.4737189256846,-154.06896952568394,120,-1.2839080793806994,-14.721910165947385,0.5974912326570906,0.4,216.49728997591995,15.89756162973188,-30.61103060343532,-169.96653115541582
R6B-347,2008,STRESS,-110.48899999999935,52.63281325,42.1062506,2.9474382380807,-208.17550208808007,120,-1.7347958507340004,-19.859190103837058,0.499564429293585,0.38333333333333336,265.4282157716415,15.47613336629318,-30.98353246295922,-223.65163545437323
R6B-307,2008,E1,-41.39199999999971,24.8918494,24.8918494,1.7424295159488,-92.91812831594851,142,-0.6543530163094965,-7.2285884161131255,0.6498632375906389,0.4507042253521127,130.07887481524637,12.657741017151032,-15.49483318323234,-105.57586933309955
R6B-307,2008,STRESS,-41.39199999999971,62.2296235,49.7836988,3.4848591767696,-156.89018147676933,142,-1.1048604329349954,-12.367794499684678,0.48279618703393395,0.38028169014084506,188.488487771108,12.276264929679531,-15.90309471954574,-169.16644640644887
R6B-347,2009,E1,-23.369000000000028,24.9123635,24.9123635,1.7438654777166,-74.93759247771663,126,-0.5947427974421955,-6.752652418706593,0.7515786127373844,0.42063492063492064,111.39980795448224,14.558003258932798,-13.400079773226606,-89.49559573664943
R6B-347,2009,STRESS,-23.369000000000028,62.28090875,49.824727,3.4877310372247003,-138.96236678722474,126,-1.102875926882736,-11.891980840821306,0.5902004207077257,0.3888888888888889,159.71184511266856,14.068838270197599,-13.873207842019704,-153.03120505742234
R6B-307,2009,E1,-72.5920000000001,30.2652448,30.2652448,2.1185672376288,-135.2410568376289,152,-0.8897437949844006,-9.263647873145718,0.5003165821670468,0.40131578947368424,142.06211578909196,7.399345550967661,-13.337997495165023,-142.64040238859656
R6B-307,2009,STRESS,-72.5920000000001,75.663112,60.5304896,4.2371347293296004,-213.02273632932972,152,-1.4014653705876956,-14.402330848125857,0.33545394014607177,0.3223684210526316,218.14667526091398,6.85970212935426,-13.788675585742523,-219.88243845868396
R6B-347,2010,E1,55.255000000001246,31.4974923,31.4974923,2.204824383643,-9.944808983641753,127,-0.07830558254836026,-0.3388576132255794,0.9609916026266853,0.4881889763779528,49.8844761203429,17.481828789177527,-21.08023136170138,-27.42663777281928
R6B-347,2010,STRESS,55.255000000001246,78.74373075,62.9949846,4.4096485738935005,-90.89336392389225,127,-0.7156957789282854,-5.479834690447001,0.6944192171883588,0.4566929133858268,110.66331710272954,16.858360241299124,-21.799373745156277,-107.75172416519138
R6B-307,2010,E1,7.364000000000942,38.0460654,38.0460654,2.6632245676904,-71.39135536768946,154,-0.46358022966032114,-3.6964947580533267,0.6638524883986887,0.461038961038961,89.83328000760598,7.823033798596329,-14.107674969937616,-79.21438916628578
R6B-307,2010,STRESS,7.364000000000942,95.11516350000001,76.0921308,5.3264491096068,-169.16974340960587,154,-1.098504827335103,-8.836608760325644,0.3693107062566905,0.35714285714285715,178.8423838528008,7.251964676183029,-14.828609637219916,-176.4217080857889
R6B-347,2011,E1,130.85999999999945,44.821247400000004,44.821247400000004,3.137487134796,38.080018065203454,142,0.2681691413042497,1.3362923996779448,1.0870634513675248,0.4788732394366197,71.04406797348419,32.461413406401604,-20.58712354580413,5.61860465880185
R6B-347,2011,STRESS,130.85999999999945,112.0531185,89.64249480000001,6.274973811582,-77.11058711158256,142,-0.543032303602694,-3.805115272021008,0.8458957753621443,0.4154929577464789,125.35138668065831,31.61395092880721,-21.489880861118127,-108.72453804038977
R6B-307,2011,E1,-57.667000000000826,50.908709900000005,50.908709900000005,3.5636097737337997,-163.04802957373462,161,-1.0127206805822027,-6.098773777543316,0.5650413083834612,0.42857142857142855,166.5361017293129,21.7500532544539,-29.0690221556422,-184.7980828281885
R6B-307,2011,STRESS,-57.667000000000826,127.27177475,101.81741980000001,7.127219749302101,-293.88341429930296,161,-1.825362821734801,-11.238270278056792,0.358212180220104,0.33540372670807456,296.00893560176866,20.8599310375422,-30.003933810390606,-314.74334533684515
R6B-347,2012,E1,-28.453000000000202,42.006972100000006,42.006972100000006,2.9404880868342,-115.4074322868344,125,-0.9232594582946753,-5.36359150602099,0.6831889475178342,0.4,178.79628358988828,21.05361425938968,-35.38559030957569,-136.46104654622408
R6B-347,2012,STRESS,-28.453000000000202,105.01743025,84.01394420000001,5.8809762732539,-223.36535072325412,125,-1.786922805786033,-10.503276983893903,0.48469618146543275,0.328,264.56109284152626,20.24240594475398,-36.24050689059099,-243.6077566680081
R6B-307,2012,E1,8.402000000000953,46.372466200000005,46.372466200000005,3.2460726222372,-87.58900502223625,138,-0.634702934943741,-3.7086537182749004,0.6319639489275277,0.37681159420289856,126.52280899887181,9.785584322658025,-16.569486023227757,-97.37458934489428
R6B-307,2012,STRESS,8.402000000000953,115.9311655,92.74493240000001,6.4921452150674,-206.76624311506646,138,-1.4983061095294672,-8.848764595107056,0.34421425715650145,0.3115942028985507,233.5913779582513,8.935850881961027,-17.429239252025052,-215.70209399702748
R6B-347,2013,E1,-113.36099999999851,36.2966669,36.2966669,2.5407668417054,-188.4951006417039,127,-1.4842133908795583,-10.346135275876742,0.5687189704737509,0.3543307086614173,207.07111673584336,24.36049029184725,-26.106464762746104,-212.85559093355116
R6B-347,2013,STRESS,-113.36099999999851,90.74166725,72.5933338,5.0815340801743005,-281.7775351301728,127,-2.218720749056479,-15.484539999300887,0.43594311106897493,0.2992125984251969,293.1046284740964,23.701838220813148,-26.8184476648578,-305.47937335098595
R6B-307,2013,E1,-22.422999999998638,40.1015409,40.1015409,2.8071078943922,-105.43318969439085,140,-0.7530942121027918,-5.377597459398065,0.6378187012716633,0.35714285714285715,122.6495292610436,24.556002113195873,-14.02969663381743,-129.98919180758674
R6B-307,2013,STRESS,-22.422999999998638,100.25385225000001,80.2030818,5.6142158672649005,-208.49414991726354,140,-1.489243927980454,-10.51727933706435,0.4223906121513725,0.2785714285714286,211.49727868199147,23.830942014381872,-14.760590564678331,-232.3250919316454
R6B-347,2014,E1,29.232999999999947,28.709054700000003,28.709054700000003,2.0096337880738,-30.194743188073858,113,-0.2672101167086182,-1.9741198601197487,0.8602993594833229,0.4690265486725664,55.015240355306645,16.83133944026766,-12.399122561591511,-47.02608262834151
R6B-347,2014,STRESS,29.232999999999947,71.77263675,57.418109400000006,4.0192674738321,-103.97701362383215,113,-0.9201505630427624,-7.114676595946422,0.5985699568218118,0.37168141592920356,126.06867251094599,16.20726334120426,-13.079641914661412,-120.18427696503642
R6B-307,2014,E1,-30.205999999999676,31.7379688,31.7379688,2.2216578582884,-95.90359545828808,125,-0.7672287636663047,-6.012200303129935,0.5306052463822067,0.36,123.7209428592372,16.699394916082795,-11.593307942538534,-112.60299037437088
R6B-307,2014,STRESS,-30.205999999999676,79.344922,63.4759376,4.4433158222978,-177.47017542229747,125,-1.4197614033783799,-11.15171905720858,0.3185136371030781,0.264,199.25867776042554,16.075387692372598,-12.207013973923631,-193.54556311467007
R6B-347,2015,E1,-88.23500000000035,30.690997300000003,30.690997300000003,2.148369934529,-151.76536453452937,132,-1.149737610110071,-9.687362347098793,0.5382736296422372,0.3939393939393939,157.2041016461058,12.370073507016514,-12.307388497518577,-164.13543804154588
R6B-347,2015,STRESS,-88.23500000000035,76.72749325000001,61.381994600000006,4.2967401778805,-230.64122802788086,132,-1.747282030514249,-14.825936406990053,0.39228383199838335,0.32575757575757575,231.679600132474,11.750633409074615,-12.938576186333679,-242.39186143695548
R6B-307,2015,E1,-23.35600000000227,34.002031,34.002031,2.3801422026984,-93.74020420270067,146,-0.6420561931691826,-5.50259541902211,0.5473265221080812,0.3835616438356164,96.81096351234953,8.473134912566287,-8.400734735054357,-102.21333911526696
R6B-307,2015,STRESS,-23.35600000000227,85.0050775,68.004062,4.7602844871428,-181.12542398714507,146,-1.2405850958023634,-10.64224516617429,0.31825996987436295,0.2876712328767123,181.8611790047548,7.8488048565486865,-9.02738609774476,-188.97422884369377
R6B-347,2016,E1,32.420999999998685,33.465382500000004,33.465382500000004,2.3425767296106,-36.85234172961192,134,-0.2750174755941188,-1.8965599641654283,0.8819996310654192,0.4701492537313433,78.55055586897431,38.82743911510688,-12.598855089907797,-75.6797808447188
R6B-347,2016,STRESS,32.420999999998685,83.66345625,66.93076500000001,4.6851533457477,-122.85837459574901,134,-0.916853541759321,-7.037136636632174,0.6591707753684596,0.40298507462686567,140.39346140817764,38.16375736798068,-13.246762172085099,-161.0221319637297
R6B-307,2016,E1,101.83699999999726,37.6861995,37.6861995,2.6380338224282,23.826567177569064,151,0.15779183561304017,1.3373349600862778,1.0936941567159897,0.4105960264900662,61.323791223183015,65.12999339593807,-8.305338300855732,-41.30342621836901
R6B-307,2016,STRESS,101.83699999999726,94.21549875,75.372399,5.2760672884269,-73.02696503842964,151,-0.4836222850227128,-3.804072979601067,0.7688183147684327,0.33112582781456956,98.94135430416392,64.45955062172108,-8.989850128850334,-137.4865156601507
R6B-347,2017,E1,18.647000000000162,29.1655799,29.1655799,2.0415905668942,-41.72575036689405,116,-0.35970474454219004,-2.615805867908846,0.7944392783534638,0.5172413793103449,92.11943738734243,10.19565830200367,-16.11827708284129,-51.92140866889772
R6B-347,2017,STRESS,18.647000000000162,72.91394975,58.3311598,4.0831810685239,-116.68129061852375,116,-1.0058731949872737,-7.756197659432541,0.5182097381950505,0.4482758620689655,149.71175000609134,9.548388691516971,-16.760500370286188,-126.22967931004072
R6B-307,2017,E1,30.04799999999932,31.8854094,31.8854094,2.2319786159328,-35.954797415933484,127,-0.2831086410703424,-2.1099259740362366,0.7549748361160175,0.4881889763779528,57.19234204042156,10.489597444415368,-7.126981562263762,-46.44439486034885
R6B-307,2017,STRESS,30.04799999999932,79.71352350000001,63.7708188,4.463957126697601,-117.90029942669828,127,-0.9283488143834511,-7.250447801131024,0.38829676434869836,0.36220472440944884,125.78245629674186,9.842252277369267,-7.760147097687062,-127.74255170406755
R6B-347,2018,E1,4.541999999999689,30.1825516,30.1825516,2.1127786056412,-57.935881805641515,119,-0.4868561496272396,-3.7646031263427138,0.739306242874263,0.4789915966386555,91.22559790234014,9.973438751737845,-13.4182450700039,-67.90932055737936
R6B-347,2018,STRESS,4.541999999999689,75.456379,60.3651032,4.2255571953854005,-135.50503939538572,119,-1.1386978100452583,-8.904699621474158,0.4922114569770353,0.3949579831932773,148.63329022771794,9.286167090320143,-14.111331985017898,-144.79120648570586
R6B-307,2018,E1,-7.052000000001044,35.4827546,35.4827546,2.4837928318727998,-80.50130203187385,140,-0.5750093002276704,-4.556818688368538,0.5303395262462306,0.40714285714285714,87.91632512030574,6.337248708580048,-6.208128476964678,-86.8385507404539
R6B-307,2018,STRESS,-7.052000000001044,88.7068865,70.9655092,4.9675856884276,-171.69198138842864,140,-1.2263712956316333,-9.696711545829684,0.2623161349876795,0.2642857142857143,172.95567916401475,5.709335291110747,-6.8576934755067676,-177.40131667953938
R6B-347,2019,E1,13.239000000000033,34.568482700000004,34.568482700000004,2.4197937704654,-58.31775917046537,125,-0.466542073363723,-2.9894971801830503,0.764427334873066,0.448,89.90943341008074,17.538950004349772,-17.20386926419381,-75.85670917481514
R6B-347,2019,STRESS,13.239000000000033,86.42120675,69.13696540000001,4.8395874945943005,-147.15875964459428,125,-1.1772700771567544,-8.129792914986972,0.5075838035366369,0.4,159.0621143051465,16.833689922074072,-17.994571736372105,-163.99244956666837
R6B-307,2019,E1,-0.2059999999999036,39.8089134,39.8089134,2.7866239382884,-82.6104507382883,144,-0.5736836856825577,-3.9922072836715947,0.6133343415723186,0.4236111111111111,99.8723988437229,14.732531049419954,-9.166267312025917,-97.34298178770825
R6B-307,2019,STRESS,-0.2059999999999036,99.5222835,79.6178268,5.5732478772978,-184.9193581772977,144,-1.2841622095645675,-9.132245273539358,0.3380196237555975,0.3055555555555556,191.54976874476955,14.027992352389955,-9.881729654116919,-198.94735052968767
R6B-347,2020,E1,-17.629999999998745,47.491408,47.491408,3.324398584682,-115.93721458468076,133,-0.8717083803359456,-4.6176281171174525,0.7645436898532766,0.46616541353383456,169.82143078843353,22.894193611918343,-33.86811329747569,-138.8314081965991
R6B-347,2020,STRESS,-17.629999999998745,118.72852,94.982816,6.6487972310690004,-237.99013323106777,133,-1.7893994979779533,-9.757505343617789,0.5756198103369474,0.42105263157894735,261.5323696258645,22.125917156132047,-34.701331361140994,-260.11605038719983
R6B-307,2020,E1,-0.813000000000784,54.2393747,54.2393747,3.7967562301382,-113.088505630139,152,-0.7440033265140723,-4.398520030673756,0.714671932524347,0.4473684210526316,162.83021601891932,23.908901584608028,-22.530460661599772,-136.99740721474703
R6B-307,2020,STRESS,-0.813000000000784,135.59843675,108.4787494,7.5935124631219,-252.4836986131227,152,-1.6610769645600179,-9.538453578537123,0.4756772664707,0.34868421052631576,281.7022960226358,22.901885755736025,-23.36659304969907,-275.3855843688587
R6B-347,2021,E1,48.21199999999908,55.447720600000004,55.447720600000004,3.8813403745032,-66.56478157450412,154,-0.43223884139288393,-2.290732644456659,0.833567995781716,0.43506493506493504,101.05248496891193,15.252351241465824,-16.252761215708258,-81.81713281596996
R6B-347,2021,STRESS,48.21199999999908,138.6193015,110.89544120000001,7.7626805802644006,-209.06542328026532,154,-1.3575676836380866,-7.431207995502625,0.5680930430537033,0.38961038961038963,233.40622416684323,14.265758389096126,-17.179899585687657,-223.33118166936146
R6B-307,2021,E1,74.64999999999918,61.5180304,61.5180304,4.3062620234899995,-52.69232282349083,171,-0.3081422387338645,-1.7145124811967882,0.8183742375536186,0.4619883040935672,85.68752643894473,10.88225603234656,-10.155785704183717,-63.57457885583739
R6B-307,2021,STRESS,74.64999999999918,153.795076,123.0360608,8.612523785705001,-210.79366058570582,171,-1.2327114654134843,-6.8551359486611245,0.44853909636238776,0.3567251461988304,222.5104465183008,9.89678650555896,-11.073022091327015,-220.6904470912648
R6B-347,2022,E1,-77.0340000000017,44.095991000000005,44.095991000000005,3.0867194778475997,-168.3127014778493,123,-1.3683959469743845,-7.2820284513354325,0.6547823485042339,0.43902439024390244,218.46162035860547,30.40200345167982,-43.63259894190596,-198.71470492952912
R6B-347,2022,STRESS,-77.0340000000017,110.23997750000001,88.19198200000001,6.1734392253142,-281.6393987253159,123,-2.28975120914891,-12.421220798236318,0.49003623325363643,0.4065040650406504,308.24478232872093,29.411254212559818,-44.678724333576966,-311.0506529378757
R6B-307,2022,E1,-26.12600000000066,49.821047400000005,49.821047400000005,3.4874733545764,-129.25556815457708,139,-0.9298961737739359,-5.079920456816299,0.6192531997202101,0.4244604316546763,149.85062738619266,17.584657173731884,-14.516627155135094,-146.84022532830897
R6B-307,2022,STRESS,-26.12600000000066,124.55261850000001,99.64209480000001,6.9749468005938,-257.2956601005945,139,-1.851047914392766,-10.219678851852619,0.388083194749091,0.3237410071942446,261.73245521631213,16.597202611793882,-15.570236758108294,-273.89286271238836
R6B-347,2023,E1,-118.73200000000224,55.6041952,55.6041952,3.8922938302248,-233.83268423022704,143,-1.6351935960155737,-8.10983116902058,0.5148017450167696,0.4195804195804196,266.84792350358464,19.363677748182106,-50.182695339048166,-253.19636197840916
R6B-347,2023,STRESS,-118.73200000000224,139.010488,111.2083904,7.7845880760116,-376.73546647601387,143,-2.6345137515805166,-13.248810730632997,0.33873453875436144,0.34965034965034963,407.85640389362203,18.41225356681911,-51.253771350716164,-395.147720042833
R6B-307,2023,E1,-58.4100000000019,61.815468200000005,61.815468200000005,4.327082855774,-186.36801925577592,159,-1.1721259072690309,-5.905076006706323,0.5184311631624786,0.389937106918239,206.72824669511314,11.548996843231194,-24.81494751452592,-197.91701609900713
R6B-307,2023,STRESS,-58.4100000000019,154.5386705,123.63093640000001,8.654165915983,-345.23377281598493,159,-2.171281590037641,-11.044622296904178,0.2959367075583675,0.31446540880503143,356.7617825528671,10.606659629540392,-25.892544262866213,-355.8404324455253
R6B-347,2024,E1,103.81000000000518,78.5394706,78.5394706,5.497762796666,-58.76670399666082,163,-0.36053192635988235,-1.2272509304586163,0.9116804325469001,0.5214723926380368,120.71493969499014,21.825850090790137,-48.28817592704243,-80.59255408745096
R6B-347,2024,STRESS,103.81000000000518,196.3486765,157.0789412,10.995525229997,-260.61314292999185,163,-1.598853637607312,-6.367999647680436,0.6610377318081075,0.4723926380368098,270.24107394602174,20.731862111054436,-49.672718169190134,-281.3450050410463
R6B-307,2024,E1,20.73400000000288,88.7853374,88.7853374,6.2149735889724,-163.0516483889695,185,-0.8813602615619973,-3.60805056242685,0.7039637731795025,0.4702702702702703,167.2265029801482,19.276367928294036,-43.69912605061628,-182.32801631726355
R6B-307,2024,STRESS,20.73400000000288,221.9633435,177.5706748,12.4299471053758,-391.2299654053729,185,-2.1147565697587725,-8.74818729913006,0.4272510498930978,0.372972972972973,392.1088899151089,18.117220927323036,-45.084847900272976,-409.34718633269597
R6B-347,2025,E1,502.33900000000085,115.4731215,115.4731215,8.0831178017254,263.3096391982754,168,1.5673192809421157,4.452425614129257,1.2255883090962865,0.5654761904761905,239.99799891161194,63.76568260128027,-118.30923815326835,199.54395659699514
R6B-347,2025,STRESS,502.33900000000085,288.68280375,230.946243,16.1662338452643,-33.45628059526344,168,-0.1991445273527586,-0.6897830543419692,0.9743386565889952,0.5178571428571429,277.32920882996166,61.98491193076027,-120.40650521470634,-95.44119252602371
R6B-307,2025,E1,539.4049999999988,140.9943743,140.9943743,9.869605445833,247.54664595416583,204,1.2134639507557148,3.332951527869275,1.2438685091630093,0.5441176470588235,190.11460050581556,51.42053344392018,-43.809800299373855,196.12611251024566
R6B-307,2025,STRESS,539.4049999999988,352.48593575,281.9887486,19.7392090037485,-114.80889335374967,204,-0.5627886929105376,-1.8089693816815136,0.9036971504784154,0.4803921568627451,357.1817315424264,49.70786257264018,-45.54771674718285,-164.51675592638986
