status;source_name;source_version;run_stage;ticks_seen;days_initialized;nr4_setup_days;non_nr4_days;reference_unusable_days;ambiguous_days;entry_signals;trades_opened;trades_closed;stop_exits;eod_exits;test_end_exits;invalid_price;invalid_risk;risk_fallbacks;pnl_fallbacks;risk_calc_failures;pnl_calc_failures;path_calc_failures;csv_trade_rows;path_rows;symbol;timeframe;asset_class;commission_rule;fatal_status;trades_name;stats_name;trades_csv_fullpath;stats_csv_fullpath
INIT;D040_NR4_TickPath_M15_v1_00.mq5;1.00;RUN;0;0;0;0;0;0;0;0;0;0;0;0;0;0;0;0;0;0;0;0;0;GBPUSD;PERIOD_M15;FOREX;USD5_PER_LOT_PER_SIDE;;D040_V100_RUN_GBPUSD_TRADES.csv;D040_V100_RUN_GBPUSD_STATS.csv;C:\Users\<REDACTED>\AppData\Roaming\MetaQuotes\Terminal\Common\Files\D040_V100_RUN_GBPUSD_TRADES.csv;C:\Users\<REDACTED>\AppData\Roaming\MetaQuotes\Terminal\Common\Files\D040_V100_RUN_GBPUSD_STATS.csv
READY;D040_NR4_TickPath_M15_v1_00.mq5;1.00;RUN;0;0;0;0;0;0;0;0;0;0;0;0;0;0;0;0;0;0;0;0;0;GBPUSD;PERIOD_M15;FOREX;USD5_PER_LOT_PER_SIDE;;D040_V100_RUN_GBPUSD_TRADES.csv;D040_V100_RUN_GBPUSD_STATS.csv;C:\Users\<REDACTED>\AppData\Roaming\MetaQuotes\Terminal\Common\Files\D040_V100_RUN_GBPUSD_TRADES.csv;C:\Users\<REDACTED>\AppData\Roaming\MetaQuotes\Terminal\Common\Files\D040_V100_RUN_GBPUSD_STATS.csv
PROGRESS;D040_NR4_TickPath_M15_v1_00.mq5;1.00;RUN;250000;3;0;3;0;0;0;0;0;0;0;0;0;0;0;0;0;0;0;0;0;GBPUSD;PERIOD_M15;FOREX;USD5_PER_LOT_PER_SIDE;;D040_V100_RUN_GBPUSD_TRADES.csv;D040_V100_RUN_GBPUSD_STATS.csv;C:\Users\<REDACTED>\AppData\Roaming\MetaQuotes\Terminal\Common\Files\D040_V100_RUN_GBPUSD_TRADES.csv;C:\Users\<REDACTED>\AppData\Roaming\MetaQuotes\Terminal\Common\Files\D040_V100_RUN_GBPUSD_STATS.csv
PROGRESS;D040_NR4_TickPath_M15_v1_00.mq5;1.00;RUN;500000;5;1;4;0;0;1;1;0;0;0;0;0;0;0;0;0;0;0;0;0;GBPUSD;PERIOD_M15;FOREX;USD5_PER_LOT_PER_SIDE;;D040_V100_RUN_GBPUSD_TRADES.csv;D040_V100_RUN_GBPUSD_STATS.csv;C:\Users\<REDACTED>\AppData\Roaming\MetaQuotes\Terminal\Common\Files\D040_V100_RUN_GBPUSD_TRADES.csv;C:\Users\<REDACTED>\AppData\Roaming\MetaQuotes\Terminal\Common\Files\D040_V100_RUN_GBPUSD_STATS.csv
PROGRESS;D040_NR4_TickPath_M15_v1_00.mq5;1.00;RUN;750000;7;2;5;0;0;2;2;2;0;2;0;0;0;0;0;0;0;0;2;2;GBPUSD;PERIOD_M15;FOREX;USD5_PER_LOT_PER_SIDE;;D040_V100_RUN_GBPUSD_TRADES.csv;D040_V100_RUN_GBPUSD_STATS.csv;C:\Users\<REDACTED>\AppData\Roaming\MetaQuotes\Terminal\Common\Files\D040_V100_RUN_GBPUSD_TRADES.csv;C:\Users\<REDACTED>\AppData\Roaming\MetaQuotes\Terminal\Common\Files\D040_V100_RUN_GBPUSD_STATS.csv
PROGRESS;D040_NR4_TickPath_M15_v1_00.mq5;1.00;RUN;1000000;10;3;7;0;0;2;2;2;0;2;0;0;0;0;0;0;0;0;2;2;GBPUSD;PERIOD_M15;FOREX;USD5_PER_LOT_PER_SIDE;;D040_V100_RUN_GBPUSD_TRADES.csv;D040_V100_RUN_GBPUSD_STATS.csv;C:\Users\<REDACTED>\AppData\Roaming\MetaQuotes\Terminal\Common\Files\D040_V100_RUN_GBPUSD_TRADES.csv;C:\Users\<REDACTED>\AppData\Roaming\MetaQuotes\Terminal\Common\Files\D040_V100_RUN_GBPUSD_STATS.csv
PROGRESS;D040_NR4_TickPath_M15_v1_00.mq5;1.00;RUN;1250000;13;3;10;0;0;3;3;3;0;3;0;0;0;0;0;0;0;0;3;3;GBPUSD;PERIOD_M15;FOREX;USD5_PER_LOT_PER_SIDE;;D040_V100_RUN_GBPUSD_TRADES.csv;D040_V100_RUN_GBPUSD_STATS.csv;C:\Users\<REDACTED>\AppData\Roaming\MetaQuotes\Terminal\Common\Files\D040_V100_RUN_GBPUSD_TRADES.csv;C:\Users\<REDACTED>\AppData\Roaming\MetaQuotes\Terminal\Common\Files\D040_V100_RUN_GBPUSD_STATS.csv
PROGRESS;D040_NR4_TickPath_M15_v1_00.mq5;1.00;RUN;1500000;14;3;11;0;0;3;3;3;0;3;0;0;0;0;0;0;0;0;3;3;GBPUSD;PERIOD_M15;FOREX;USD5_PER_LOT_PER_SIDE;;D040_V100_RUN_GBPUSD_TRADES.csv;D040_V100_RUN_GBPUSD_STATS.csv;C:\Users\<REDACTED>\AppData\Roaming\MetaQuotes\Terminal\Common\Files\D040_V100_RUN_GBPUSD_TRADES.csv;C:\Users\<REDACTED>\AppData\Roaming\MetaQuotes\Terminal\Common\Files\D040_V100_RUN_GBPUSD_STATS.csv
PROGRESS;D040_NR4_TickPath_M15_v1_00.mq5;1.00;RUN;1750000;16;3;13;0;0;3;3;3;0;3;0;0;0;0;0;0;0;0;3;3;GBPUSD;PERIOD_M15;FOREX;USD5_PER_LOT_PER_SIDE;;D040_V100_RUN_GBPUSD_TRADES.csv;D040_V100_RUN_GBPUSD_STATS.csv;C:\Users\<REDACTED>\AppData\Roaming\MetaQuotes\Terminal\Common\Files\D040_V100_RUN_GBPUSD_TRADES.csv;C:\Users\<REDACTED>\AppData\Roaming\MetaQuotes\Terminal\Common\Files\D040_V100_RUN_GBPUSD_STATS.csv
PROGRESS;D040_NR4_TickPath_M15_v1_00.mq5;1.00;RUN;2000000;18;3;15;0;0;3;3;3;0;3;0;0;0;0;0;0;0;0;3;3;GBPUSD;PERIOD_M15;FOREX;USD5_PER_LOT_PER_SIDE;;D040_V100_RUN_GBPUSD_TRADES.csv;D040_V100_RUN_GBPUSD_STATS.csv;C:\Users\<REDACTED>\AppData\Roaming\MetaQuotes\Terminal\Common\Files\D040_V100_RUN_GBPUSD_TRADES.csv;C:\Users\<REDACTED>\AppData\Roaming\MetaQuotes\Terminal\Common\Files\D040_V100_RUN_GBPUSD_STATS.csv
PROGRESS;D040_NR4_TickPath_M15_v1_00.mq5;1.00;RUN;2250000;19;3;16;0;0;3;3;3;0;3;0;0;0;0;0;0;0;0;3;3;GBPUSD;PERIOD_M15;FOREX;USD5_PER_LOT_PER_SIDE;;D040_V100_RUN_GBPUSD_TRADES.csv;D040_V100_RUN_GBPUSD_STATS.csv;C:\Users\<REDACTED>\AppData\Roaming\MetaQuotes\Terminal\Common\Files\D040_V100_RUN_GBPUSD_TRADES.csv;C:\Users\<REDACTED>\AppData\Roaming\MetaQuotes\Terminal\Common\Files\D040_V100_RUN_GBPUSD_STATS.csv
PROGRESS;D040_NR4_TickPath_M15_v1_00.mq5;1.00;RUN;2500000;21;3;18;0;0;3;3;3;0;3;0;0;0;0;0;0;0;0;3;3;GBPUSD;PERIOD_M15;FOREX;USD5_PER_LOT_PER_SIDE;;D040_V100_RUN_GBPUSD_TRADES.csv;D040_V100_RUN_GBPUSD_STATS.csv;C:\Users\<REDACTED>\AppData\Roaming\MetaQuotes\Terminal\Common\Files\D040_V100_RUN_GBPUSD_TRADES.csv;C:\Users\<REDACTED>\AppData\Roaming\MetaQuotes\Terminal\Common\Files\D040_V100_RUN_GBPUSD_STATS.csv
PROGRESS;D040_NR4_TickPath_M15_v1_00.mq5;1.00;RUN;2750000;22;3;19;0;0;3;3;3;0;3;0;0;0;0;0;0;0;0;3;3;GBPUSD;PERIOD_M15;FOREX;USD5_PER_LOT_PER_SIDE;;D040_V100_RUN_GBPUSD_TRADES.csv;D040_V100_RUN_GBPUSD_STATS.csv;C:\Users\<REDACTED>\AppData\Roaming\MetaQuotes\Terminal\Common\Files\D040_V100_RUN_GBPUSD_TRADES.csv;C:\Users\<REDACTED>\AppData\Roaming\MetaQuotes\Terminal\Common\Files\D040_V100_RUN_GBPUSD_STATS.csv
PROGRESS;D040_NR4_TickPath_M15_v1_00.mq5;1.00;RUN;3000000;23;4;19;0;0;3;3;3;0;3;0;0;0;0;0;0;0;0;3;3;GBPUSD;PERIOD_M15;FOREX;USD5_PER_LOT_PER_SIDE;;D040_V100_RUN_GBPUSD_TRADES.csv;D040_V100_RUN_GBPUSD_STATS.csv;C:\Users\<REDACTED>\AppData\Roaming\MetaQuotes\Terminal\Common\Files\D040_V100_RUN_GBPUSD_TRADES.csv;C:\Users\<REDACTED>\AppData\Roaming\MetaQuotes\Terminal\Common\Files\D040_V100_RUN_GBPUSD_STATS.csv
PROGRESS;D040_NR4_TickPath_M15_v1_00.mq5;1.00;RUN;3250000;25;5;20;0;0;4;4;4;1;3;0;0;0;0;0;0;0;0;4;4;GBPUSD;PERIOD_M15;FOREX;USD5_PER_LOT_PER_SIDE;;D040_V100_RUN_GBPUSD_TRADES.csv;D040_V100_RUN_GBPUSD_STATS.csv;C:\Users\<REDACTED>\AppData\Roaming\MetaQuotes\Terminal\Common\Files\D040_V100_RUN_GBPUSD_TRADES.csv;C:\Users\<REDACTED>\AppData\Roaming\MetaQuotes\Terminal\Common\Files\D040_V100_RUN_GBPUSD_STATS.csv
PROGRESS;D040_NR4_TickPath_M15_v1_00.mq5;1.00;RUN;3500000;27;5;22;0;0;4;4;4;1;3;0;0;0;0;0;0;0;0;4;4;GBPUSD;PERIOD_M15;FOREX;USD5_PER_LOT_PER_SIDE;;D040_V100_RUN_GBPUSD_TRADES.csv;D040_V100_RUN_GBPUSD_STATS.csv;C:\Users\<REDACTED>\AppData\Roaming\MetaQuotes\Terminal\Common\Files\D040_V100_RUN_GBPUSD_TRADES.csv;C:\Users\<REDACTED>\AppData\Roaming\MetaQuotes\Terminal\Common\Files\D040_V100_RUN_GBPUSD_STATS.csv
PROGRESS;D040_NR4_TickPath_M15_v1_00.mq5;1.00;RUN;3750000;29;6;23;0;0;5;5;4;1;3;0;0;0;0;0;0;0;0;4;4;GBPUSD;PERIOD_M15;FOREX;USD5_PER_LOT_PER_SIDE;;D040_V100_RUN_GBPUSD_TRADES.csv;D040_V100_RUN_GBPUSD_STATS.csv;C:\Users\<REDACTED>\AppData\Roaming\MetaQuotes\Terminal\Common\Files\D040_V100_RUN_GBPUSD_TRADES.csv;C:\Users\<REDACTED>\AppData\Roaming\MetaQuotes\Terminal\Common\Files\D040_V100_RUN_GBPUSD_STATS.csv
PROGRESS;D040_NR4_TickPath_M15_v1_00.mq5;1.00;RUN;4000000;30;6;24;0;0;5;5;5;2;3;0;0;0;0;0;0;0;0;5;5;GBPUSD;PERIOD_M15;FOREX;USD5_PER_LOT_PER_SIDE;;D040_V100_RUN_GBPUSD_TRADES.csv;D040_V100_RUN_GBPUSD_STATS.csv;C:\Users\<REDACTED>\AppData\Roaming\MetaQuotes\Terminal\Common\Files\D040_V100_RUN_GBPUSD_TRADES.csv;C:\Users\<REDACTED>\AppData\Roaming\MetaQuotes\Terminal\Common\Files\D040_V100_RUN_GBPUSD_STATS.csv
PROGRESS;D040_NR4_TickPath_M15_v1_00.mq5;1.00;RUN;4250000;33;7;26;0;0;6;6;5;2;3;0;0;0;0;0;0;0;0;5;5;GBPUSD;PERIOD_M15;FOREX;USD5_PER_LOT_PER_SIDE;;D040_V100_RUN_GBPUSD_TRADES.csv;D040_V100_RUN_GBPUSD_STATS.csv;C:\Users\<REDACTED>\AppData\Roaming\MetaQuotes\Terminal\Common\Files\D040_V100_RUN_GBPUSD_TRADES.csv;C:\Users\<REDACTED>\AppData\Roaming\MetaQuotes\Terminal\Common\Files\D040_V100_RUN_GBPUSD_STATS.csv
PROGRESS;D040_NR4_TickPath_M15_v1_00.mq5;1.00;RUN;4500000;36;7;29;0;0;6;6;6;2;4;0;0;0;0;0;0;0;0;6;6;GBPUSD;PERIOD_M15;FOREX;USD5_PER_LOT_PER_SIDE;;D040_V100_RUN_GBPUSD_TRADES.csv;D040_V100_RUN_GBPUSD_STATS.csv;C:\Users\<REDACTED>\AppData\Roaming\MetaQuotes\Terminal\Common\Files\D040_V100_RUN_GBPUSD_TRADES.csv;C:\Users\<REDACTED>\AppData\Roaming\MetaQuotes\Terminal\Common\Files\D040_V100_RUN_GBPUSD_STATS.csv
PROGRESS;D040_NR4_TickPath_M15_v1_00.mq5;1.00;RUN;4750000;38;9;29;0;0;7;7;7;2;5;0;0;0;0;0;0;0;0;7;7;GBPUSD;PERIOD_M15;FOREX;USD5_PER_LOT_PER_SIDE;;D040_V100_RUN_GBPUSD_TRADES.csv;D040_V100_RUN_GBPUSD_STATS.csv;C:\Users\<REDACTED>\AppData\Roaming\MetaQuotes\Terminal\Common\Files\D040_V100_RUN_GBPUSD_TRADES.csv;C:\Users\<REDACTED>\AppData\Roaming\MetaQuotes\Terminal\Common\Files\D040_V100_RUN_GBPUSD_STATS.csv
PROGRESS;D040_NR4_TickPath_M15_v1_00.mq5;1.00;RUN;5000000;40;9;31;0;0;8;8;8;3;5;0;0;0;0;0;0;0;0;8;8;GBPUSD;PERIOD_M15;FOREX;USD5_PER_LOT_PER_SIDE;;D040_V100_RUN_GBPUSD_TRADES.csv;D040_V100_RUN_GBPUSD_STATS.csv;C:\Users\<REDACTED>\AppData\Roaming\MetaQuotes\Terminal\Common\Files\D040_V100_RUN_GBPUSD_TRADES.csv;C:\Users\<REDACTED>\AppData\Roaming\MetaQuotes\Terminal\Common\Files\D040_V100_RUN_GBPUSD_STATS.csv
PROGRESS;D040_NR4_TickPath_M15_v1_00.mq5;1.00;RUN;5250000;42;9;33;0;0;8;8;8;3;5;0;0;0;0;0;0;0;0;8;8;GBPUSD;PERIOD_M15;FOREX;USD5_PER_LOT_PER_SIDE;;D040_V100_RUN_GBPUSD_TRADES.csv;D040_V100_RUN_GBPUSD_STATS.csv;C:\Users\<REDACTED>\AppData\Roaming\MetaQuotes\Terminal\Common\Files\D040_V100_RUN_GBPUSD_TRADES.csv;C:\Users\<REDACTED>\AppData\Roaming\MetaQuotes\Terminal\Common\Files\D040_V100_RUN_GBPUSD_STATS.csv
PROGRESS;D040_NR4_TickPath_M15_v1_00.mq5;1.00;RUN;5500000;43;9;34;0;0;8;8;8;3;5;0;0;0;0;0;0;0;0;8;8;GBPUSD;PERIOD_M15;FOREX;USD5_PER_LOT_PER_SIDE;;D040_V100_RUN_GBPUSD_TRADES.csv;D040_V100_RUN_GBPUSD_STATS.csv;C:\Users\<REDACTED>\AppData\Roaming\MetaQuotes\Terminal\Common\Files\D040_V100_RUN_GBPUSD_TRADES.csv;C:\Users\<REDACTED>\AppData\Roaming\MetaQuotes\Terminal\Common\Files\D040_V100_RUN_GBPUSD_STATS.csv
PROGRESS;D040_NR4_TickPath_M15_v1_00.mq5;1.00;RUN;5750000;44;9;35;0;0;8;8;8;3;5;0;0;0;0;0;0;0;0;8;8;GBPUSD;PERIOD_M15;FOREX;USD5_PER_LOT_PER_SIDE;;D040_V100_RUN_GBPUSD_TRADES.csv;D040_V100_RUN_GBPUSD_STATS.csv;C:\Users\<REDACTED>\AppData\Roaming\MetaQuotes\Terminal\Common\Files\D040_V100_RUN_GBPUSD_TRADES.csv;C:\Users\<REDACTED>\AppData\Roaming\MetaQuotes\Terminal\Common\Files\D040_V100_RUN_GBPUSD_STATS.csv
PROGRESS;D040_NR4_TickPath_M15_v1_00.mq5;1.00;RUN;6000000;45;9;36;0;0;8;8;8;3;5;0;0;0;0;0;0;0;0;8;8;GBPUSD;PERIOD_M15;FOREX;USD5_PER_LOT_PER_SIDE;;D040_V100_RUN_GBPUSD_TRADES.csv;D040_V100_RUN_GBPUSD_STATS.csv;C:\Users\<REDACTED>\AppData\Roaming\MetaQuotes\Terminal\Common\Files\D040_V100_RUN_GBPUSD_TRADES.csv;C:\Users\<REDACTED>\AppData\Roaming\MetaQuotes\Terminal\Common\Files\D040_V100_RUN_GBPUSD_STATS.csv
PROGRESS;D040_NR4_TickPath_M15_v1_00.mq5;1.00;RUN;6250000;47;10;37;0;0;9;9;9;3;6;0;0;0;0;0;0;0;0;9;9;GBPUSD;PERIOD_M15;FOREX;USD5_PER_LOT_PER_SIDE;;D040_V100_RUN_GBPUSD_TRADES.csv;D040_V100_RUN_GBPUSD_STATS.csv;C:\Users\<REDACTED>\AppData\Roaming\MetaQuotes\Terminal\Common\Files\D040_V100_RUN_GBPUSD_TRADES.csv;C:\Users\<REDACTED>\AppData\Roaming\MetaQuotes\Terminal\Common\Files\D040_V100_RUN_GBPUSD_STATS.csv
PROGRESS;D040_NR4_TickPath_M15_v1_00.mq5;1.00;RUN;6500000;48;10;38;0;0;9;9;9;3;6;0;0;0;0;0;0;0;0;9;9;GBPUSD;PERIOD_M15;FOREX;USD5_PER_LOT_PER_SIDE;;D040_V100_RUN_GBPUSD_TRADES.csv;D040_V100_RUN_GBPUSD_STATS.csv;C:\Users\<REDACTED>\AppData\Roaming\MetaQuotes\Terminal\Common\Files\D040_V100_RUN_GBPUSD_TRADES.csv;C:\Users\<REDACTED>\AppData\Roaming\MetaQuotes\Terminal\Common\Files\D040_V100_RUN_GBPUSD_STATS.csv
PROGRESS;D040_NR4_TickPath_M15_v1_00.mq5;1.00;RUN;6750000;49;11;38;0;0;10;10;9;3;6;0;0;0;0;0;0;0;0;9;9;GBPUSD;PERIOD_M15;FOREX;USD5_PER_LOT_PER_SIDE;;D040_V100_RUN_GBPUSD_TRADES.csv;D040_V100_RUN_GBPUSD_STATS.csv;C:\Users\<REDACTED>\AppData\Roaming\MetaQuotes\Terminal\Common\Files\D040_V100_RUN_GBPUSD_TRADES.csv;C:\Users\<REDACTED>\AppData\Roaming\MetaQuotes\Terminal\Common\Files\D040_V100_RUN_GBPUSD_STATS.csv
PROGRESS;D040_NR4_TickPath_M15_v1_00.mq5;1.00;RUN;7000000;50;12;38;0;0;11;11;10;3;7;0;0;0;0;0;0;0;0;10;10;GBPUSD;PERIOD_M15;FOREX;USD5_PER_LOT_PER_SIDE;;D040_V100_RUN_GBPUSD_TRADES.csv;D040_V100_RUN_GBPUSD_STATS.csv;C:\Users\<REDACTED>\AppData\Roaming\MetaQuotes\Terminal\Common\Files\D040_V100_RUN_GBPUSD_TRADES.csv;C:\Users\<REDACTED>\AppData\Roaming\MetaQuotes\Terminal\Common\Files\D040_V100_RUN_GBPUSD_STATS.csv
PROGRESS;D040_NR4_TickPath_M15_v1_00.mq5;1.00;RUN;7250000;52;12;40;0;0;11;11;11;3;8;0;0;0;0;0;0;0;0;11;11;GBPUSD;PERIOD_M15;FOREX;USD5_PER_LOT_PER_SIDE;;D040_V100_RUN_GBPUSD_TRADES.csv;D040_V100_RUN_GBPUSD_STATS.csv;C:\Users\<REDACTED>\AppData\Roaming\MetaQuotes\Terminal\Common\Files\D040_V100_RUN_GBPUSD_TRADES.csv;C:\Users\<REDACTED>\AppData\Roaming\MetaQuotes\Terminal\Common\Files\D040_V100_RUN_GBPUSD_STATS.csv
PROGRESS;D040_NR4_TickPath_M15_v1_00.mq5;1.00;RUN;7500000;53;12;41;0;0;11;11;11;3;8;0;0;0;0;0;0;0;0;11;11;GBPUSD;PERIOD_M15;FOREX;USD5_PER_LOT_PER_SIDE;;D040_V100_RUN_GBPUSD_TRADES.csv;D040_V100_RUN_GBPUSD_STATS.csv;C:\Users\<REDACTED>\AppData\Roaming\MetaQuotes\Terminal\Common\Files\D040_V100_RUN_GBPUSD_TRADES.csv;C:\Users\<REDACTED>\AppData\Roaming\MetaQuotes\Terminal\Common\Files\D040_V100_RUN_GBPUSD_STATS.csv
PROGRESS;D040_NR4_TickPath_M15_v1_00.mq5;1.00;RUN;7750000;55;12;43;0;0;11;11;11;3;8;0;0;0;0;0;0;0;0;11;11;GBPUSD;PERIOD_M15;FOREX;USD5_PER_LOT_PER_SIDE;;D040_V100_RUN_GBPUSD_TRADES.csv;D040_V100_RUN_GBPUSD_STATS.csv;C:\Users\<REDACTED>\AppData\Roaming\MetaQuotes\Terminal\Common\Files\D040_V100_RUN_GBPUSD_TRADES.csv;C:\Users\<REDACTED>\AppData\Roaming\MetaQuotes\Terminal\Common\Files\D040_V100_RUN_GBPUSD_STATS.csv
PROGRESS;D040_NR4_TickPath_M15_v1_00.mq5;1.00;RUN;8000000;56;12;44;0;0;11;11;11;3;8;0;0;0;0;0;0;0;0;11;11;GBPUSD;PERIOD_M15;FOREX;USD5_PER_LOT_PER_SIDE;;D040_V100_RUN_GBPUSD_TRADES.csv;D040_V100_RUN_GBPUSD_STATS.csv;C:\Users\<REDACTED>\AppData\Roaming\MetaQuotes\Terminal\Common\Files\D040_V100_RUN_GBPUSD_TRADES.csv;C:\Users\<REDACTED>\AppData\Roaming\MetaQuotes\Terminal\Common\Files\D040_V100_RUN_GBPUSD_STATS.csv
PROGRESS;D040_NR4_TickPath_M15_v1_00.mq5;1.00;RUN;8250000;57;12;45;0;0;11;11;11;3;8;0;0;0;0;0;0;0;0;11;11;GBPUSD;PERIOD_M15;FOREX;USD5_PER_LOT_PER_SIDE;;D040_V100_RUN_GBPUSD_TRADES.csv;D040_V100_RUN_GBPUSD_STATS.csv;C:\Users\<REDACTED>\AppData\Roaming\MetaQuotes\Terminal\Common\Files\D040_V100_RUN_GBPUSD_TRADES.csv;C:\Users\<REDACTED>\AppData\Roaming\MetaQuotes\Terminal\Common\Files\D040_V100_RUN_GBPUSD_STATS.csv
PROGRESS;D040_NR4_TickPath_M15_v1_00.mq5;1.00;RUN;8500000;58;12;46;0;0;11;11;11;3;8;0;0;0;0;0;0;0;0;11;11;GBPUSD;PERIOD_M15;FOREX;USD5_PER_LOT_PER_SIDE;;D040_V100_RUN_GBPUSD_TRADES.csv;D040_V100_RUN_GBPUSD_STATS.csv;C:\Users\<REDACTED>\AppData\Roaming\MetaQuotes\Terminal\Common\Files\D040_V100_RUN_GBPUSD_TRADES.csv;C:\Users\<REDACTED>\AppData\Roaming\MetaQuotes\Terminal\Common\Files\D040_V100_RUN_GBPUSD_STATS.csv
PROGRESS;D040_NR4_TickPath_M15_v1_00.mq5;1.00;RUN;8750000;59;13;46;0;0;11;11;11;3;8;0;0;0;0;0;0;0;0;11;11;GBPUSD;PERIOD_M15;FOREX;USD5_PER_LOT_PER_SIDE;;D040_V100_RUN_GBPUSD_TRADES.csv;D040_V100_RUN_GBPUSD_STATS.csv;C:\Users\<REDACTED>\AppData\Roaming\MetaQuotes\Terminal\Common\Files\D040_V100_RUN_GBPUSD_TRADES.csv;C:\Users\<REDACTED>\AppData\Roaming\MetaQuotes\Terminal\Common\Files\D040_V100_RUN_GBPUSD_STATS.csv
PROGRESS;D040_NR4_TickPath_M15_v1_00.mq5;1.00;RUN;9000000;60;14;46;0;0;12;12;11;3;8;0;0;0;0;0;0;0;0;11;11;GBPUSD;PERIOD_M15;FOREX;USD5_PER_LOT_PER_SIDE;;D040_V100_RUN_GBPUSD_TRADES.csv;D040_V100_RUN_GBPUSD_STATS.csv;C:\Users\<REDACTED>\AppData\Roaming\MetaQuotes\Terminal\Common\Files\D040_V100_RUN_GBPUSD_TRADES.csv;C:\Users\<REDACTED>\AppData\Roaming\MetaQuotes\Terminal\Common\Files\D040_V100_RUN_GBPUSD_STATS.csv
PROGRESS;D040_NR4_TickPath_M15_v1_00.mq5;1.00;RUN;9250000;62;15;47;0;0;13;13;13;3;10;0;0;0;0;0;0;0;0;13;13;GBPUSD;PERIOD_M15;FOREX;USD5_PER_LOT_PER_SIDE;;D040_V100_RUN_GBPUSD_TRADES.csv;D040_V100_RUN_GBPUSD_STATS.csv;C:\Users\<REDACTED>\AppData\Roaming\MetaQuotes\Terminal\Common\Files\D040_V100_RUN_GBPUSD_TRADES.csv;C:\Users\<REDACTED>\AppData\Roaming\MetaQuotes\Terminal\Common\Files\D040_V100_RUN_GBPUSD_STATS.csv
PROGRESS;D040_NR4_TickPath_M15_v1_00.mq5;1.00;RUN;9500000;63;15;48;0;0;13;13;13;3;10;0;0;0;0;0;0;0;0;13;13;GBPUSD;PERIOD_M15;FOREX;USD5_PER_LOT_PER_SIDE;;D040_V100_RUN_GBPUSD_TRADES.csv;D040_V100_RUN_GBPUSD_STATS.csv;C:\Users\<REDACTED>\AppData\Roaming\MetaQuotes\Terminal\Common\Files\D040_V100_RUN_GBPUSD_TRADES.csv;C:\Users\<REDACTED>\AppData\Roaming\MetaQuotes\Terminal\Common\Files\D040_V100_RUN_GBPUSD_STATS.csv
PROGRESS;D040_NR4_TickPath_M15_v1_00.mq5;1.00;RUN;9750000;65;15;50;0;0;13;13;13;3;10;0;0;0;0;0;0;0;0;13;13;GBPUSD;PERIOD_M15;FOREX;USD5_PER_LOT_PER_SIDE;;D040_V100_RUN_GBPUSD_TRADES.csv;D040_V100_RUN_GBPUSD_STATS.csv;C:\Users\<REDACTED>\AppData\Roaming\MetaQuotes\Terminal\Common\Files\D040_V100_RUN_GBPUSD_TRADES.csv;C:\Users\<REDACTED>\AppData\Roaming\MetaQuotes\Terminal\Common\Files\D040_V100_RUN_GBPUSD_STATS.csv
PROGRESS;D040_NR4_TickPath_M15_v1_00.mq5;1.00;RUN;10000000;67;16;51;0;0;14;14;14;4;10;0;0;0;0;0;0;0;0;14;14;GBPUSD;PERIOD_M15;FOREX;USD5_PER_LOT_PER_SIDE;;D040_V100_RUN_GBPUSD_TRADES.csv;D040_V100_RUN_GBPUSD_STATS.csv;C:\Users\<REDACTED>\AppData\Roaming\MetaQuotes\Terminal\Common\Files\D040_V100_RUN_GBPUSD_TRADES.csv;C:\Users\<REDACTED>\AppData\Roaming\MetaQuotes\Terminal\Common\Files\D040_V100_RUN_GBPUSD_STATS.csv
PROGRESS;D040_NR4_TickPath_M15_v1_00.mq5;1.00;RUN;10250000;69;16;53;0;0;14;14;14;4;10;0;0;0;0;0;0;0;0;14;14;GBPUSD;PERIOD_M15;FOREX;USD5_PER_LOT_PER_SIDE;;D040_V100_RUN_GBPUSD_TRADES.csv;D040_V100_RUN_GBPUSD_STATS.csv;C:\Users\<REDACTED>\AppData\Roaming\MetaQuotes\Terminal\Common\Files\D040_V100_RUN_GBPUSD_TRADES.csv;C:\Users\<REDACTED>\AppData\Roaming\MetaQuotes\Terminal\Common\Files\D040_V100_RUN_GBPUSD_STATS.csv
PROGRESS;D040_NR4_TickPath_M15_v1_00.mq5;1.00;RUN;10500000;70;16;54;0;0;14;14;14;4;10;0;0;0;0;0;0;0;0;14;14;GBPUSD;PERIOD_M15;FOREX;USD5_PER_LOT_PER_SIDE;;D040_V100_RUN_GBPUSD_TRADES.csv;D040_V100_RUN_GBPUSD_STATS.csv;C:\Users\<REDACTED>\AppData\Roaming\MetaQuotes\Terminal\Common\Files\D040_V100_RUN_GBPUSD_TRADES.csv;C:\Users\<REDACTED>\AppData\Roaming\MetaQuotes\Terminal\Common\Files\D040_V100_RUN_GBPUSD_STATS.csv
PROGRESS;D040_NR4_TickPath_M15_v1_00.mq5;1.00;RUN;10750000;72;18;54;0;0;16;16;15;4;11;0;0;0;0;0;0;0;0;15;15;GBPUSD;PERIOD_M15;FOREX;USD5_PER_LOT_PER_SIDE;;D040_V100_RUN_GBPUSD_TRADES.csv;D040_V100_RUN_GBPUSD_STATS.csv;C:\Users\<REDACTED>\AppData\Roaming\MetaQuotes\Terminal\Common\Files\D040_V100_RUN_GBPUSD_TRADES.csv;C:\Users\<REDACTED>\AppData\Roaming\MetaQuotes\Terminal\Common\Files\D040_V100_RUN_GBPUSD_STATS.csv
PROGRESS;D040_NR4_TickPath_M15_v1_00.mq5;1.00;RUN;11000000;74;18;56;0;0;16;16;16;5;11;0;0;0;0;0;0;0;0;16;16;GBPUSD;PERIOD_M15;FOREX;USD5_PER_LOT_PER_SIDE;;D040_V100_RUN_GBPUSD_TRADES.csv;D040_V100_RUN_GBPUSD_STATS.csv;C:\Users\<REDACTED>\AppData\Roaming\MetaQuotes\Terminal\Common\Files\D040_V100_RUN_GBPUSD_TRADES.csv;C:\Users\<REDACTED>\AppData\Roaming\MetaQuotes\Terminal\Common\Files\D040_V100_RUN_GBPUSD_STATS.csv
PROGRESS;D040_NR4_TickPath_M15_v1_00.mq5;1.00;RUN;11250000;76;19;57;0;0;17;17;17;6;11;0;0;0;0;0;0;0;0;17;17;GBPUSD;PERIOD_M15;FOREX;USD5_PER_LOT_PER_SIDE;;D040_V100_RUN_GBPUSD_TRADES.csv;D040_V100_RUN_GBPUSD_STATS.csv;C:\Users\<REDACTED>\AppData\Roaming\MetaQuotes\Terminal\Common\Files\D040_V100_RUN_GBPUSD_TRADES.csv;C:\Users\<REDACTED>\AppData\Roaming\MetaQuotes\Terminal\Common\Files\D040_V100_RUN_GBPUSD_STATS.csv
PROGRESS;D040_NR4_TickPath_M15_v1_00.mq5;1.00;RUN;11500000;78;19;59;0;0;17;17;17;6;11;0;0;0;0;0;0;0;0;17;17;GBPUSD;PERIOD_M15;FOREX;USD5_PER_LOT_PER_SIDE;;D040_V100_RUN_GBPUSD_TRADES.csv;D040_V100_RUN_GBPUSD_STATS.csv;C:\Users\<REDACTED>\AppData\Roaming\MetaQuotes\Terminal\Common\Files\D040_V100_RUN_GBPUSD_TRADES.csv;C:\Users\<REDACTED>\AppData\Roaming\MetaQuotes\Terminal\Common\Files\D040_V100_RUN_GBPUSD_STATS.csv
PROGRESS;D040_NR4_TickPath_M15_v1_00.mq5;1.00;RUN;11750000;79;20;59;0;0;17;17;17;6;11;0;0;0;0;0;0;0;0;17;17;GBPUSD;PERIOD_M15;FOREX;USD5_PER_LOT_PER_SIDE;;D040_V100_RUN_GBPUSD_TRADES.csv;D040_V100_RUN_GBPUSD_STATS.csv;C:\Users\<REDACTED>\AppData\Roaming\MetaQuotes\Terminal\Common\Files\D040_V100_RUN_GBPUSD_TRADES.csv;C:\Users\<REDACTED>\AppData\Roaming\MetaQuotes\Terminal\Common\Files\D040_V100_RUN_GBPUSD_STATS.csv
PROGRESS;D040_NR4_TickPath_M15_v1_00.mq5;1.00;RUN;12000000;81;21;60;0;0;18;18;18;6;12;0;0;0;0;0;0;0;0;18;18;GBPUSD;PERIOD_M15;FOREX;USD5_PER_LOT_PER_SIDE;;D040_V100_RUN_GBPUSD_TRADES.csv;D040_V100_RUN_GBPUSD_STATS.csv;C:\Users\<REDACTED>\AppData\Roaming\MetaQuotes\Terminal\Common\Files\D040_V100_RUN_GBPUSD_TRADES.csv;C:\Users\<REDACTED>\AppData\Roaming\MetaQuotes\Terminal\Common\Files\D040_V100_RUN_GBPUSD_STATS.csv
PROGRESS;D040_NR4_TickPath_M15_v1_00.mq5;1.00;RUN;12250000;83;21;62;0;0;18;18;18;6;12;0;0;0;0;0;0;0;0;18;18;GBPUSD;PERIOD_M15;FOREX;USD5_PER_LOT_PER_SIDE;;D040_V100_RUN_GBPUSD_TRADES.csv;D040_V100_RUN_GBPUSD_STATS.csv;C:\Users\<REDACTED>\AppData\Roaming\MetaQuotes\Terminal\Common\Files\D040_V100_RUN_GBPUSD_TRADES.csv;C:\Users\<REDACTED>\AppData\Roaming\MetaQuotes\Terminal\Common\Files\D040_V100_RUN_GBPUSD_STATS.csv
PROGRESS;D040_NR4_TickPath_M15_v1_00.mq5;1.00;RUN;12500000;85;22;63;0;0;19;19;18;6;12;0;0;0;0;0;0;0;0;18;18;GBPUSD;PERIOD_M15;FOREX;USD5_PER_LOT_PER_SIDE;;D040_V100_RUN_GBPUSD_TRADES.csv;D040_V100_RUN_GBPUSD_STATS.csv;C:\Users\<REDACTED>\AppData\Roaming\MetaQuotes\Terminal\Common\Files\D040_V100_RUN_GBPUSD_TRADES.csv;C:\Users\<REDACTED>\AppData\Roaming\MetaQuotes\Terminal\Common\Files\D040_V100_RUN_GBPUSD_STATS.csv
PROGRESS;D040_NR4_TickPath_M15_v1_00.mq5;1.00;RUN;12750000;86;22;64;0;0;19;19;19;7;12;0;0;0;0;0;0;0;0;19;19;GBPUSD;PERIOD_M15;FOREX;USD5_PER_LOT_PER_SIDE;;D040_V100_RUN_GBPUSD_TRADES.csv;D040_V100_RUN_GBPUSD_STATS.csv;C:\Users\<REDACTED>\AppData\Roaming\MetaQuotes\Terminal\Common\Files\D040_V100_RUN_GBPUSD_TRADES.csv;C:\Users\<REDACTED>\AppData\Roaming\MetaQuotes\Terminal\Common\Files\D040_V100_RUN_GBPUSD_STATS.csv
PROGRESS;D040_NR4_TickPath_M15_v1_00.mq5;1.00;RUN;13000000;88;22;66;0;0;19;19;19;7;12;0;0;0;0;0;0;0;0;19;19;GBPUSD;PERIOD_M15;FOREX;USD5_PER_LOT_PER_SIDE;;D040_V100_RUN_GBPUSD_TRADES.csv;D040_V100_RUN_GBPUSD_STATS.csv;C:\Users\<REDACTED>\AppData\Roaming\MetaQuotes\Terminal\Common\Files\D040_V100_RUN_GBPUSD_TRADES.csv;C:\Users\<REDACTED>\AppData\Roaming\MetaQuotes\Terminal\Common\Files\D040_V100_RUN_GBPUSD_STATS.csv
PROGRESS;D040_NR4_TickPath_M15_v1_00.mq5;1.00;RUN;13250000;89;23;66;0;0;20;20;19;7;12;0;0;0;0;0;0;0;0;19;19;GBPUSD;PERIOD_M15;FOREX;USD5_PER_LOT_PER_SIDE;;D040_V100_RUN_GBPUSD_TRADES.csv;D040_V100_RUN_GBPUSD_STATS.csv;C:\Users\<REDACTED>\AppData\Roaming\MetaQuotes\Terminal\Common\Files\D040_V100_RUN_GBPUSD_TRADES.csv;C:\Users\<REDACTED>\AppData\Roaming\MetaQuotes\Terminal\Common\Files\D040_V100_RUN_GBPUSD_STATS.csv
PROGRESS;D040_NR4_TickPath_M15_v1_00.mq5;1.00;RUN;13500000;91;23;68;0;0;20;20;20;7;13;0;0;0;0;0;0;0;0;20;20;GBPUSD;PERIOD_M15;FOREX;USD5_PER_LOT_PER_SIDE;;D040_V100_RUN_GBPUSD_TRADES.csv;D040_V100_RUN_GBPUSD_STATS.csv;C:\Users\<REDACTED>\AppData\Roaming\MetaQuotes\Terminal\Common\Files\D040_V100_RUN_GBPUSD_TRADES.csv;C:\Users\<REDACTED>\AppData\Roaming\MetaQuotes\Terminal\Common\Files\D040_V100_RUN_GBPUSD_STATS.csv
PROGRESS;D040_NR4_TickPath_M15_v1_00.mq5;1.00;RUN;13750000;93;23;70;0;0;20;20;20;7;13;0;0;0;0;0;0;0;0;20;20;GBPUSD;PERIOD_M15;FOREX;USD5_PER_LOT_PER_SIDE;;D040_V100_RUN_GBPUSD_TRADES.csv;D040_V100_RUN_GBPUSD_STATS.csv;C:\Users\<REDACTED>\AppData\Roaming\MetaQuotes\Terminal\Common\Files\D040_V100_RUN_GBPUSD_TRADES.csv;C:\Users\<REDACTED>\AppData\Roaming\MetaQuotes\Terminal\Common\Files\D040_V100_RUN_GBPUSD_STATS.csv
PROGRESS;D040_NR4_TickPath_M15_v1_00.mq5;1.00;RUN;14000000;95;24;71;0;0;20;20;20;7;13;0;0;0;0;0;0;0;0;20;20;GBPUSD;PERIOD_M15;FOREX;USD5_PER_LOT_PER_SIDE;;D040_V100_RUN_GBPUSD_TRADES.csv;D040_V100_RUN_GBPUSD_STATS.csv;C:\Users\<REDACTED>\AppData\Roaming\MetaQuotes\Terminal\Common\Files\D040_V100_RUN_GBPUSD_TRADES.csv;C:\Users\<REDACTED>\AppData\Roaming\MetaQuotes\Terminal\Common\Files\D040_V100_RUN_GBPUSD_STATS.csv
PROGRESS;D040_NR4_TickPath_M15_v1_00.mq5;1.00;RUN;14250000;96;24;72;0;0;21;21;21;7;14;0;0;0;0;0;0;0;0;21;21;GBPUSD;PERIOD_M15;FOREX;USD5_PER_LOT_PER_SIDE;;D040_V100_RUN_GBPUSD_TRADES.csv;D040_V100_RUN_GBPUSD_STATS.csv;C:\Users\<REDACTED>\AppData\Roaming\MetaQuotes\Terminal\Common\Files\D040_V100_RUN_GBPUSD_TRADES.csv;C:\Users\<REDACTED>\AppData\Roaming\MetaQuotes\Terminal\Common\Files\D040_V100_RUN_GBPUSD_STATS.csv
PROGRESS;D040_NR4_TickPath_M15_v1_00.mq5;1.00;RUN;14500000;98;24;74;0;0;21;21;21;7;14;0;0;0;0;0;0;0;0;21;21;GBPUSD;PERIOD_M15;FOREX;USD5_PER_LOT_PER_SIDE;;D040_V100_RUN_GBPUSD_TRADES.csv;D040_V100_RUN_GBPUSD_STATS.csv;C:\Users\<REDACTED>\AppData\Roaming\MetaQuotes\Terminal\Common\Files\D040_V100_RUN_GBPUSD_TRADES.csv;C:\Users\<REDACTED>\AppData\Roaming\MetaQuotes\Terminal\Common\Files\D040_V100_RUN_GBPUSD_STATS.csv
PROGRESS;D040_NR4_TickPath_M15_v1_00.mq5;1.00;RUN;14750000;99;25;74;0;0;22;22;22;8;14;0;0;0;0;0;0;0;0;22;22;GBPUSD;PERIOD_M15;FOREX;USD5_PER_LOT_PER_SIDE;;D040_V100_RUN_GBPUSD_TRADES.csv;D040_V100_RUN_GBPUSD_STATS.csv;C:\Users\<REDACTED>\AppData\Roaming\MetaQuotes\Terminal\Common\Files\D040_V100_RUN_GBPUSD_TRADES.csv;C:\Users\<REDACTED>\AppData\Roaming\MetaQuotes\Terminal\Common\Files\D040_V100_RUN_GBPUSD_STATS.csv
PROGRESS;D040_NR4_TickPath_M15_v1_00.mq5;1.00;RUN;15000000;101;25;76;0;0;22;22;22;8;14;0;0;0;0;0;0;0;0;22;22;GBPUSD;PERIOD_M15;FOREX;USD5_PER_LOT_PER_SIDE;;D040_V100_RUN_GBPUSD_TRADES.csv;D040_V100_RUN_GBPUSD_STATS.csv;C:\Users\<REDACTED>\AppData\Roaming\MetaQuotes\Terminal\Common\Files\D040_V100_RUN_GBPUSD_TRADES.csv;C:\Users\<REDACTED>\AppData\Roaming\MetaQuotes\Terminal\Common\Files\D040_V100_RUN_GBPUSD_STATS.csv
PROGRESS;D040_NR4_TickPath_M15_v1_00.mq5;1.00;RUN;15250000;103;26;77;0;0;23;23;23;8;15;0;0;0;0;0;0;0;0;23;23;GBPUSD;PERIOD_M15;FOREX;USD5_PER_LOT_PER_SIDE;;D040_V100_RUN_GBPUSD_TRADES.csv;D040_V100_RUN_GBPUSD_STATS.csv;C:\Users\<REDACTED>\AppData\Roaming\MetaQuotes\Terminal\Common\Files\D040_V100_RUN_GBPUSD_TRADES.csv;C:\Users\<REDACTED>\AppData\Roaming\MetaQuotes\Terminal\Common\Files\D040_V100_RUN_GBPUSD_STATS.csv
PROGRESS;D040_NR4_TickPath_M15_v1_00.mq5;1.00;RUN;15500000;105;27;78;0;0;24;24;23;8;15;0;0;0;0;0;0;0;0;23;23;GBPUSD;PERIOD_M15;FOREX;USD5_PER_LOT_PER_SIDE;;D040_V100_RUN_GBPUSD_TRADES.csv;D040_V100_RUN_GBPUSD_STATS.csv;C:\Users\<REDACTED>\AppData\Roaming\MetaQuotes\Terminal\Common\Files\D040_V100_RUN_GBPUSD_TRADES.csv;C:\Users\<REDACTED>\AppData\Roaming\MetaQuotes\Terminal\Common\Files\D040_V100_RUN_GBPUSD_STATS.csv
PROGRESS;D040_NR4_TickPath_M15_v1_00.mq5;1.00;RUN;15750000;107;27;80;0;0;24;24;24;8;16;0;0;0;0;0;0;0;0;24;24;GBPUSD;PERIOD_M15;FOREX;USD5_PER_LOT_PER_SIDE;;D040_V100_RUN_GBPUSD_TRADES.csv;D040_V100_RUN_GBPUSD_STATS.csv;C:\Users\<REDACTED>\AppData\Roaming\MetaQuotes\Terminal\Common\Files\D040_V100_RUN_GBPUSD_TRADES.csv;C:\Users\<REDACTED>\AppData\Roaming\MetaQuotes\Terminal\Common\Files\D040_V100_RUN_GBPUSD_STATS.csv
PROGRESS;D040_NR4_TickPath_M15_v1_00.mq5;1.00;RUN;16000000;109;28;81;0;0;25;25;24;8;16;0;0;0;0;0;0;0;0;24;24;GBPUSD;PERIOD_M15;FOREX;USD5_PER_LOT_PER_SIDE;;D040_V100_RUN_GBPUSD_TRADES.csv;D040_V100_RUN_GBPUSD_STATS.csv;C:\Users\<REDACTED>\AppData\Roaming\MetaQuotes\Terminal\Common\Files\D040_V100_RUN_GBPUSD_TRADES.csv;C:\Users\<REDACTED>\AppData\Roaming\MetaQuotes\Terminal\Common\Files\D040_V100_RUN_GBPUSD_STATS.csv
PROGRESS;D040_NR4_TickPath_M15_v1_00.mq5;1.00;RUN;16250000;111;28;83;0;0;25;25;25;8;17;0;0;0;0;0;0;0;0;25;25;GBPUSD;PERIOD_M15;FOREX;USD5_PER_LOT_PER_SIDE;;D040_V100_RUN_GBPUSD_TRADES.csv;D040_V100_RUN_GBPUSD_STATS.csv;C:\Users\<REDACTED>\AppData\Roaming\MetaQuotes\Terminal\Common\Files\D040_V100_RUN_GBPUSD_TRADES.csv;C:\Users\<REDACTED>\AppData\Roaming\MetaQuotes\Terminal\Common\Files\D040_V100_RUN_GBPUSD_STATS.csv
PROGRESS;D040_NR4_TickPath_M15_v1_00.mq5;1.00;RUN;16500000;113;28;85;0;0;25;25;25;8;17;0;0;0;0;0;0;0;0;25;25;GBPUSD;PERIOD_M15;FOREX;USD5_PER_LOT_PER_SIDE;;D040_V100_RUN_GBPUSD_TRADES.csv;D040_V100_RUN_GBPUSD_STATS.csv;C:\Users\<REDACTED>\AppData\Roaming\MetaQuotes\Terminal\Common\Files\D040_V100_RUN_GBPUSD_TRADES.csv;C:\Users\<REDACTED>\AppData\Roaming\MetaQuotes\Terminal\Common\Files\D040_V100_RUN_GBPUSD_STATS.csv
PROGRESS;D040_NR4_TickPath_M15_v1_00.mq5;1.00;RUN;16750000;114;28;86;0;0;25;25;25;8;17;0;0;0;0;0;0;0;0;25;25;GBPUSD;PERIOD_M15;FOREX;USD5_PER_LOT_PER_SIDE;;D040_V100_RUN_GBPUSD_TRADES.csv;D040_V100_RUN_GBPUSD_STATS.csv;C:\Users\<REDACTED>\AppData\Roaming\MetaQuotes\Terminal\Common\Files\D040_V100_RUN_GBPUSD_TRADES.csv;C:\Users\<REDACTED>\AppData\Roaming\MetaQuotes\Terminal\Common\Files\D040_V100_RUN_GBPUSD_STATS.csv
PROGRESS;D040_NR4_TickPath_M15_v1_00.mq5;1.00;RUN;17000000;116;29;87;0;0;26;26;26;9;17;0;0;0;0;0;0;0;0;26;26;GBPUSD;PERIOD_M15;FOREX;USD5_PER_LOT_PER_SIDE;;D040_V100_RUN_GBPUSD_TRADES.csv;D040_V100_RUN_GBPUSD_STATS.csv;C:\Users\<REDACTED>\AppData\Roaming\MetaQuotes\Terminal\Common\Files\D040_V100_RUN_GBPUSD_TRADES.csv;C:\Users\<REDACTED>\AppData\Roaming\MetaQuotes\Terminal\Common\Files\D040_V100_RUN_GBPUSD_STATS.csv
PROGRESS;D040_NR4_TickPath_M15_v1_00.mq5;1.00;RUN;17250000;118;30;88;0;0;27;27;27;9;18;0;0;0;0;0;0;0;0;27;27;GBPUSD;PERIOD_M15;FOREX;USD5_PER_LOT_PER_SIDE;;D040_V100_RUN_GBPUSD_TRADES.csv;D040_V100_RUN_GBPUSD_STATS.csv;C:\Users\<REDACTED>\AppData\Roaming\MetaQuotes\Terminal\Common\Files\D040_V100_RUN_GBPUSD_TRADES.csv;C:\Users\<REDACTED>\AppData\Roaming\MetaQuotes\Terminal\Common\Files\D040_V100_RUN_GBPUSD_STATS.csv
PROGRESS;D040_NR4_TickPath_M15_v1_00.mq5;1.00;RUN;17500000;120;30;90;0;0;27;27;27;9;18;0;0;0;0;0;0;0;0;27;27;GBPUSD;PERIOD_M15;FOREX;USD5_PER_LOT_PER_SIDE;;D040_V100_RUN_GBPUSD_TRADES.csv;D040_V100_RUN_GBPUSD_STATS.csv;C:\Users\<REDACTED>\AppData\Roaming\MetaQuotes\Terminal\Common\Files\D040_V100_RUN_GBPUSD_TRADES.csv;C:\Users\<REDACTED>\AppData\Roaming\MetaQuotes\Terminal\Common\Files\D040_V100_RUN_GBPUSD_STATS.csv
PROGRESS;D040_NR4_TickPath_M15_v1_00.mq5;1.00;RUN;17750000;122;30;92;0;0;27;27;27;9;18;0;0;0;0;0;0;0;0;27;27;GBPUSD;PERIOD_M15;FOREX;USD5_PER_LOT_PER_SIDE;;D040_V100_RUN_GBPUSD_TRADES.csv;D040_V100_RUN_GBPUSD_STATS.csv;C:\Users\<REDACTED>\AppData\Roaming\MetaQuotes\Terminal\Common\Files\D040_V100_RUN_GBPUSD_TRADES.csv;C:\Users\<REDACTED>\AppData\Roaming\MetaQuotes\Terminal\Common\Files\D040_V100_RUN_GBPUSD_STATS.csv
PROGRESS;D040_NR4_TickPath_M15_v1_00.mq5;1.00;RUN;18000000;124;31;93;0;0;28;28;27;9;18;0;0;0;0;0;0;0;0;27;27;GBPUSD;PERIOD_M15;FOREX;USD5_PER_LOT_PER_SIDE;;D040_V100_RUN_GBPUSD_TRADES.csv;D040_V100_RUN_GBPUSD_STATS.csv;C:\Users\<REDACTED>\AppData\Roaming\MetaQuotes\Terminal\Common\Files\D040_V100_RUN_GBPUSD_TRADES.csv;C:\Users\<REDACTED>\AppData\Roaming\MetaQuotes\Terminal\Common\Files\D040_V100_RUN_GBPUSD_STATS.csv
PROGRESS;D040_NR4_TickPath_M15_v1_00.mq5;1.00;RUN;18250000;126;32;94;0;0;29;29;29;9;20;0;0;0;0;0;0;0;0;29;29;GBPUSD;PERIOD_M15;FOREX;USD5_PER_LOT_PER_SIDE;;D040_V100_RUN_GBPUSD_TRADES.csv;D040_V100_RUN_GBPUSD_STATS.csv;C:\Users\<REDACTED>\AppData\Roaming\MetaQuotes\Terminal\Common\Files\D040_V100_RUN_GBPUSD_TRADES.csv;C:\Users\<REDACTED>\AppData\Roaming\MetaQuotes\Terminal\Common\Files\D040_V100_RUN_GBPUSD_STATS.csv
FINAL;D040_NR4_TickPath_M15_v1_00.mq5;1.00;RUN;18447432;127;33;94;0;0;30;30;30;9;20;1;0;0;0;0;0;0;0;30;30;GBPUSD;PERIOD_M15;FOREX;USD5_PER_LOT_PER_SIDE;;D040_V100_RUN_GBPUSD_TRADES.csv;D040_V100_RUN_GBPUSD_STATS.csv;C:\Users\<REDACTED>\AppData\Roaming\MetaQuotes\Terminal\Common\Files\D040_V100_RUN_GBPUSD_TRADES.csv;C:\Users\<REDACTED>\AppData\Roaming\MetaQuotes\Terminal\Common\Files\D040_V100_RUN_GBPUSD_STATS.csv

