state,outcome,feature,q,btcusdt_2024_active_n,btcusdt_2024_active_effect,btcusdt_2024_h1_active_n,btcusdt_2024_h1_active_effect,btcusdt_2024_h2_active_n,btcusdt_2024_h2_active_effect,ethusdt_2024_active_n,ethusdt_2024_active_effect,ethusdt_2024_h1_active_n,ethusdt_2024_h1_active_effect,ethusdt_2024_h2_active_n,ethusdt_2024_h2_active_effect,discovery_sign,discovery_worst_abs_effect,discovery_eligible,btcusdt_2025_active_n,btcusdt_2025_active_effect,btcusdt_2025_q1_active_n,btcusdt_2025_q1_active_effect,btcusdt_2025_q2_active_n,btcusdt_2025_q2_active_effect,btcusdt_2025_q3_active_n,btcusdt_2025_q3_active_effect,btcusdt_2025_q4_active_n,btcusdt_2025_q4_active_effect,ethusdt_2025_active_n,ethusdt_2025_active_effect,ethusdt_2025_q1_active_n,ethusdt_2025_q1_active_effect,ethusdt_2025_q2_active_n,ethusdt_2025_q2_active_effect,ethusdt_2025_q3_active_n,ethusdt_2025_q3_active_effect,ethusdt_2025_q4_active_n,ethusdt_2025_q4_active_effect,confirm_same_sign_both,confirm_worst_abs_effect,confirm_retains_effect,quarter_eligible,quarter_match,quarter_match_rate,quarter_stable,worst_symbol_p,worst_symbol_bh_q,phase_fc_screen_pass,ethusdt_block_p,btcusdt_block_p
log_quote_volume_ratio=Q5,direction_1h_atr,log_quote_volume_ratio,5,17022,-0.05647112726208715,4931,-0.018936904348094502,12091,-0.05970924241819961,16865,-0.055349495816276156,5004,-0.07669056502663112,11861,-0.026076933136819976,-1,0.055349495816276156,True,23441,0.05814915985079416,4341,-0.023190277879108323,8364,0.038816734042868076,6931,0.10790452531741204,3805,0.0017499958129838268,33890,0.018998809670556,4372,0.1054385709582726,10892,-0.0498639855378099,9560,0.032612771231313814,9066,-0.02033431316597605,False,,False,8,3,0.375,False,1.0,1.0,False,,
log_quote_volume_ratio_change_1h=Q1,direction_1h_atr,log_quote_volume_ratio_change_1h,1,15586,0.04144488369389135,7301,0.05981531486396287,8285,0.027349171592197345,15630,0.02172941289807078,7570,0.0353264208874705,8060,0.010981486488780242,1,0.02172941289807078,True,18849,-0.004102633843201152,4321,0.002267907872833763,4730,0.012315080980695434,5370,-0.055065173216193815,4428,0.022776075515145384,14246,-0.031453202244653436,3644,-0.11360997390921315,3232,0.035621022443142115,3698,-0.01756546286428036,3672,-0.01995346429969096,False,,False,8,4,0.5,False,1.0,1.0,False,,
spot_taker_imbalance_change_1h=Q4,direction_1h_atr,spot_taker_imbalance_change_1h,4,15631,-0.018893347572159207,8111,-0.034227708406318606,7520,-0.0044200250086503315,15355,-0.03515031912811455,7890,-0.0492418644139798,7465,-0.02238642226114012,-1,0.018893347572159207,True,14092,0.015573790817481649,3579,0.059034224454538424,3508,-0.003416561685825145,3482,0.022053948309116243,3523,-0.008992892332616156,14215,-0.00757556747475824,3664,-0.06618270741012638,3643,-0.025831210539379208,3597,0.08775505126248154,3311,-0.026454030591826657,False,,False,8,5,0.625,False,1.0,1.0,False,0.4218593802065978,
perp_spot_basis_bps=Q4,direction_1h_atr,perp_spot_basis_bps,4,16092,0.01684833333471511,11308,0.001989179873267924,4784,0.022822874551436147,15761,0.08460932245841207,11858,0.05846461840276457,3903,0.09203033776831941,1,0.01684833333471511,True,1181,-0.34905484029111317,214,0.05385146402667665,8,0.2661183802640667,954,-0.4704695113527062,5,-0.8735575288313119,849,-0.14643066587011622,233,-0.09326727977558671,13,-0.09535953712777889,597,-0.22179630458109628,6,-0.6980631864118294,False,,False,4,1,0.25,False,1.0,1.0,False,,
spot_taker_imbalance_change_15m=Q3,direction_1h_atr,spot_taker_imbalance_change_15m,3,15760,0.018635115629064905,8320,0.020745186254479034,7440,0.013372904307303021,15741,0.01536998957122694,8222,0.021811794476508453,7519,0.004906316624385718,1,0.01536998957122694,True,13850,0.03986786686136523,3651,0.06500100213898811,3329,0.07270463404423712,3366,0.028935878812134157,3504,0.006414946325283499,14630,-0.009185045526928164,3956,-0.03685624311292732,3744,-0.015539902169077534,3554,0.10303740580782136,3376,-0.07820077546492717,False,,False,8,5,0.625,False,1.0,1.0,False,,0.137620793068977
taker_imbalance_diff=Q4,direction_1h_atr,taker_imbalance_diff,4,16453,0.009963684951095106,8165,0.00837982692746568,8288,0.011426789155979993,16217,0.008135955430126936,8431,0.0015887616267204613,7786,0.012181777229162936,1,0.008135955430126936,True,15219,0.0005633198487319663,3875,0.02912092462961545,3790,0.07192968674660709,3684,-0.07404184155356619,3870,-0.018210516467321202,15461,0.045963413538219706,4020,0.06807957923959196,3785,0.07263624670602575,3984,0.0024953611517423008,3672,0.04238079981633394,True,0.0005633198487319663,False,8,6,0.75,True,0.49416861046317895,1.0,False,0.12829056981006332,0.49416861046317895
log_trade_count_ratio_change_15m=Q2,direction_1h_atr,log_trade_count_ratio_change_15m,2,15404,0.007497979030067256,7336,0.0002560746344668352,8068,0.0155848151781467,15514,0.022433193739702102,8011,0.03294970535409421,7503,0.008694724534344861,1,0.007497979030067256,True,17440,0.008266712130295159,4166,0.0426556020540009,4243,0.016988277982357844,4532,-0.021159637775651753,4499,0.0004730961050774772,16479,-0.005012234617733336,4376,-0.044576855846930774,4068,0.0499744993386732,4141,0.023465254643775607,3894,-0.042589145602760045,False,,False,8,5,0.625,False,1.0,1.0,False,,0.40753082305898036
taker_imbalance_diff_change_15m=Q3,direction_1h_atr,taker_imbalance_diff_change_15m,3,15799,-0.004845258290241086,8294,-0.010239256415563225,7505,-0.0015096424244173262,15844,-0.019197600354240667,8352,-0.03905064765986609,7492,-0.0012362429285702782,-1,0.004845258290241086,True,13349,0.014291031821019307,3509,0.031463601528099065,3284,0.06500728501879698,3160,-0.01418438034772048,3396,-0.012994557339008218,14635,-0.00960072526269332,3787,0.002537494455804243,3697,-0.021386251429460018,3729,0.017386770209774055,3422,-0.0396270777622732,False,,False,8,4,0.5,False,1.0,1.0,False,0.39320226591136287,
taker_imbalance_diff_change_1h=Q5,direction_1h_atr,taker_imbalance_diff_change_1h,5,16827,0.003401055058453034,7698,0.003288213830804021,9129,0.006389556069420217,16712,0.030639955120238718,7837,0.06212583528327023,8875,0.006840030791195769,1,0.003401055058453034,True,21929,0.017872645389501528,5038,-0.03133278632824085,5420,0.02172796508819133,6247,0.029033337250504894,5224,0.03871981166031113,16638,0.009843404257749405,4201,-0.028689272826670165,3799,0.021291430733284225,4171,0.036371453775387724,4467,0.017411622010126825,True,0.009843404257749405,True,8,6,0.75,True,0.4055314895034988,1.0,False,0.4055314895034988,0.35121626124625127
log_trade_count_ratio=Q1,direction_1h_atr,log_trade_count_ratio,1,16374,0.0023446405144842974,800,0.051127511175904014,15574,0.01941981230058159,15843,0.03522921487836921,234,0.12325986969777304,15609,0.06853034663768758,1,0.0023446405144842974,True,29869,-0.03473880917017689,8529,0.003353273785612912,6155,-0.045209587085689694,4403,-0.06463016315709233,10782,-0.0024873221821642526,24175,0.015016597555203261,3361,0.050982097120688116,4714,0.04604486191424884,5210,-0.021971014404583072,10890,0.006951177443370286,False,,False,8,4,0.5,False,1.0,1.0,False,0.3678773742085971,
log_quote_volume_ratio_change_15m=Q2,up_first_1atr_1h,log_quote_volume_ratio_change_15m,2,15203,0.004343156025820749,7627,0.0057977878696780505,7576,0.0029064116322117806,15152,0.008338169160603481,7720,0.009402319635017253,7432,0.007233582037308006,1,0.004343156025820749,True,14822,0.004284918702958773,3790,0.00972601835987702,3630,-0.0006416123882926339,3717,0.003181147248943861,3685,0.004735442421991254,15106,-0.0051745522414944345,3713,-0.010344464353089389,3816,0.0012847132164214292,3886,-0.008942634090935098,3691,-0.0035198128728267664,False,,False,8,4,0.5,False,1.0,1.0,False,,0.1922692435854715
log_trade_count_ratio=Q4,up_first_1atr_1h,log_trade_count_ratio,4,15242,0.004106711073170455,10886,0.0006038233912488145,4356,0.01443658812110965,15714,0.0049228015527869595,12595,0.0022506104486677003,3119,0.01576984248621821,1,0.004106711073170455,True,1059,0.009005716934513353,89,0.09995459148252389,369,0.0012195715128024975,556,-0.008467161222922681,45,0.10188605300543768,901,0.010217307546819099,510,0.03140709218118609,180,-0.04200669139573787,191,0.0008805195037920877,20,0.24932494464546096,True,0.009005716934513353,True,6,4,0.6666666666666666,False,0.26457847384205263,1.0,False,0.2449183605464845,0.26457847384205263
log_quote_volume_ratio_change_1h=Q1,up_first_1atr_1h,log_quote_volume_ratio_change_1h,1,15272,0.0036435873769569693,7147,0.00320634479416676,8125,0.003924021899452457,15293,0.003635445260793846,7404,0.003630967922037598,7889,0.0036385925702939192,1,0.003635445260793846,True,18466,-0.0008924221766745122,4232,0.0009045500645420979,4641,-0.0061852665950484775,5267,-0.0035666199130429677,4326,0.006278101086806209,14015,-0.005602669701277596,3605,-0.011343988833744212,3178,-0.005526724959824314,3647,-0.0032453703834708914,3585,-0.0016513454521680515,False,,False,8,2,0.25,False,1.0,1.0,False,,
taker_imbalance_diff_change_15m=Q5,up_first_1atr_1h,taker_imbalance_diff_change_15m,5,16275,0.004843570640003236,7588,0.0010033974113978217,8687,0.008087371201238536,16226,0.003396120724124596,7592,0.004859905203682402,8634,0.0021068432548191907,1,0.003396120724124596,True,20990,0.0027811151748733387,4820,-0.00550953271907062,5230,0.004993919007711511,5988,0.004456768170636616,4952,0.00653064105067197,15816,0.0033756568658749875,3994,-0.0005113737530093587,3678,0.005464760480281661,3983,0.008179866335155217,4161,0.0008870691347664383,True,0.0027811151748733387,True,8,6,0.75,True,0.2865711429523492,1.0,False,0.2865711429523492,0.23292235921359547
taker_imbalance_diff=Q5,up_first_1atr_1h,taker_imbalance_diff,5,16378,0.004182566284191835,7118,0.0010307620129048067,9260,0.00638602555454465,16067,0.0032210058419265275,7410,0.005116870060503043,8657,0.0015956487110787565,1,0.0032210058419265275,True,23435,0.0031396936805127007,5312,0.0023781903724656717,6051,0.004012901379665923,6507,0.0023554393411626684,5565,0.0035931509389506844,17764,0.005793478135629193,4683,0.0057523459777719665,3824,0.01747726955265827,4281,-0.003722798945804351,4976,0.006358706703338823,True,0.0031396936805127007,True,8,7,0.875,True,0.21992669110296567,1.0,False,0.1299566811062979,0.21992669110296567
perp_taker_imbalance_change_15m=Q1,up_first_1atr_1h,perp_taker_imbalance_change_15m,1,16403,0.0031728373349701466,7867,0.0020175059109058813,8536,0.004177010148317006,16239,0.003982710899945452,7494,0.0025845338001317386,8745,0.005178309487285593,1,0.0031728373349701466,True,17886,-0.004058768590589068,4224,-0.004547238616216309,4454,-0.002845469137603973,5146,-0.006565146107459674,4062,-0.0015605250349364774,15140,-9.257095138992533e-06,4042,-0.0015789077606016555,3759,-0.008274315763920903,3913,0.004779457531550291,3426,0.006038313005063967,False,,False,8,2,0.25,False,1.0,1.0,False,,
perp_spot_basis_bps=Q4,up_first_1atr_1h,perp_spot_basis_bps,4,15736,0.0028866305915696278,11040,0.0007238752062379006,4696,0.009393318190895339,15407,0.0027395889200910184,11571,0.0035286820839303124,3836,0.0003967599529471899,1,0.0027395889200910184,True,1155,-0.039201977165531976,210,0.03302040207642437,8,-0.12784546913760397,933,-0.05107551826719081,4,-0.2481139469945623,836,-0.02314009969340841,228,-0.0037838262914661747,13,-0.20098105037009684,589,-0.024657485278472613,6,-0.0006750553545390447,False,,False,4,1,0.25,False,1.0,1.0,False,,
taker_imbalance_diff_change_15m=Q3,up_first_1atr_1h,taker_imbalance_diff_change_15m,3,15418,-0.002536643481221623,8096,-0.0007418691942890909,7322,-0.004390780697568097,15469,-0.0064295249290780565,8147,-0.0037576947636202007,7322,-0.009400232213446658,-1,0.002536643481221623,True,13081,-0.004001059539723295,3450,-0.004536533741381021,3212,0.006494505955795815,3091,-0.014479627212602653,3328,-0.0038230816099469322,14314,-0.0026398767377314725,3723,-0.004907707711373721,3624,0.004019798670487296,3642,-0.0028355791819884013,3325,-0.007141220768072887,True,0.0026398767377314725,True,8,6,0.75,True,0.26491169610129955,1.0,False,0.26491169610129955,0.22459180273242252
log_quote_volume_ratio_change_1h=Q2,up_first_1atr_1h,log_quote_volume_ratio_change_1h,2,15135,-0.0026485090909588727,7521,-0.002003488176291035,7614,-0.0032776268851750223,15133,-0.0023962240070237173,7661,-0.0015966469361293756,7472,-0.0032154744185988182,-1,0.0023962240070237173,True,14958,-0.0022213752029805467,3759,-0.0015366609722587965,3679,-0.005155879575222899,3749,0.0018554955622919755,3771,-0.004080534106734146,14884,0.004277029776083852,3843,-0.0012022357029730646,3804,0.009991205554840454,3750,0.0022627184566716974,3487,0.0060642621103305094,False,,False,8,4,0.5,False,1.0,1.0,False,,0.31522825724758413
perp_spot_basis_bps_change_15m=Q2,up_first_1atr_1h,perp_spot_basis_bps_change_15m,2,15778,-0.008841770456964548,7483,-0.010847449748684068,8295,-0.007113285097348154,15786,-0.0022334081703586084,7533,-0.0035737978831359984,8253,-0.0010114870813097143,-1,0.0022334081703586084,True,19169,-0.001023903304845586,4447,-0.0030841949231580346,4651,-0.011338266385507667,5159,0.004607356871460133,4912,0.004736215871887162,16326,0.0006608413012887393,4098,0.0018029811370612325,3945,-0.008293129925522447,4245,0.012985922225811852,4038,-0.004885060307486033,False,,False,8,4,0.5,False,1.0,1.0,False,,0.4198600466511163
perp_taker_imbalance=Q4,up_first_1atr_1h,perp_taker_imbalance,4,15242,-0.008883710131395883,7695,-0.009953936472717972,7547,-0.007751455875720514,14943,-0.00216034451554753,7881,-0.002416802632546955,7062,-0.0018719141384978544,-1,0.00216034451554753,True,15100,-0.0031095486227722957,3769,-0.008949806012117478,3829,-0.006893523459881312,3678,-0.0007711972762985964,3824,0.003978103214642703,14965,-0.0011879210053372113,3741,0.0013302017618266326,3662,0.004707308240162411,3771,-0.01088604844865848,3791,-1.5598746783807016e-05,True,0.0011879210053372113,True,8,5,0.625,False,0.38487170943018995,1.0,False,0.38487170943018995,0.2865711429523492
log_trade_count_ratio_change_1h=Q2,up_first_1atr_1h,log_trade_count_ratio_change_1h,2,15190,-0.002929086810073589,7301,-0.002419653871573557,7889,-0.0034571768485607834,15204,-0.0019324461418220862,7698,-0.001238321834336864,7506,-0.0026437690420007542,-1,0.0019324461418220862,True,17064,0.0008687116393340522,4175,0.017742386678648525,4202,-0.0023695053108547803,4399,-0.006220492997148719,4288,-0.005110215651278727,15924,-0.0017285863927902767,4247,-0.003310840200148879,3936,0.009111194783123944,4077,-0.013388005114581658,3664,0.0020542022873824006,False,,False,8,5,0.625,False,1.0,1.0,False,0.36054648450516497,
