candidate_id,feature,tail,side,horizon,outcome_kind,expected_sign,discovery_eligible,discovery_worst_abs_effect,btcusdt_threshold,btcusdt_annual_n,btcusdt_annual_effect,btcusdt_h1_n,btcusdt_h1_effect,btcusdt_h2_n,btcusdt_h2_effect,ethusdt_threshold,ethusdt_annual_n,ethusdt_annual_effect,ethusdt_h1_n,ethusdt_h1_effect,ethusdt_h2_n,ethusdt_h2_effect,btcusdt_2025_n,btcusdt_2025_effect,btcusdt_2025_q1_n,btcusdt_2025_q1_effect,btcusdt_2025_q2_n,btcusdt_2025_q2_effect,btcusdt_2025_q3_n,btcusdt_2025_q3_effect,btcusdt_2025_q4_n,btcusdt_2025_q4_effect,btcusdt_block_p,ethusdt_2025_n,ethusdt_2025_effect,ethusdt_2025_q1_n,ethusdt_2025_q1_effect,ethusdt_2025_q2_n,ethusdt_2025_q2_effect,ethusdt_2025_q3_n,ethusdt_2025_q3_effect,ethusdt_2025_q4_n,ethusdt_2025_q4_effect,ethusdt_block_p,confirm_same_sign_both,confirm_worst_abs_effect,confirm_retains_effect,quarter_eligible,quarter_match,quarter_match_rate,quarter_stable,worst_symbol_p,worst_symbol_bh_q,phase_hb_screen_pass
atr_slope_3bar_pct|HIGH_2P|1h|excursion_bias_atr,atr_slope_3bar_pct,HIGH_2P,HIGH,1h,excursion_bias_atr,-1,True,0.15673766909183814,27.102616653059993,2108,-0.15673766909183814,1102,-0.21963059753137365,1006,-0.08650424776790888,25.971407122739965,2108,-0.2503923463073387,1050,-0.3221945277862406,1058,-0.17918158264953044,1953,-0.029166119311436204,460,-0.13060333287527187,501,0.0622943720063525,481,0.3475818893735185,511,-0.38469225768757953,0.4161946017994002,2014,-0.1737960312795861,466,-0.14945009759669348,555,-0.20402897129950442,421,-0.07631830947471281,572,-0.2305271820199464,0.04765078307230923,True,0.029166119311436204,False,8,6,0.75,True,0.4161946017994002,0.979740987238488,False
atr_slope_3bar_pct|HIGH_2P|2h|excursion_bias_atr,atr_slope_3bar_pct,HIGH_2P,HIGH,2h,excursion_bias_atr,-1,True,0.22741947130182974,27.102616653059993,2108,-0.22741947130182974,1102,-0.24439270127951915,1006,-0.20889404004586737,25.971407122739965,2108,-0.33340051801227133,1050,-0.3780325144696065,1058,-0.28924434116724684,1953,-0.02197057910510527,460,-0.06848023293134495,501,0.3684604458434978,481,0.222605406194139,511,-0.5973541627796253,0.4728423858713762,2014,-0.21237534624921206,466,-0.054809438628405927,555,-0.04797771565640371,421,-0.2950590165670871,572,-0.42177827973083626,0.11262912362545818,True,0.02197057910510527,False,8,6,0.75,True,0.4728423858713762,0.979740987238488,False
atr_slope_3bar_pct|HIGH_2P|4h|excursion_bias_atr,atr_slope_3bar_pct,HIGH_2P,HIGH,4h,excursion_bias_atr,-1,True,0.23923284139096543,27.102616653059993,2108,-0.23923284139096543,1102,-0.014643599415023217,1006,-0.4879425171260137,25.971407122739965,2108,-0.3524064437794017,1050,-0.272403254482065,1058,-0.43207419928339863,1953,-0.0002487073912320753,460,-0.3816655397809408,501,0.6065307547539414,481,0.1230801155758482,511,-0.37921190802549465,0.4815061646117961,2014,-0.44263908055188794,466,-0.18447555526839066,555,-0.6834627611422075,421,-0.2885151744089796,572,-0.49660517636404794,0.021992669110296566,True,0.0002487073912320753,False,8,6,0.75,True,0.4815061646117961,0.979740987238488,False
mark_index_bps_change_15m|HIGH_1P|1h|up_first_touch,mark_index_bps_change_15m,HIGH_1P,HIGH,1h,up_first_touch,-1,True,0.0216674957085507,2.974359710633312,1009,-0.0216674957085507,607,-0.031612145327374774,402,-0.0060280219684825664,2.8884264455159023,994,-0.02351837334040452,764,-0.013496723356062668,230,-0.056394271556581665,207,-0.09138971902404086,101,-0.1093010355246446,37,-0.09852052920141513,17,-0.26021810767018044,52,0.006109624112649814,0.008330556481172943,837,0.008306013823004998,223,-0.034721322405429356,120,0.011017501335731206,154,0.04205160655276663,340,0.024320448963350227,0.6717760746417861,False,0.008306013823004998,True,6,2,0.3333333333333333,False,0.6717760746417861,0.979740987238488,False
mark_index_bps_change_15m|HIGH_1P|2h|excursion_bias_atr,mark_index_bps_change_15m,HIGH_1P,HIGH,2h,excursion_bias_atr,-1,True,0.28995553135891117,2.974359710633312,1054,-0.28995553135891117,640,-0.43591848692269114,414,-0.06466641795484387,2.8884264455159023,1054,-0.3720795510552609,810,-0.41149762410637036,244,-0.34440924807878015,221,-0.08641542504198443,106,-0.36201040240268356,40,0.7618456717198058,18,-1.0444364262798744,57,0.3555330917942127,0.3818727090969677,881,-0.17133887139087484,236,-0.48771884260191467,125,0.10250354388244513,159,0.006720888515249213,361,-0.030982085482431976,0.1879373542152616,False,0.08641542504198443,True,6,3,0.5,False,0.3818727090969677,0.979740987238488,False
mark_index_bps_change_15m|HIGH_1P|2h|return_atr,mark_index_bps_change_15m,HIGH_1P,HIGH,2h,return_atr,-1,True,0.20129403751088598,2.974359710633312,1054,-0.20129403751088598,640,-0.24214451168635337,414,-0.15355798222647848,2.8884264455159023,1054,-0.26395383219016366,810,-0.29984148264834914,244,-0.2806472588300843,221,0.028472401688209675,106,-0.16728421674856325,40,0.9447479299987633,18,-0.21230018590537353,57,0.019890968812585334,0.5411529490169943,881,-0.03443385525615403,236,-0.19137107044268512,125,0.15054893724742857,159,0.05195400004004469,361,0.06090789134748973,0.3948683772075975,False,0.028472401688209675,False,6,2,0.3333333333333333,False,0.5411529490169943,0.979740987238488,False
mark_index_bps_change_15m|HIGH_1P|2h|up_first_touch,mark_index_bps_change_15m,HIGH_1P,HIGH,2h,up_first_touch,-1,True,0.02376442995927497,2.974359710633312,1032,-0.025058295285646903,628,-0.035470793652310706,404,-0.008140393209080499,2.8884264455159023,1031,-0.02376442995927497,793,-0.01637786173686462,238,-0.04708588479563952,212,-0.0912342114505098,103,-0.10737498792445538,38,-0.10890519743688043,18,-0.21709431036893007,53,-0.00282921903068184,0.00866377874041986,856,0.006956498377824805,230,-0.026900330506917702,121,0.01459543220906856,156,0.03401624970773909,349,0.018650805244368407,0.6384538487170943,False,0.006956498377824805,True,6,3,0.5,False,0.6384538487170943,0.979740987238488,False
mark_index_bps_change_15m|HIGH_1P|30m|up_first_touch,mark_index_bps_change_15m,HIGH_1P,HIGH,30m,up_first_touch,-1,True,0.026030642991813957,2.974359710633312,924,-0.03798264191522621,554,-0.05307709754852857,370,-0.014965245635593316,2.8884264455159023,898,-0.026030642991813957,692,-0.01857108450316547,206,-0.04830132883453875,180,-0.09201343050233801,84,-0.10180616849308277,33,-0.11065288073871771,16,-0.24353840938943266,47,-0.008140666316057588,0.013662112629123625,749,0.00550153464707176,197,-0.03571192678020074,103,6.78399012254971e-06,147,0.028774166758265274,302,0.02605713328500503,0.6291236254581806,False,0.00550153464707176,False,5,2,0.4,False,0.6291236254581806,0.979740987238488,False
mark_index_bps_change_15m|HIGH_1P|4h|excursion_bias_atr,mark_index_bps_change_15m,HIGH_1P,HIGH,4h,excursion_bias_atr,-1,True,0.34132639147512284,2.974359710633312,1054,-0.5011020934208765,640,-0.3592868424295345,414,-0.7344832088642788,2.8884264455159023,1054,-0.34132639147512284,810,-0.4930854388370754,244,-0.07220386116088251,221,-0.28671915266727555,106,-0.5304099043934938,40,0.7468854629468843,18,-1.2304129140496365,57,0.19375241897833867,0.2642452515828057,881,-0.11554128589170845,236,-0.17207379411385015,125,0.10696101920794886,159,-0.022488425594729716,361,0.018098748204085136,0.3462179273575475,False,0.11554128589170845,True,6,3,0.5,False,0.3462179273575475,0.979740987238488,False
mark_index_bps_change_15m|HIGH_1P|4h|up_first_touch,mark_index_bps_change_15m,HIGH_1P,HIGH,4h,up_first_touch,-1,True,0.025816494822227976,2.974359710633312,1038,-0.0258545262634563,629,-0.034543610284481774,409,-0.01174626760726033,2.8884264455159023,1037,-0.025816494822227976,797,-0.018858214949583896,240,-0.047154887902583376,215,-0.09687886546040331,104,-0.11111608608698248,38,-0.10909464928832147,18,-0.21708093194878175,55,-0.020426538317912135,0.006331222925691436,865,0.001697180687590616,230,-0.0269646075838485,121,0.014601945489281842,156,0.033811346759758054,358,0.005966391282241301,0.5634788403865378,False,0.001697180687590616,False,6,3,0.5,False,0.5634788403865378,0.979740987238488,False
mark_index_bps_change_15m|HIGH_2P|30m|up_first_touch,mark_index_bps_change_15m,HIGH_2P,HIGH,30m,up_first_touch,-1,True,0.025932583707622248,2.30422813196962,1853,-0.026811451170371148,1066,-0.02620109427030637,787,-0.027338610105527017,2.289406170451257,1817,-0.025932583707622248,1343,-0.010057662305428539,474,-0.06874293302936896,420,-0.030902319391226896,200,-0.07466331135022564,76,0.08751298847978306,44,-0.08444750029852355,100,-0.007502368443717156,0.15328223925358214,1408,0.003584205480910818,374,-0.011552747649388295,237,-0.002737880300566098,287,0.003388402696542947,510,0.020525384161514615,0.611462845718094,False,0.003584205480910818,False,7,4,0.5714285714285714,False,0.611462845718094,0.979740987238488,False
mark_index_bps_change_15m|HIGH_2P|4h|excursion_bias_atr,mark_index_bps_change_15m,HIGH_2P,HIGH,4h,excursion_bias_atr,-1,True,0.4415041061195694,2.30422813196962,2108,-0.4415041061195694,1228,-0.53712238970038,880,-0.3183952773959373,2.289406170451257,2108,-0.46692763703708323,1567,-0.586966700884284,541,-0.31128070451907386,502,-0.38237892496995063,244,-0.5545315914918862,92,0.1105374353463846,47,-0.18891436868410677,119,-0.01425778581556042,0.16694435188270576,1665,-0.11853158180135617,459,-0.1908546427155966,286,-0.3367770683242485,319,-0.18727499312980433,601,0.2770476152582766,0.2575808063978674,True,0.11853158180135617,True,7,5,0.7142857142857143,False,0.2575808063978674,0.979740987238488,False
mark_index_bps_change_15m|HIGH_2P|4h|return_atr,mark_index_bps_change_15m,HIGH_2P,HIGH,4h,return_atr,-1,True,0.23550006675016097,2.30422813196962,2108,-0.2477725442179874,1228,-0.27142121075351944,880,-0.23282011484330914,2.289406170451257,2108,-0.23550006675016097,1567,-0.33377081449747864,541,-0.1688843410177999,502,-0.40270633444878084,244,-0.619570013321948,92,-0.15790315683348172,47,0.23822991292104048,119,-0.027001636916906713,0.09930023325558147,1665,0.020658624620414033,459,0.15836830658878878,286,-0.2750665090319561,319,-0.1988865874559049,601,0.32937909926110726,0.5808063978673775,False,0.020658624620414033,False,7,5,0.7142857142857143,False,0.5808063978673775,0.979740987238488,False
mark_index_bps_change_15m|LOW_1P|30m|excursion_bias_atr,mark_index_bps_change_15m,LOW_1P,LOW,30m,excursion_bias_atr,-1,True,0.17201211088654336,-2.978969789757313,1054,-0.17201211088654336,636,-0.2702375976773122,418,-0.016130109089132913,-2.8954131459546506,1054,-0.22239551258547155,818,-0.25903324934106925,236,-0.09974702183472449,200,0.06685801449149872,108,0.07991817211256674,27,0.030346014854500884,20,-0.4947042288755442,45,0.38438005505600603,0.6717760746417861,890,-0.14312949864329513,268,-0.2373529516195755,137,-0.1295611951531107,142,-0.1151554257117478,343,-0.05935018492426206,0.03465511496167944,False,0.06685801449149872,True,5,4,0.8,False,0.6717760746417861,0.979740987238488,False
mark_index_bps_change_15m|LOW_2P|15m|excursion_bias_atr,mark_index_bps_change_15m,LOW_2P,LOW,15m,excursion_bias_atr,-1,True,0.08979994204231388,-2.336595988897461,2108,-0.08979994204231388,1246,-0.12353248442638497,862,-0.03611974548748919,-2.3036680701364887,2108,-0.15375794938728968,1548,-0.17492176945662913,560,-0.0894279894742547,444,0.018234568612219552,225,0.07177372208372994,75,0.18128664529064095,44,-0.19472262664627277,100,-0.09790486841331222,0.5894701766077974,1665,-0.12217975764089486,472,-0.12504103172986222,288,-0.20624385690704083,331,-0.17776216192390654,574,-0.036967406617127635,0.0036654448517160947,False,0.018234568612219552,False,7,5,0.7142857142857143,False,0.5894701766077974,0.979740987238488,False
mark_index_bps_change_15m|LOW_2P|1h|excursion_bias_atr,mark_index_bps_change_15m,LOW_2P,LOW,1h,excursion_bias_atr,-1,True,0.15373705011662375,-2.336595988897461,2108,-0.15373705011662375,1246,-0.1511856355511087,862,-0.15167918030485422,-2.3036680701364887,2108,-0.237529990202132,1548,-0.31706947093977883,560,-0.04336825816368374,444,-0.021269430035359558,225,-0.05035082148555306,75,0.6285955035542381,44,-0.10578043981525034,100,-0.2812264657349631,0.45884705098300566,1665,-0.15056999078559652,472,-0.11501380253815369,288,-0.1311035956595832,331,-0.2279465422055703,574,-0.09901987277422117,0.02332555814728424,True,0.021269430035359558,False,7,6,0.8571428571428571,True,0.45884705098300566,0.979740987238488,False
mark_index_bps_change_15m|LOW_2P|30m|excursion_bias_atr,mark_index_bps_change_15m,LOW_2P,LOW,30m,excursion_bias_atr,-1,True,0.13428622300821288,-2.336595988897461,2108,-0.13428622300821288,1246,-0.1721386776591198,862,-0.07406067907732211,-2.3036680701364887,2108,-0.19934034575426038,1548,-0.21971668750040352,560,-0.146125879888089,444,-0.03271022822571667,225,-0.006713761982578663,75,0.3393974446765076,44,-0.3108239388737057,100,-0.18360779289313486,0.39086971009663446,1665,-0.176423968943718,472,-0.19800736805069427,288,-0.27579960463386755,331,-0.21387755051867946,574,-0.06669291578033071,0.0023325558147284237,True,0.03271022822571667,False,7,6,0.8571428571428571,True,0.39086971009663446,0.979740987238488,False
mark_index_bps_change_1h|HIGH_1P|1h|up_first_touch,mark_index_bps_change_1h,HIGH_1P,HIGH,1h,up_first_touch,-1,True,0.03526951893653618,3.915570436177642,1001,-0.03684656837027944,621,-0.058188825868671024,380,-0.001196914348686795,4.042995400104569,1002,-0.03526951893653618,769,-0.04393674541503639,233,-0.006254320073095954,208,-0.0885329743194701,134,-0.07752920162483673,18,-0.11503704571793166,15,-0.29551222531723925,41,-0.0304757417410087,0.04598467177607464,484,0.026528315036508543,152,-0.08632033113802312,62,0.058866963701322605,86,0.04310868900519793,184,0.10699308323444995,0.8277240919693436,False,0.026528315036508543,True,5,2,0.4,False,0.8277240919693436,0.979740987238488,False
mark_index_bps_change_1h|HIGH_1P|2h|return_atr,mark_index_bps_change_1h,HIGH_1P,HIGH,2h,return_atr,-1,True,0.2933171317932065,3.915570436177642,1054,-0.4052730529735891,654,-0.6171573018847394,400,-0.07672453570469562,4.042995400104569,1054,-0.2933171317932065,812,-0.35810303076571665,242,-0.21384582510974337,220,-0.3735516364995885,139,-0.6696795353068937,20,0.3959684701472567,15,0.3103206030539265,46,0.329942985940183,0.23492169276907698,524,0.15756708093545108,168,-0.14548582281049285,66,0.17297582055283628,91,0.5547213107753534,199,0.3555561597707084,0.8153948683772076,False,0.15756708093545108,True,5,2,0.4,False,0.8153948683772076,0.979740987238488,False
mark_index_bps_change_1h|HIGH_1P|2h|up_first_touch,mark_index_bps_change_1h,HIGH_1P,HIGH,2h,up_first_touch,-1,True,0.0384290572815163,3.915570436177642,1027,-0.039313897891264216,639,-0.05747721291808228,388,-0.008548681460586072,4.042995400104569,1040,-0.0384290572815163,801,-0.048629476600378585,239,-0.0029418673560276942,217,-0.08214804503019857,138,-0.07543464741509842,20,-0.10364203954214357,15,-0.29487208814670784,44,-0.016122529493803606,0.048317227590803064,503,0.025966271514704486,163,-0.07672695093903292,63,0.06536284661284653,89,0.04611650899900965,188,0.09863617377451533,0.8180606464511829,False,0.025966271514704486,True,5,2,0.4,False,0.8180606464511829,0.979740987238488,False
mark_index_bps_change_1h|HIGH_1P|30m|up_first_touch,mark_index_bps_change_1h,HIGH_1P,HIGH,30m,up_first_touch,-1,True,0.035729937429870906,3.915570436177642,905,-0.04821559496585881,549,-0.06542642977712931,356,-0.02122093953173665,4.042995400104569,893,-0.035729937429870906,676,-0.044334671738517906,217,-0.006424007909300533,180,-0.06979120828011581,113,-0.06988455028827872,18,-0.11570338578922273,14,-0.2792526951037184,35,0.04535477441342567,0.11962679106964345,402,0.022064248447894064,117,-0.0943261833640005,53,0.02345430185053654,76,0.037635606070832384,156,0.10544242790208769,0.7870709763412196,False,0.022064248447894064,True,5,2,0.4,False,0.7870709763412196,0.979740987238488,False
mark_index_bps_change_1h|HIGH_1P|4h|excursion_bias_atr,mark_index_bps_change_1h,HIGH_1P,HIGH,4h,excursion_bias_atr,-1,True,0.5509234472236995,3.915570436177642,1054,-0.7219969651842846,654,-0.8883546579126999,400,-0.46641910542344855,4.042995400104569,1054,-0.5509234472236995,812,-0.7497763341668859,242,-0.12196147759102305,220,-1.103571314037607,139,-1.2687452853074344,20,-1.1779963299239222,15,-0.3200187578973485,46,0.0645343502203482,0.05731422859046984,524,0.0858519561210343,168,-0.09152208251118155,66,0.08011055777053898,91,0.9898371127426688,199,0.11936428012491707,0.615461512829057,False,0.0858519561210343,False,5,2,0.4,False,0.615461512829057,0.979740987238488,False
mark_index_bps_change_1h|HIGH_1P|4h|return_atr,mark_index_bps_change_1h,HIGH_1P,HIGH,4h,return_atr,-1,True,0.3031845080780061,3.915570436177642,1054,-0.4753433983627049,654,-0.5946581930566208,400,-0.3089686954507256,4.042995400104569,1054,-0.3031845080780061,812,-0.4388320748508746,242,-0.11853182641361396,220,-0.896985419985554,139,-1.0564689114051473,20,-0.7795874287333219,15,0.005988921484247928,46,-0.050127414711188006,0.05498167277574142,524,0.21781993670659294,168,0.20038640772879318,66,0.046990700540036456,91,0.662772441654551,199,0.3162841607263707,0.8523825391536155,False,0.21781993670659294,True,5,1,0.2,False,0.8523825391536155,0.979740987238488,False
mark_index_bps_change_1h|HIGH_1P|4h|up_first_touch,mark_index_bps_change_1h,HIGH_1P,HIGH,4h,up_first_touch,-1,True,0.03915208842566359,3.915570436177642,1038,-0.04030539331547944,641,-0.05565529735927793,397,-0.014671630814197478,4.042995400104569,1041,-0.03915208842566359,802,-0.04926212987994932,239,-0.003431038530198438,218,-0.0840348287631556,138,-0.07544161562990337,20,-0.10383149139358461,15,-0.29485870972655953,45,-0.02648714437851818,0.032989003665444855,513,0.015739029046445308,163,-0.07679122801596372,63,0.06536935989305981,89,0.04591160605102862,198,0.06882966084942144,0.7270909696767744,False,0.015739029046445308,True,5,2,0.4,False,0.7270909696767744,0.979740987238488,False
mark_index_bps_change_1h|HIGH_2P|15m|up_first_touch,mark_index_bps_change_1h,HIGH_2P,HIGH,15m,up_first_touch,-1,True,0.02503738398129368,3.096997415151313,1411,-0.02503738398129368,843,-0.027654438434454642,568,-0.020746739621995802,3.1912572830346435,1389,-0.034665999831225425,1036,-0.03477490582476539,353,-0.034315090349059774,264,-0.05135278462024928,149,-0.057361432138646806,45,-0.01862948307267137,34,-0.11081448466510258,36,0.0009827725748641214,0.06464511829390203,632,0.00889582576660447,174,-0.05874959842029637,98,0.061254014449003635,139,0.027582449758366157,221,0.029374247813195475,0.6811062979006998,False,0.00889582576660447,True,5,2,0.4,False,0.6811062979006998,0.979740987238488,False
mark_index_bps_change_1h|HIGH_2P|1h|up_first_touch,mark_index_bps_change_1h,HIGH_2P,HIGH,1h,up_first_touch,-1,True,0.02216303584730195,3.096997415151313,2018,-0.02216303584730195,1242,-0.03403423649669035,776,-0.002431314782761651,3.1912572830346435,2022,-0.04727814263868679,1540,-0.04776951862362233,482,-0.04531723745952232,421,-0.0530062979079956,248,-0.043826746160224306,64,0.011699065393179442,44,-0.13187586168087562,65,-0.09389037588735016,0.039986671109630126,973,0.008415296596478994,297,-0.0633936963692831,143,0.06777740809563793,199,0.024235252052995038,334,0.042654369357855326,0.6601132955681439,False,0.008415296596478994,True,7,3,0.42857142857142855,False,0.6601132955681439,0.979740987238488,False
mark_index_bps_change_1h|HIGH_2P|2h|up_first_touch,mark_index_bps_change_1h,HIGH_2P,HIGH,2h,up_first_touch,-1,True,0.02332423513780879,3.096997415151313,2067,-0.02332423513780879,1275,-0.03213246469015263,792,-0.0083404132110807,3.1912572830346435,2085,-0.047200501664471484,1587,-0.04881591651834499,498,-0.040842423555721874,436,-0.04964688238698206,255,-0.044744110330699416,68,0.01106384281079753,45,-0.11709431036893009,68,-0.08163055088417798,0.04298567144285238,1009,0.010530639518771256,314,-0.05464887661602874,148,0.07501535626535616,204,0.02986843673639672,343,0.03641918971645447,0.7134288570476508,False,0.010530639518771256,True,7,3,0.42857142857142855,False,0.7134288570476508,0.979740987238488,False
mark_index_bps_change_1h|HIGH_2P|30m|up_first_touch,mark_index_bps_change_1h,HIGH_2P,HIGH,30m,up_first_touch,-1,True,0.03160381103308407,3.096997415151313,1812,-0.03160381103308407,1099,-0.0394316108408882,713,-0.019085635309980198,3.1912572830346435,1790,-0.04680928205316698,1345,-0.04423238626305542,445,-0.05220664136862846,361,-0.03219502483905701,204,-0.028977036840421688,59,0.03778060667782057,43,-0.12144538613361872,55,-0.042956913898262616,0.19426857714095302,834,0.003362791702842316,240,-0.06248857652639367,126,0.04277146267713139,180,0.009273032971417128,288,0.041072769782429575,0.5698100633122293,False,0.003362791702842316,False,7,3,0.42857142857142855,False,0.5698100633122293,0.979740987238488,False
mark_index_bps_change_1h|HIGH_2P|4h|up_first_touch,mark_index_bps_change_1h,HIGH_2P,HIGH,4h,up_first_touch,-1,True,0.023824193311041575,3.096997415151313,2084,-0.023824193311041575,1282,-0.03147433012058837,802,-0.01076766277459873,3.1912572830346435,2092,-0.04755195764980641,1592,-0.049666270282711256,500,-0.03915488790258337,437,-0.050654609167497144,255,-0.044751078545504364,68,0.010874390959356495,45,-0.11708093194878177,69,-0.08735670959590947,0.0396534488503832,1021,0.006506021617654567,314,-0.05471315369295954,149,0.07783340591415289,204,0.029663533788415686,354,0.022947106492290814,0.6287904031989336,False,0.006506021617654567,True,7,3,0.42857142857142855,False,0.6287904031989336,0.979740987238488,False
mark_index_bps_change_1h|LOW_1P|15m|excursion_bias_atr,mark_index_bps_change_1h,LOW_1P,LOW,15m,excursion_bias_atr,-1,True,0.10001721814547103,-4.064759793515438,1054,-0.10001721814547103,649,-0.13335174054349228,405,-0.03998700646748829,-4.044371822401871,1054,-0.14164544199437423,823,-0.13543462386304,231,-0.15532525321991364,184,0.06774216556094619,127,-0.025277173282494195,14,0.2365699995983179,12,0.31320183402071866,31,0.35716927107919355,0.6951016327890703,522,0.09300344430963106,177,0.26897573732262176,67,0.05013430979390592,78,0.03586893410199512,200,-0.009288878092547935,0.8937020993002333,False,0.06774216556094619,True,5,2,0.4,False,0.8937020993002333,0.979740987238488,False
mark_index_bps_change_1h|LOW_1P|1h|return_atr,mark_index_bps_change_1h,LOW_1P,LOW,1h,return_atr,1,True,0.08045371213610135,-4.064759793515438,1054,0.11103341554923499,649,0.0006295574585702401,405,0.27919004267918146,-4.044371822401871,1054,0.08045371213610135,823,0.028279610532440706,231,0.1946443110336117,184,-0.04133584195204351,127,-0.19760302465408364,14,0.4678635041629817,12,0.58669553478867,31,0.3837306392133283,0.5244918360546484,522,0.20931668645503743,177,0.4674185624123759,67,-0.03233794215615851,78,0.6171269505320113,200,-0.021098017535494673,0.06597800733088971,False,0.04133584195204351,True,5,2,0.4,False,0.5244918360546484,0.979740987238488,False
mark_index_bps_change_1h|LOW_1P|30m|excursion_bias_atr,mark_index_bps_change_1h,LOW_1P,LOW,30m,excursion_bias_atr,-1,True,0.12642255309713266,-4.064759793515438,1054,-0.12642255309713266,649,-0.16654217274011118,405,-0.05472616478510428,-4.044371822401871,1054,-0.2660439279317146,823,-0.27624998723882555,231,-0.2341931415899396,184,0.016269512556807406,127,-0.08682524991685883,14,0.30193630440214114,12,0.25148449337916867,31,0.36754027330707173,0.5428190603132289,522,0.09962502895478945,177,0.39722762980922155,67,0.02788049591577972,78,0.21896511429264054,200,-0.1492159434575388,0.7364211929356881,False,0.016269512556807406,False,5,2,0.4,False,0.7364211929356881,0.979740987238488,False
oi_accel_15m_pctpt|HIGH_1P|2h|excursion_bias_atr,oi_accel_15m_pctpt,HIGH_1P,HIGH,2h,excursion_bias_atr,-1,True,0.25898239833863934,1.7728416459399967,1054,-0.25898239833863934,606,-0.3274501490051365,448,-0.16659871616192606,1.5456563568409836,1054,-0.2856284738478805,589,-0.4331641444681824,465,-0.11103070751850305,748,-0.08077801422998881,155,0.21431481162337607,243,0.5653520034772346,105,-0.5306782232086154,245,-0.7176314600644856,0.3515494835054982,1949,0.139643433942447,204,0.19616051615410215,715,0.27477826900314123,403,0.19981234339290166,627,-0.16910374051278307,0.8180606464511829,False,0.08077801422998881,True,8,3,0.375,False,0.8180606464511829,0.979740987238488,False
oi_accel_15m_pctpt|LOW_1P|4h|return_atr,oi_accel_15m_pctpt,LOW_1P,LOW,4h,return_atr,1,True,0.15933609256007691,-1.660052596726,1054,0.23122150708875014,598,0.14978001704492244,456,0.3237151729069063,-1.531922927613,1054,0.15933609256007691,558,0.18401378215736605,496,0.1161100032976986,831,-0.3968530825052687,175,-0.33716827573625385,285,-0.22564461304089575,110,-0.00602190328661012,261,-0.8359115769948854,0.9476841052982339,1890,-0.10207357511906766,203,-0.3601655005489413,702,0.09163651135734127,358,0.33244532658795567,627,-0.5869208549315654,0.7174275241586138,False,0.10207357511906766,True,8,2,0.25,False,0.9476841052982339,0.979740987238488,False
oi_change_15m_pct|LOW_1P|15m|excursion_bias_atr,oi_change_15m_pct,LOW_1P,LOW,15m,excursion_bias_atr,-1,True,0.10775882904899167,-1.3201893063919998,1054,-0.10775882904899167,575,-0.02802103554148416,479,-0.20119802659876915,-1.1352306397279999,1054,-0.11503328583071284,563,-0.11016503103810897,491,-0.12009775800599323,785,-0.053468338892722574,174,-0.19329193135723188,260,-0.06341364380763101,117,0.12884280950429994,234,-0.03794636762666774,0.26824391869376873,1879,-0.05259325329465303,216,-0.16096222953731348,625,-0.06482287272438945,411,-0.044192563564333084,627,-0.02699660036651882,0.09996667777407531,True,0.05259325329465303,True,8,7,0.875,True,0.26824391869376873,0.979740987238488,False
oi_change_15m_pct|LOW_2P|15m|excursion_bias_atr,oi_change_15m_pct,LOW_2P,LOW,15m,excursion_bias_atr,-1,True,0.08635491061564513,-0.959308146068,2108,-0.08717073207887176,1123,-0.044043401294126996,985,-0.13471089169622938,-0.82235387765,2108,-0.08635491061564513,1086,-0.10236805042970766,1022,-0.06909709192515778,1715,-0.0499391170053456,368,-0.18800859226981215,574,0.002553190217598207,273,-0.021654979470526404,500,-0.033507202683099056,0.18160613128957015,3656,-0.04525489815307268,480,-0.15929859461609977,1129,-0.04133889871358111,913,-0.01214309569286205,1134,-0.04556544899680458,0.05764745084971676,True,0.04525489815307268,True,8,7,0.875,True,0.18160613128957015,0.979740987238488,False
oi_change_15m_pct|LOW_2P|1h|excursion_bias_atr,oi_change_15m_pct,LOW_2P,LOW,1h,excursion_bias_atr,-1,True,0.18596139196359301,-0.959308146068,2108,-0.18596139196359301,1123,-0.1307936732123064,985,-0.24695696480862284,-0.82235387765,2108,-0.19769347116413838,1086,-0.2266683398914962,1022,-0.1679690100380421,1715,-0.06102983300692409,368,-0.16817123768376885,574,0.10539250192238443,273,-0.27442317370916697,500,-0.07313531064768641,0.2949016994335222,3656,-0.007032139912894628,480,-0.032224200201338454,1129,-0.028281526405996377,913,0.001479908790530289,1134,-0.033033031730258844,0.44918360546484504,True,0.007032139912894628,False,8,6,0.75,True,0.44918360546484504,0.979740987238488,False
oi_change_1h_pct|HIGH_2P|30m|excursion_bias_atr,oi_change_1h_pct,HIGH_2P,HIGH,30m,excursion_bias_atr,-1,True,0.11431372915089215,1.7621712471879998,2108,-0.11431372915089215,1090,-0.11122273907097016,1018,-0.11663648200157312,1.7665397539519994,2108,-0.1148476521763053,1243,-0.04527835850966577,865,-0.21560355841415157,2360,-0.09748446592064434,438,0.25572898019468293,674,0.038351781421979224,538,-0.05747209158430991,710,-0.48423720809159476,0.1956014661779407,3606,0.0018165851156465573,417,0.2726531006954267,1141,0.15629025030947424,807,0.006287990685310543,1241,-0.2619049929982841,0.510163278907031,False,0.0018165851156465573,False,8,3,0.375,False,0.510163278907031,0.979740987238488,False
oi_change_1h_pct|LOW_2P|2h|excursion_bias_atr,oi_change_1h_pct,LOW_2P,LOW,2h,excursion_bias_atr,-1,True,0.19410254815713598,-1.9234482683920002,2108,-0.19410254815713598,1082,-0.11859971856945785,1026,-0.2737679133257103,-1.7289938420519997,2108,-0.22809391284718986,1102,-0.053926108259228306,1006,-0.4235806358942883,1750,-0.20845355962620174,410,-0.8150371885123776,623,0.3494762253004757,243,-0.11893520267656188,474,-0.49727161220367333,0.18527157614128623,3895,-0.16613592112887032,554,-0.34989733248645527,1277,0.31384977196426983,823,-0.276941639216605,1241,-0.5656882714163896,0.16427857380873043,True,0.16613592112887032,True,8,6,0.75,True,0.18527157614128623,0.979740987238488,False
perp_spot_basis_bps_change_1h|HIGH_1P|15m|excursion_bias_atr,perp_spot_basis_bps_change_1h,HIGH_1P,HIGH,15m,excursion_bias_atr,1,True,0.09662190351382267,3.3504476139985067,1054,0.09662190351382267,678,0.007544236596316678,376,0.2660220024362603,3.438113879577143,1054,0.10545472152107974,758,0.061967997102609126,296,0.2219752627659629,203,-0.10336159107929306,73,-0.018211554460263034,34,-0.21641578018687943,61,-0.35549856270870034,35,0.2921912392146334,0.769076974341886,292,-0.17452106718150937,84,-0.3237741439285676,38,0.13545478121721116,95,-0.15893986321261216,75,-0.17638376896729874,0.9056981006331223,False,0.10336159107929306,True,5,0,0.0,False,0.9056981006331223,0.979740987238488,False
perp_spot_basis_bps_change_1h|HIGH_1P|15m|return_atr,perp_spot_basis_bps_change_1h,HIGH_1P,HIGH,15m,return_atr,1,True,0.09012643331126804,3.3504476139985067,1054,0.09012643331126804,678,0.028687574433649665,376,0.1974580667068967,3.438113879577143,1054,0.11975692751690645,758,0.08983968180576957,296,0.18548259022726585,203,-0.06488203319873885,73,-0.020645439980380452,34,-0.1783983928736345,61,-0.2521135042946732,35,0.2892056696662179,0.7064311896034655,292,-0.1279603150220259,84,-0.17618294049777464,38,-0.04314066172536317,95,-0.12196255994823399,75,-0.12232196939576316,0.9336887704098634,False,0.06488203319873885,True,5,0,0.0,False,0.9336887704098634,0.979740987238488,False
perp_spot_basis_bps_change_1h|HIGH_1P|30m|excursion_bias_atr,perp_spot_basis_bps_change_1h,HIGH_1P,HIGH,30m,excursion_bias_atr,1,True,0.1355410032644261,3.3504476139985067,1054,0.1355410032644261,678,0.005676159226300381,376,0.37954119984627094,3.438113879577143,1054,0.18311109893763783,758,0.14367729473653407,296,0.2813386750400989,203,-0.28770341998750026,73,-0.13041314393115913,34,-0.09856907695417585,61,-0.9266881031405612,35,0.35052288295814044,0.8710429856714429,292,-0.22603069358776826,84,-0.5773581241196561,38,0.09100433820467702,95,-0.11667138054506859,75,-0.11810314184861789,0.8640453182272576,False,0.22603069358776826,True,5,0,0.0,False,0.8710429856714429,0.979740987238488,False
perp_taker_imbalance_change_15m|HIGH_1P|15m|up_first_touch,perp_taker_imbalance_change_15m,HIGH_1P,HIGH,15m,up_first_touch,1,True,0.0258795823840835,0.7790792826476247,698,0.0258795823840835,304,0.013649332558864913,394,0.03513550817953426,0.7569282594983345,678,0.05533317191645071,241,0.044896348120347485,437,0.06108167228050959,1084,0.007212573760607299,208,-0.017641504415363385,248,0.04086872481263326,464,0.008987746572220012,164,-0.011212349376355402,0.31422859046984336,489,0.014933722792309145,176,0.061417590712409986,112,2.9524653085311048e-05,109,0.016164061533166574,92,-0.04986045610181539,0.2572475841386205,True,0.007212573760607299,True,8,5,0.625,False,0.31422859046984336,0.979740987238488,False
perp_taker_imbalance_change_15m|HIGH_1P|2h|excursion_bias_atr,perp_taker_imbalance_change_15m,HIGH_1P,HIGH,2h,excursion_bias_atr,1,True,0.21663045361747052,0.7790792826476247,1053,0.2807160293397425,464,0.24600170190739884,589,0.3081913608839893,0.7569282594983345,1054,0.21663045361747052,363,0.3356213857837419,691,0.17466619738638067,1568,0.5001756581167233,300,-0.07935419456217455,340,0.5735688956906889,676,0.506460963790085,252,0.9081707418002318,0.0013328890369876708,780,0.31140618103149487,263,0.47647232104322346,178,0.2425335924326052,190,0.32855179890646846,149,0.18894727538495043,0.030989670109963344,True,0.31140618103149487,True,8,7,0.875,True,0.030989670109963344,0.979740987238488,False
perp_taker_imbalance_change_15m|HIGH_2P|1h|excursion_bias_atr,perp_taker_imbalance_change_15m,HIGH_2P,HIGH,1h,excursion_bias_atr,1,True,0.13907471111108005,0.69091559552512,2107,0.13907471111108005,901,0.03004083383066473,1206,0.2174870096535288,0.666123212386047,2108,0.15419445137505763,756,0.13435178190073738,1352,0.1715159264443039,2748,0.13994383575498245,560,0.03606869243737901,638,-0.040922071190691335,1068,0.22211424339036998,482,0.2610322579401435,0.03165611462845718,1676,0.2620815956928379,557,0.36415587273920147,388,0.1970559829840538,400,0.19897574447192312,331,0.30119620810375214,0.0023325558147284237,True,0.13994383575498245,True,8,7,0.875,True,0.03165611462845718,0.979740987238488,False
perp_taker_imbalance_change_15m|LOW_2P|4h|excursion_bias_atr,perp_taker_imbalance_change_15m,LOW_2P,LOW,4h,excursion_bias_atr,1,True,0.2984324278790784,-0.6894390386735852,2108,0.3793265623308589,939,0.3510094391802357,1169,0.40681779464076423,-0.6615577790436608,2104,0.2984324278790784,771,0.8826707651720231,1333,0.0019450039726520707,2791,0.5008012203193916,621,0.31275097164316723,653,0.2728279276923835,1045,0.4881231408526643,472,0.8822213687395972,0.009663445518160613,1677,-0.041593203972866394,491,0.11327330261313373,430,-0.3506817041568006,421,0.0611396252425363,335,0.0504913204176376,0.5761412862379207,False,0.041593203972866394,False,8,7,0.875,True,0.5761412862379207,0.979740987238488,False
perp_trade_shock_1h|HIGH_1P|30m|return_atr,perp_trade_shock_1h,HIGH_1P,HIGH,30m,return_atr,1,True,0.11259130890461164,1.6756102854367219,1054,0.1674203965059096,544,0.06791254519054603,510,0.27290537672992365,1.5430875504560633,1054,0.11259130890461164,549,0.0013920138849050495,505,0.23207311227166758,931,0.02392556943814324,227,-0.07396353078371015,232,-0.1459617354033697,215,0.6054500997159622,257,-0.2192975110373658,0.42719093635454847,1200,-0.12547383786527702,197,-0.3050952841850488,318,-0.24286603580493002,315,0.191583580260636,370,-0.21094613144871185,0.9236921026324558,False,0.02392556943814324,False,8,2,0.25,False,0.9236921026324558,0.979740987238488,False
perp_volume_shock_1h|HIGH_1P|15m|return_atr,perp_volume_shock_1h,HIGH_1P,HIGH,15m,return_atr,1,True,0.09915418910981416,2.062425311794491,1054,0.20277508357421273,541,0.19548138655344036,513,0.21018833177551072,2.0529587419428075,1054,0.09915418910981416,497,0.078850343686835,557,0.11794023970448103,1007,-0.002028411402175301,232,-0.10698628027153062,223,-0.10840561342102376,248,0.15830315315884663,304,0.028150179853677085,0.5168277240919693,1102,-0.062274473767131244,243,-0.2779877647769804,275,-0.10886802760383801,268,0.1331229251178201,316,-0.021779937496407685,0.8447184271909364,False,0.002028411402175301,False,8,3,0.375,False,0.8447184271909364,0.979740987238488,False
perp_volume_shock_1h|HIGH_1P|15m|up_first_touch,perp_volume_shock_1h,HIGH_1P,HIGH,15m,up_first_touch,1,True,0.022739560896782862,2.062425311794491,909,0.02660931151745538,470,0.03995112427219083,439,0.012391153797748244,2.0529587419428075,914,0.022739560896782862,417,0.0036314347398485602,497,0.03876930839467746,882,-0.02213200539947008,214,-0.049677809232042014,198,-0.027720392163580465,219,0.013681889226920041,251,-0.024913641767765338,0.9120293235588137,941,-0.00755247189680236,213,-0.0755862505167833,233,0.0193428293741153,221,0.02276458459348457,274,-0.0028119000878515377,0.6791069643452182,False,0.00755247189680236,True,8,3,0.375,False,0.9120293235588137,0.979740987238488,False
perp_volume_shock_1h|HIGH_1P|1h|up_first_touch,perp_volume_shock_1h,HIGH_1P,HIGH,1h,up_first_touch,1,True,0.02010427982685431,2.062425311794491,986,0.02492634431541213,510,0.04498442410764797,476,0.0035355049348160805,2.0529587419428075,1003,0.02010427982685431,467,0.008039875408469788,536,0.030594696645884267,946,-0.01832846952194206,222,-0.04498919893558029,208,-0.013541319222205195,234,0.008761278956264995,282,-0.022259170213591306,0.8693768743752083,1047,-0.010203946363635141,232,-0.07815336199101769,263,-0.007550306015346175,252,0.024374838875999005,300,0.010398880335899252,0.7514161946017994,False,0.010203946363635141,True,8,3,0.375,False,0.8693768743752083,0.979740987238488,False
perp_volume_shock_1h|HIGH_1P|2h|up_first_touch,perp_volume_shock_1h,HIGH_1P,HIGH,2h,up_first_touch,1,True,0.021665196290998168,2.062425311794491,987,0.02482566126580099,511,0.04445554037488708,476,0.0038614372260638574,2.0529587419428075,1012,0.021665196290998168,470,0.010812178777207915,542,0.031009560024354843,952,-0.015802151834210465,222,-0.04527405203711171,208,-0.01325742415752823,237,0.01145702577734281,285,-0.016202274310390563,0.8387204265244919,1052,-0.010291467223966178,233,-0.07575272834233476,264,-0.006065724815724871,254,0.02311376636431084,301,0.007874881627770447,0.7380873042319227,False,0.010291467223966178,True,8,3,0.375,False,0.8387204265244919,0.979740987238488,False
perp_volume_shock_1h|HIGH_1P|30m|return_atr,perp_volume_shock_1h,HIGH_1P,HIGH,30m,return_atr,1,True,0.10882132955177967,2.062425311794491,1054,0.19141632602611094,541,0.07336708551806405,513,0.31535423736649404,2.0529587419428075,1054,0.10882132955177967,497,0.028639663667813512,557,0.18175116839447877,1007,0.06317257079982613,232,-0.21075926155534405,223,0.02211557092439246,248,0.36170097322214273,304,0.06451937407784952,0.2975674775074975,1102,-0.042686708561368455,243,-0.22485559952275014,275,-0.024174987820156313,268,0.2030161110141424,316,-0.12762371064669056,0.6947684105298234,False,0.042686708561368455,True,8,4,0.5,False,0.6947684105298234,0.979740987238488,False
perp_volume_shock_1h|HIGH_1P|30m|up_first_touch,perp_volume_shock_1h,HIGH_1P,HIGH,30m,up_first_touch,1,True,0.022589874257401943,2.062425311794491,974,0.025674611167078254,505,0.04545383857757507,469,0.004449264823693289,2.0529587419428075,980,0.022589874257401943,454,0.011845762534088533,526,0.03171269899963747,932,-0.019028213525704718,220,-0.04466331135022561,207,-0.016669569364101966,233,0.008607513357348495,272,-0.023237662561364225,0.8737087637454182,1019,-0.012065885963464251,228,-0.0795938396842884,255,-0.006808369255641766,245,0.024692534105204,291,0.004596538396404393,0.777407530823059,False,0.012065885963464251,True,8,3,0.375,False,0.8737087637454182,0.979740987238488,False
perp_volume_shock_1h|HIGH_1P|4h|up_first_touch,perp_volume_shock_1h,HIGH_1P,HIGH,4h,up_first_touch,1,True,0.021381831148476527,2.062425311794491,987,0.024830389198239378,511,0.044524521966567476,476,0.003802005491710281,2.0529587419428075,1012,0.021381831148476527,470,0.0107368089432055,542,0.0305203888501841,952,-0.015786428485613402,222,-0.04528102025191666,208,-0.013446876008969266,237,0.011470404197491124,285,-0.015960828589044518,0.8403865378207265,1052,-0.010287698100954201,233,-0.07581700541926556,264,-0.006059211535511588,254,0.022908863416329805,301,0.008156483897174716,0.757080973008997,False,0.010287698100954201,True,8,3,0.375,False,0.8403865378207265,0.979740987238488,False
perp_volume_shock_1h|HIGH_2P|15m|return_atr,perp_volume_shock_1h,HIGH_2P,HIGH,15m,return_atr,1,True,0.07921774797096544,1.7421354876928916,2108,0.11496219723439441,1098,0.11604985358787878,1010,0.11336315105707079,1.7379331745002817,2108,0.07921774797096544,997,0.08288492018160165,1111,0.07656081015553924,2036,-0.004948541357384545,484,-0.1764938788611825,493,-0.006247877813616593,498,0.16184497971378972,561,-0.0026618852276531907,0.530489836721093,2171,-0.07356399453269223,476,-0.2321058648730275,559,-0.1013925276448146,538,0.060197333279904515,598,-0.043132334911715045,0.9666777740753082,False,0.004948541357384545,False,8,2,0.25,False,0.9666777740753082,0.979740987238488,False
premium_index_change_15m|LOW_1P|2h|return_atr,premium_index_change_15m,LOW_1P,LOW,2h,return_atr,1,True,0.13173852523825078,-0.000393975,1054,0.30756671590673024,572,0.25462066150164403,482,0.36493176801183064,-0.0003853719999999999,1054,0.13173852523825078,832,0.11111844366311045,222,0.04823765295060092,234,-0.2501286746717603,130,-0.2849090230364359,20,-0.46984525199152943,15,-1.0872370330752732,69,0.32322222001877976,0.8217260913028991,934,0.05139544471267299,241,0.2970919880889534,163,-0.017358461491088176,141,0.11140114156945147,389,0.0037881244263971298,0.32022659113628793,False,0.05139544471267299,True,6,4,0.6666666666666666,False,0.8217260913028991,0.979740987238488,False
premium_index_change_15m|LOW_1P|4h|return_atr,premium_index_change_15m,LOW_1P,LOW,4h,return_atr,1,True,0.384342891668982,-0.000393975,1054,0.4030666544520527,572,0.36927683996539457,482,0.43440354845067075,-0.0003853719999999999,1054,0.384342891668982,832,0.3320651702816003,222,0.26490507288786125,234,-0.21067827390268934,130,0.019550198917977657,20,-0.9310096624960226,15,0.1953290828204899,69,-0.019158389030195955,0.7564145284905032,934,-0.06060685650374411,241,0.35741396803454084,163,-0.035325645749238826,141,0.14938939570341803,389,-0.23524843330949485,0.6304565144951683,False,0.06060685650374411,False,6,3,0.5,False,0.7564145284905032,0.979740987238488,False
premium_index_change_15m|LOW_2P|4h|return_atr,premium_index_change_15m,LOW_2P,LOW,4h,return_atr,1,True,0.2391672204427019,-0.000314496,2108,0.2624137395296394,1154,0.25232570321552744,954,0.26483472106962724,-0.00030953999999999997,2108,0.2391672204427019,1564,0.21380045760813818,544,0.09652939081119054,517,0.01070572718999907,279,0.16883690325466139,56,-0.1623859658788381,44,-0.23290764126956762,138,0.32901961310479877,0.46117960679773407,1957,-0.17521026731608388,514,0.3202046906498245,368,-0.2617790914085095,347,-0.25063761465608125,728,-0.29473596697987814,0.90703098967011,False,0.01070572718999907,False,7,3,0.42857142857142855,False,0.90703098967011,0.979740987238488,False
premium_index_change_1h|LOW_2P|1h|return_atr,premium_index_change_1h,LOW_2P,LOW,1h,return_atr,1,True,0.05290368255804171,-0.0003839714,2108,0.05290368255804171,1249,0.016298884892227555,859,0.09948616310334343,-0.0003826004,2108,0.10352205225049668,1592,0.09652425372024603,516,0.06671986782829883,435,-0.11495575534118256,275,-0.027470152557868208,30,-0.1178490468080622,43,-0.445244386051489,87,-0.02521425086366539,0.7387537487504166,1313,-0.07824168701439971,363,0.23795431070280826,237,-0.29181624042969373,219,0.1652301294388239,494,-0.26552016024384223,0.8220593135621459,False,0.07824168701439971,True,6,2,0.3333333333333333,False,0.8220593135621459,0.979740987238488,False
range_atr|HIGH_1P|1h|excursion_bias_atr,range_atr,HIGH_1P,HIGH,1h,excursion_bias_atr,-1,True,0.15162621157001305,2.756326794208996,1054,-0.15162621157001305,568,-0.08209152078614726,486,-0.23063150609322958,2.7163492974839953,1054,-0.17382317723749469,554,-0.16611064167724832,500,-0.18409070042782705,1027,0.05936176413606527,235,0.034672845227245515,277,0.2288424486596473,253,0.5626971544314452,262,-0.5943134963847744,0.6287904031989336,1100,-0.12846288244098575,241,-0.6442742159653583,290,-0.2063243769781859,236,0.3857280798626128,333,-0.049792534618081474,0.17660779740086638,False,0.05936176413606527,True,8,4,0.5,False,0.6287904031989336,0.979740987238488,False
spot_taker_imbalance_change_15m|HIGH_1P|1h|return_atr,spot_taker_imbalance_change_15m,HIGH_1P,HIGH,1h,return_atr,1,True,0.08171078569150464,0.8872342111741437,1054,0.08171078569150464,392,0.2115665119874124,662,0.010487746491555275,0.8325952829679013,1054,0.123881579589826,481,0.1991169848391392,573,0.06489454574111665,2313,0.056093011058858035,406,-0.11726500215925174,606,0.15100978713812507,800,0.0576009925194722,501,0.027655287095267593,0.19826724425191602,1259,0.08710293462736343,227,0.3656701022379097,192,-0.01503561738221371,390,0.05883308278303795,450,0.003090406629955373,0.1429523492169277,True,0.056093011058858035,True,8,6,0.75,True,0.19826724425191602,0.979740987238488,False
spot_taker_imbalance_change_15m|LOW_1P|15m|up_first_touch,spot_taker_imbalance_change_15m,LOW_1P,LOW,15m,up_first_touch,1,True,0.02238140671258637,-0.887198885936469,695,0.02238140671258637,241,0.001706222709552896,454,0.032977588726952556,-0.8364390995611686,653,0.031815664790275644,283,0.04319554317041863,370,0.023107771606380056,1578,0.004846086217404844,312,0.044858495584636615,400,-0.010018371961560246,553,-0.004921494557667161,313,0.0025802166643209556,0.35321559480173276,839,0.021821852833184663,173,0.013072871847459921,137,-0.03281719067538186,226,-0.02414607892311338,303,0.08534545579372205,0.12662445851382872,True,0.004846086217404844,False,8,4,0.5,False,0.35321559480173276,0.979740987238488,False
spot_trade_shock_1h|HIGH_1P|15m|return_atr,spot_trade_shock_1h,HIGH_1P,HIGH,15m,return_atr,1,True,0.09277402720840194,1.4848728668700883,1054,0.17639473965292862,582,0.17687059909675318,472,0.17477230805883856,1.4807286514092406,1054,0.09277402720840194,573,0.0994589624996891,481,0.0834090484835138,823,-0.014985712196574215,170,-0.19120603375637835,223,-0.12953544962293378,235,0.3196943767040107,195,-0.1399146536552368,0.5621459513495501,917,-0.10386908333449313,184,-0.19445685737585747,258,-0.21631694951442373,236,0.10323843548829062,239,-0.12283699102119568,0.9193602132622459,False,0.014985712196574215,False,8,2,0.25,False,0.9193602132622459,0.979740987238488,False
spot_trade_shock_1h|HIGH_1P|15m|up_first_touch,spot_trade_shock_1h,HIGH_1P,HIGH,15m,up_first_touch,1,True,0.0212641761431539,1.4848728668700883,916,0.028066116586608514,509,0.030303504826469152,407,0.02548210766318959,1.4807286514092406,901,0.0212641761431539,480,0.005459971910112382,421,0.039285469494291736,724,-0.03423408379989101,149,-0.06407284153461995,197,-0.030361011555468886,207,-0.0004138026531673167,171,-0.05457278298069146,0.9803398867044318,799,-0.00365546461219185,164,-0.032817442547013465,221,-0.03390712693062509,203,0.03934840645114007,211,0.006857038231586621,0.587137620793069,False,0.00365546461219185,False,8,2,0.25,False,0.9803398867044318,0.980339886704432,False
spot_trade_shock_1h|HIGH_1P|1h|up_first_touch,spot_trade_shock_1h,HIGH_1P,HIGH,1h,up_first_touch,1,True,0.020555213308714848,1.4848728668700883,991,0.027336473612964374,554,0.036298928248654605,437,0.016308806475111848,1.4807286514092406,1006,0.020555213308714848,542,0.004827883973780256,464,0.038958052281499234,767,-0.02782567314606721,159,-0.055188077058986706,207,-0.02083414716720705,220,0.013578683773669775,181,-0.06295114936801316,0.9453515494835055,867,-0.009222397499356605,175,-0.04192183489742163,247,-0.04006212079652255,221,0.016959052048447498,224,0.021589356526375447,0.7147617460846385,False,0.009222397499356605,True,8,3,0.375,False,0.9453515494835055,0.979740987238488,False
spot_trade_shock_1h|HIGH_1P|2h|up_first_touch,spot_trade_shock_1h,HIGH_1P,HIGH,2h,up_first_touch,1,True,0.020677053998508055,1.4848728668700883,994,0.028193385340747112,555,0.03586965507667306,439,0.018844879350066124,1.4807286514092406,1012,0.020677053998508055,544,0.002590964759686065,468,0.04179582173312579,770,-0.02936212127653287,159,-0.05547293016051813,207,-0.020550252102530087,223,0.007370064319659864,181,-0.06245603024719387,0.955348217260913,870,-0.010378875991065517,176,-0.03890625936067266,247,-0.04047868028131191,222,0.013572729264218708,225,0.018447048479007078,0.7394201932689104,False,0.010378875991065517,True,8,3,0.375,False,0.955348217260913,0.979740987238488,False
spot_trade_shock_1h|HIGH_1P|30m|return_atr,spot_trade_shock_1h,HIGH_1P,HIGH,30m,return_atr,1,True,0.14071860255299629,1.4848728668700883,1054,0.14071860255299629,582,0.07519663831732042,472,0.21944728404787406,1.4807286514092406,1054,0.19293716620558501,573,0.14132359487351207,481,0.2515246851665065,823,0.030267896090976156,170,-0.0964056339488806,223,-0.14073768341298373,235,0.5116080768250268,195,-0.2567167016261746,0.4241919360213262,917,-0.08241204631563376,184,-0.19692219954249113,258,-0.1621154323750105,236,0.1707291678234175,239,-0.1695834915791729,0.785404865044985,False,0.030267896090976156,False,8,2,0.25,False,0.785404865044985,0.979740987238488,False
spot_trade_shock_1h|HIGH_1P|4h|up_first_touch,spot_trade_shock_1h,HIGH_1P,HIGH,4h,up_first_touch,1,True,0.020393688855986414,1.4848728668700883,994,0.0281981132731855,555,0.03593863666835345,439,0.018785447615712547,1.4807286514092406,1012,0.020393688855986414,544,0.0025155949256836507,468,0.04130665055895505,770,-0.029346397927935808,159,-0.05547989837532308,207,-0.020739703953971123,223,0.007383442739808177,181,-0.06221458452584783,0.9586804398533822,870,-0.01037510686805354,176,-0.038970536437603454,247,-0.040472167001098625,222,0.013367826316237674,225,0.018728650748411346,0.728757080973009,False,0.01037510686805354,True,8,3,0.375,False,0.9586804398533822,0.979740987238488,False
spot_trade_shock_1h|HIGH_2P|1h|return_atr,spot_trade_shock_1h,HIGH_2P,HIGH,1h,return_atr,1,True,0.05564409549939827,1.2275612061520542,2108,0.05564409549939827,1146,0.048331979152996724,962,0.06146666489176105,1.2205190610081582,2108,0.08918436679940563,1060,0.07042906469528565,1048,0.10753154825959932,1775,-0.07535782543915111,387,0.00635524867697413,470,-0.07800992547164227,504,0.2060138207289969,414,-0.5134315088330661,0.7017660779740087,1806,-0.07209064941200091,391,0.0926939021975766,483,-0.09950742542059395,477,0.14500455527950315,455,-0.43137291397606503,0.7410863045651449,False,0.07209064941200091,True,8,4,0.5,False,0.7410863045651449,0.979740987238488,False
spot_trade_shock_1h|HIGH_2P|30m|return_atr,spot_trade_shock_1h,HIGH_2P,HIGH,30m,return_atr,1,True,0.11206102441272953,1.2275612061520542,2108,0.14728780895079452,1146,0.10875087787532457,962,0.1914856006324687,1.2205190610081582,2108,0.11206102441272953,1060,0.14618561378445227,1048,0.07722375032601855,1775,0.010668383308069292,387,-0.1748216927527082,470,0.021815774595285893,504,0.31077653101994823,414,-0.2048629559685202,0.4571809396867711,1806,-0.06805273472660674,391,-0.21268750624979998,483,-0.0931177301981527,477,0.2507868682868674,455,-0.2610224146134458,0.7984005331556148,False,0.010668383308069292,False,8,3,0.375,False,0.7984005331556148,0.979740987238488,False
spot_volume_shock_1h|HIGH_1P|30m|return_atr,spot_volume_shock_1h,HIGH_1P,HIGH,30m,return_atr,1,True,0.11487642770564346,1.8502171364208622,1054,0.16514252321502335,434,0.11316652732239209,620,0.20396855520234136,1.909476246559508,1054,0.11487642770564346,477,0.15835271667305387,577,0.08126003318215438,1119,0.0323572675277371,260,-0.14967520800517536,286,-0.15389072135850226,242,0.27924238551271646,331,0.15972255125574597,0.38053982005998,1373,-0.007817851041449761,305,-0.12567564465791586,343,0.002614513953912583,306,0.1191327172732709,419,-0.019090183330497685,0.5438187270909697,False,0.007817851041449761,False,8,4,0.5,False,0.5438187270909697,0.979740987238488,False
spot_volume_shock_1h|HIGH_2P|15m|return_atr,spot_volume_shock_1h,HIGH_2P,HIGH,15m,return_atr,1,True,0.0796396572695515,1.5395961592902063,2108,0.11964324640553592,898,0.19591306365992384,1210,0.06408658909597462,1.6107782132848276,2108,0.0796396572695515,970,0.14771364866796644,1138,0.022560982579891767,2355,-0.024139917114577802,536,-0.19542848289072667,619,-0.05337615735624596,538,0.13199829032632238,662,0.01519097424949167,0.7024325224925025,2560,-0.0620503685198597,571,-0.193352474341577,611,-0.10952957889848486,581,0.0827829408497027,797,-0.03479839232943198,0.931356214595135,False,0.024139917114577802,True,8,3,0.375,False,0.931356214595135,0.979740987238488,False
spot_volume_shock_1h|HIGH_2P|2h|return_atr,spot_volume_shock_1h,HIGH_2P,HIGH,2h,return_atr,-1,True,0.08977622454486311,1.5395961592902063,2108,-0.14254188480750163,898,-0.16512147402994412,1210,-0.11893923461122073,1.6107782132848276,2108,-0.08977622454486311,970,-0.02507540153899343,1138,-0.1369435634993012,2355,-0.008315540858178991,536,0.13924002042102535,619,-0.41820276927352606,538,0.04924613297361906,662,0.21078683763074213,0.45284905031656114,2560,0.007073668484806551,571,0.1568722588034626,611,0.14457768402218685,581,-0.07785147060574821,797,-0.12449599972334048,0.5311562812395868,False,0.007073668484806551,False,8,3,0.375,False,0.5311562812395868,0.979740987238488,False
taker_imbalance_diff_change_1h|HIGH_1P|1h|return_atr,taker_imbalance_diff_change_1h,HIGH_1P,HIGH,1h,return_atr,1,True,0.05650486161767262,0.7664929701543137,1053,0.05650486161767262,370,0.0545271803144871,683,0.0639668223400254,0.7767290148479431,1054,0.15727235378170695,382,0.31709524335525424,672,0.07813815429551509,2786,0.023561581651610708,543,-0.37513696256035733,716,0.017997045959329036,947,0.1741271448808407,580,0.11073227456541607,0.3688770409863379,1201,-0.001096763528120737,278,-0.1987115552771369,218,0.32129387412761545,265,-0.05446093248298308,440,0.020393505783430098,0.518160613128957,False,0.001096763528120737,False,8,5,0.625,False,0.518160613128957,0.979740987238488,False
taker_imbalance_diff_change_1h|LOW_2P|2h|return_atr,taker_imbalance_diff_change_1h,LOW_2P,LOW,2h,return_atr,-1,True,0.11127179234412365,-0.6611802988907812,2107,-0.15687902296176418,761,-0.0878156284333993,1346,-0.18418514147334608,-0.6728755126155811,2107,-0.11127179234412365,808,-0.007997968334413463,1299,-0.15410134126964775,4634,0.11318499340420547,837,0.1584536158591448,1204,0.09671240075049137,1570,0.031140725377854672,1023,0.13645479263464133,0.9143618793735422,2374,-0.08882568651394566,536,-0.29012160116872476,433,-0.13412782907923199,573,0.19547540530757662,832,-0.0990391905752701,0.1616127957347551,False,0.08882568651394566,True,8,3,0.375,False,0.9143618793735422,0.979740987238488,False
