candidate_id,lookback_bars,buffer_atr,horizon_bars,session,direction,discovery_pass,confirmation_pass,y2024_e1_net,y2024_stress_net,y2025_e1_net,y2025_stress_net,bh_q
R6B-001,12,0.0,12,ALL,LONG,False,False,-2259.888481774868,-5043.581476111941,,,
R6B-002,12,0.0,12,ALL,SHORT,False,False,-2001.4641711541087,-4482.736064818466,,,
R6B-003,12,0.0,12,UTC00_08,LONG,False,False,-641.6904799767432,-1574.2906890703402,,,
R6B-004,12,0.0,12,UTC00_08,SHORT,False,False,-750.3076776903997,-1566.2115097067858,,,
R6B-005,12,0.0,12,UTC08_16,LONG,False,False,-985.2061144605614,-2048.2501313725634,,,
R6B-006,12,0.0,12,UTC08_16,SHORT,False,False,-636.1316856024076,-1574.5438262858286,,,
R6B-007,12,0.0,12,UTC16_24,LONG,False,False,-818.8463423150507,-1733.4514149177328,,,
R6B-008,12,0.0,12,UTC16_24,SHORT,False,False,-755.0008099521624,-1575.1670332347223,,,
R6B-009,12,0.0,24,ALL,LONG,False,False,-1607.5434977117422,-3655.0432507778532,,,
R6B-010,12,0.0,24,ALL,SHORT,False,False,-1672.6556601863101,-3522.0446205133535,,,
R6B-011,12,0.0,24,UTC00_08,LONG,False,False,-504.35642331814734,-1229.7251708566864,,,
R6B-012,12,0.0,24,UTC00_08,SHORT,False,False,-743.888151614348,-1397.559770489559,,,
R6B-013,12,0.0,24,UTC08_16,LONG,False,False,-831.8031794891193,-1643.6043256010253,,,
R6B-014,12,0.0,24,UTC08_16,SHORT,False,False,-403.05291579106535,-1115.3562454847824,,,
R6B-015,12,0.0,24,UTC16_24,LONG,False,False,-448.28951163437983,-1151.73639285471,,,
R6B-016,12,0.0,24,UTC16_24,SHORT,False,False,-613.8459267885565,-1261.9650728984745,,,
R6B-017,12,0.0,48,ALL,LONG,False,False,-961.9740778320133,-2269.8111693440555,,,
R6B-018,12,0.0,48,ALL,SHORT,False,False,-1474.6464277299049,-2711.407936134555,,,
R6B-019,12,0.0,48,UTC00_08,LONG,False,False,-240.8814630532741,-749.8798490147332,,,
R6B-020,12,0.0,48,UTC00_08,SHORT,False,False,-543.0062369756785,-1008.1715655405444,,,
R6B-021,12,0.0,48,UTC08_16,LONG,False,False,-738.7635992680761,-1311.8159915063559,,,
R6B-022,12,0.0,48,UTC08_16,SHORT,False,False,-246.2425735502449,-773.4558164760849,,,
R6B-023,12,0.0,48,UTC16_24,LONG,False,False,-205.5064343761938,-712.3382870428658,,,
R6B-024,12,0.0,48,UTC16_24,SHORT,False,False,-619.3394218622718,-1111.3509270052168,,,
R6B-025,12,0.0,96,ALL,LONG,False,False,-78.69756340306269,-829.9291259638007,,,
R6B-026,12,0.0,96,ALL,SHORT,False,False,-848.4119503128729,-1579.958044032904,,,
R6B-027,12,0.0,96,UTC00_08,LONG,False,False,-59.13962601649037,-366.24795337421244,,,
R6B-028,12,0.0,96,UTC00_08,SHORT,False,False,-495.7891454200984,-800.8607422154414,,,
R6B-029,12,0.0,96,UTC08_16,LONG,False,False,-377.0082718721989,-692.3711991748988,,,
R6B-030,12,0.0,96,UTC08_16,SHORT,False,False,-163.75688828454884,-478.32350775545984,,,
R6B-031,12,0.0,96,UTC16_24,LONG,False,False,79.17227577265959,-232.82538079803737,,,
R6B-032,12,0.0,96,UTC16_24,SHORT,False,False,-546.6127687750477,-857.1889125877017,,,
R6B-033,12,0.1,12,ALL,LONG,False,False,-1964.1993972613861,-4508.026861226258,,,
R6B-034,12,0.1,12,ALL,SHORT,False,False,-1813.7995965392388,-4075.2625255515577,,,
R6B-035,12,0.1,12,UTC00_08,LONG,False,False,-567.0077823633154,-1409.9277823349073,,,
R6B-036,12,0.1,12,UTC00_08,SHORT,False,False,-669.8807651260079,-1407.5586235170358,,,
R6B-037,12,0.1,12,UTC08_16,LONG,False,False,-878.9205031688368,-1864.745814134798,,,
R6B-038,12,0.1,12,UTC08_16,SHORT,False,False,-576.5030951876911,-1445.067613944599,,,
R6B-039,12,0.1,12,UTC16_24,LONG,False,False,-693.9747918093326,-1511.8242677420087,,,
R6B-040,12,0.1,12,UTC16_24,SHORT,False,False,-684.1333932482429,-1419.790794817083,,,
R6B-041,12,0.1,24,ALL,LONG,False,False,-1337.1330104803906,-3245.206554261763,,,
R6B-042,12,0.1,24,ALL,SHORT,False,False,-1529.3394272561536,-3254.1439340026436,,,
R6B-043,12,0.1,24,UTC00_08,LONG,False,False,-425.07442094159086,-1102.1693779621698,,,
R6B-044,12,0.1,24,UTC00_08,SHORT,False,False,-658.7482957679401,-1256.7367601557303,,,
R6B-045,12,0.1,24,UTC08_16,LONG,False,False,-730.2521213547009,-1499.702823096151,,,
R6B-046,12,0.1,24,UTC08_16,SHORT,False,False,-369.5908269598697,-1050.2818047943867,,,
R6B-047,12,0.1,24,UTC16_24,LONG,False,False,-403.82253965659316,-1050.099991904665,,,
R6B-048,12,0.1,24,UTC16_24,SHORT,False,False,-595.8378940256167,-1197.6001589402517,,,
R6B-049,12,0.1,48,ALL,LONG,False,False,-802.8598362157472,-2051.7306467208514,,,
R6B-050,12,0.1,48,ALL,SHORT,False,False,-1381.3147483395226,-2555.7485677028353,,,
R6B-051,12,0.1,48,UTC00_08,LONG,False,False,-175.63795282496696,-655.343912912341,,,
R6B-052,12,0.1,48,UTC00_08,SHORT,False,False,-451.2911437526475,-885.0886993619084,,,
R6B-053,12,0.1,48,UTC08_16,LONG,False,False,-682.3585153085503,-1238.1719384384824,,,
R6B-054,12,0.1,48,UTC08_16,SHORT,False,False,-209.35358475913668,-718.3546048160987,,,
R6B-055,12,0.1,48,UTC16_24,LONG,False,False,-174.76998086214678,-647.0291835046578,,,
R6B-056,12,0.1,48,UTC16_24,SHORT,False,False,-575.6552687139072,-1038.5846126375782,,,
R6B-057,12,0.1,96,ALL,LONG,False,False,-3.147199666503748,-737.3443007742748,,,
R6B-058,12,0.1,96,ALL,SHORT,False,False,-730.7827662810458,-1433.190790639693,,,
R6B-059,12,0.1,96,UTC00_08,LONG,False,False,-15.554664190423148,-318.2741740819002,,,
R6B-060,12,0.1,96,UTC00_08,SHORT,False,False,-477.7631941703819,-769.0710736917189,,,
R6B-061,12,0.1,96,UTC08_16,LONG,False,False,-291.2411993546264,-604.3853938458244,,,
R6B-062,12,0.1,96,UTC08_16,SHORT,False,False,-170.13119355639472,-482.10832732875974,,,
R6B-063,12,0.1,96,UTC16_24,LONG,False,False,112.19285676195548,-193.65842622119848,,,
R6B-064,12,0.1,96,UTC16_24,SHORT,False,False,-522.8595789872427,-828.6021489425826,,,
R6B-065,12,0.2,12,ALL,LONG,False,False,-1775.9352514089012,-4070.4923990650723,,,
R6B-066,12,0.2,12,ALL,SHORT,False,False,-1716.6301937244523,-3773.01531366002,,,
R6B-067,12,0.2,12,UTC00_08,LONG,False,False,-527.5801624924118,-1286.8725861908608,,,
R6B-068,12,0.2,12,UTC00_08,SHORT,False,False,-608.1945878793562,-1266.3189315320951,,,
R6B-069,12,0.2,12,UTC08_16,LONG,False,False,-804.0154355779922,-1697.6000104509642,,,
R6B-070,12,0.2,12,UTC08_16,SHORT,False,False,-543.7651494253198,-1338.3112525139397,,,
R6B-071,12,0.2,12,UTC16_24,LONG,False,False,-588.641134816476,-1313.717761149163,,,
R6B-072,12,0.2,12,UTC16_24,SHORT,False,False,-672.8706756472952,-1342.1764907628171,,,
R6B-073,12,0.2,24,ALL,LONG,False,False,-1181.133306097204,-2942.692385862425,,,
R6B-074,12,0.2,24,ALL,SHORT,False,False,-1588.2698796277332,-3207.4690547497744,,,
R6B-075,12,0.2,24,UTC00_08,LONG,False,False,-389.33147595099774,-1013.7067380045048,,,
R6B-076,12,0.2,24,UTC00_08,SHORT,False,False,-626.6019415388025,-1175.0448357246166,,,
R6B-077,12,0.2,24,UTC08_16,LONG,False,False,-595.7773638080309,-1310.606554686129,,,
R6B-078,12,0.2,24,UTC08_16,SHORT,False,False,-473.04513510592705,-1117.1779355516542,,,
R6B-079,12,0.2,24,UTC16_24,LONG,False,False,-425.6762494456319,-1020.1237667053439,,,
R6B-080,12,0.2,24,UTC16_24,SHORT,False,False,-638.3516695562337,-1203.6668347530317,,,
R6B-081,12,0.2,48,ALL,LONG,False,False,-696.4520603339099,-1876.9164532775949,,,
R6B-082,12,0.2,48,ALL,SHORT,False,False,-1337.3765171358843,-2460.4870252864575,,,
R6B-083,12,0.2,48,UTC00_08,LONG,False,False,-138.50584547872913,-595.3771601542771,,,
R6B-084,12,0.2,48,UTC00_08,SHORT,False,False,-401.159231714286,-806.734075189287,,,
R6B-085,12,0.2,48,UTC08_16,LONG,False,False,-692.1447308400886,-1223.2715231054035,,,
R6B-086,12,0.2,48,UTC08_16,SHORT,False,False,-259.36132960764513,-751.9587287343852,,,
R6B-087,12,0.2,48,UTC16_24,LONG,False,False,-206.0763549505319,-647.6897033773939,,,
R6B-088,12,0.2,48,UTC16_24,SHORT,False,False,-553.0854752918367,-989.8308727882558,,,
R6B-089,12,0.2,96,ALL,LONG,False,False,48.61233079678387,-659.7115367394791,,,
R6B-090,12,0.2,96,ALL,SHORT,False,False,-825.2205848316539,-1511.311988117443,,,
R6B-091,12,0.2,96,UTC00_08,LONG,False,False,-86.5973200314172,-387.95442701638024,,,
R6B-092,12,0.2,96,UTC00_08,SHORT,False,False,-513.6345998660428,-800.1146112222037,,,
R6B-093,12,0.2,96,UTC08_16,LONG,False,False,-328.0994209391603,-638.6465766512133,,,
R6B-094,12,0.2,96,UTC08_16,SHORT,False,False,-199.18650665120825,-507.49526113042225,,,
R6B-095,12,0.2,96,UTC16_24,LONG,False,False,45.17756899122725,-254.54704251448172,,,
R6B-096,12,0.2,96,UTC16_24,SHORT,False,False,-512.3838171264184,-814.7173976938814,,,
R6B-097,24,0.0,12,ALL,LONG,False,False,-1447.8510674977858,-3398.1471750650367,,,
R6B-098,24,0.0,12,ALL,SHORT,False,False,-1512.2415503547775,-3163.8223163464795,,,
R6B-099,24,0.0,12,UTC00_08,LONG,False,False,-404.9217879667379,-1034.6981620753209,,,
R6B-100,24,0.0,12,UTC00_08,SHORT,False,False,-508.4425765825619,-1031.012442471508,,,
R6B-101,24,0.0,12,UTC08_16,LONG,False,False,-709.5608372690184,-1502.6986402855955,,,
R6B-102,24,0.0,12,UTC08_16,SHORT,False,False,-516.7065433304012,-1184.4677105868152,,,
R6B-103,24,0.0,12,UTC16_24,LONG,False,False,-529.9585375844658,-1148.4948862800898,,,
R6B-104,24,0.0,12,UTC16_24,SHORT,False,False,-532.6127483666321,-1046.1071271498301,,,
R6B-105,24,0.0,24,ALL,LONG,False,False,-976.8813760018595,-2498.4596536333765,,,
R6B-106,24,0.0,24,ALL,SHORT,False,False,-1510.6960556451502,-2814.1653629031684,,,
R6B-107,24,0.0,24,UTC00_08,LONG,False,False,-271.7467600954012,-817.1786791043082,,,
R6B-108,24,0.0,24,UTC00_08,SHORT,False,False,-542.0047969788754,-994.2190140799485,,,
R6B-109,24,0.0,24,UTC08_16,LONG,False,False,-522.3084747903442,-1152.7387551315412,,,
R6B-110,24,0.0,24,UTC08_16,SHORT,False,False,-447.19206527759496,-977.930668124174,,,
R6B-111,24,0.0,24,UTC16_24,LONG,False,False,-389.5989954594627,-900.3821443425936,,,
R6B-112,24,0.0,24,UTC16_24,SHORT,False,False,-486.7986144190018,-914.7081023354879,,,
R6B-113,24,0.0,48,ALL,LONG,False,False,-559.4658775886508,-1618.8594541489329,,,
R6B-114,24,0.0,48,ALL,SHORT,False,False,-1177.741077063046,-2149.512802008693,,,
R6B-115,24,0.0,48,UTC00_08,LONG,False,False,-44.67032685378602,-451.50049021703705,,,
R6B-116,24,0.0,48,UTC00_08,SHORT,False,False,-379.87034217037666,-727.0069991916996,,,
R6B-117,24,0.0,48,UTC08_16,LONG,False,False,-457.50998132297315,-943.0785573783822,,,
R6B-118,24,0.0,48,UTC08_16,SHORT,False,False,-344.7278214321445,-770.8236673696415,,,
R6B-119,24,0.0,48,UTC16_24,LONG,False,False,-129.4026756223665,-527.4083640756335,,,
R6B-120,24,0.0,48,UTC16_24,SHORT,False,False,-489.26454621275116,-854.8309641073691,,,
R6B-121,24,0.0,96,ALL,LONG,False,False,-31.48341306925531,-692.0024798866583,,,
R6B-122,24,0.0,96,ALL,SHORT,False,False,-942.3402869961964,-1565.8449925328823,,,
R6B-123,24,0.0,96,UTC00_08,LONG,False,False,-65.98978054273671,-349.45926601731975,,,
R6B-124,24,0.0,96,UTC00_08,SHORT,False,False,-478.5230204138246,-741.1137277622227,,,
R6B-125,24,0.0,96,UTC08_16,LONG,False,False,-152.71960474029154,-457.3572296563065,,,
R6B-126,24,0.0,96,UTC08_16,SHORT,False,False,-360.4900545071738,-650.9373689572689,,,
R6B-127,24,0.0,96,UTC16_24,LONG,False,False,103.95511879051533,-184.23857324269267,,,
R6B-128,24,0.0,96,UTC16_24,SHORT,False,False,-503.9212642330968,-780.9613854489188,,,
R6B-129,24,0.1,12,ALL,LONG,False,False,-1311.0274139156238,-3119.9689853203217,,,
R6B-130,24,0.1,12,ALL,SHORT,False,False,-1377.0600619276452,-2911.4742938493782,,,
R6B-131,24,0.1,12,UTC00_08,LONG,False,False,-330.40234025067826,-917.3708975030653,,,
R6B-132,24,0.1,12,UTC00_08,SHORT,False,False,-442.98851924679536,-924.8803041855604,,,
R6B-133,24,0.1,12,UTC08_16,LONG,False,False,-650.7199537473576,-1381.1461767131177,,,
R6B-134,24,0.1,12,UTC08_16,SHORT,False,False,-501.60197636010764,-1124.2645267204996,,,
R6B-135,24,0.1,12,UTC16_24,LONG,False,False,-502.614320621964,-1071.682245398838,,,
R6B-136,24,0.1,12,UTC16_24,SHORT,False,False,-461.5167280050731,-932.4682697978042,,,
R6B-137,24,0.1,24,ALL,LONG,False,False,-911.9725863561536,-2349.1520768527134,,,
R6B-138,24,0.1,24,ALL,SHORT,False,False,-1337.8896886087723,-2565.49263643946,,,
R6B-139,24,0.1,24,UTC00_08,LONG,False,False,-234.95753479299893,-754.5786764435059,,,
R6B-140,24,0.1,24,UTC00_08,SHORT,False,False,-459.932207433178,-877.3799242993081,,,
R6B-141,24,0.1,24,UTC08_16,LONG,False,False,-453.87540578606496,-1047.477624487289,,,
R6B-142,24,0.1,24,UTC08_16,SHORT,False,False,-405.67194507879816,-910.4000121545841,,,
R6B-143,24,0.1,24,UTC16_24,LONG,False,False,-443.27292525493647,-918.2920162222194,,,
R6B-144,24,0.1,24,UTC16_24,SHORT,False,False,-441.37487978646647,-841.7422429890765,,,
R6B-145,24,0.1,48,ALL,LONG,False,False,-447.2935120214524,-1471.3497552215554,,,
R6B-146,24,0.1,48,ALL,SHORT,False,False,-1092.3087382332517,-2011.0387186996197,,,
R6B-147,24,0.1,48,UTC00_08,LONG,False,False,-24.10635989973006,-417.8705352737851,,,
R6B-148,24,0.1,48,UTC00_08,SHORT,False,False,-284.2098548177163,-603.6221867297223,,,
R6B-149,24,0.1,48,UTC08_16,LONG,False,False,-422.3846198049576,-889.1867807723175,,,
R6B-150,24,0.1,48,UTC08_16,SHORT,False,False,-338.5152192373317,-743.4270615179937,,,
R6B-151,24,0.1,48,UTC16_24,LONG,False,False,-152.3456482527743,-525.2633849874763,,,
R6B-152,24,0.1,48,UTC16_24,SHORT,False,False,-450.0667718122179,-794.0454697299668,,,
R6B-153,24,0.1,96,ALL,LONG,False,False,28.22198979556555,-615.6536539949675,,,
R6B-154,24,0.1,96,ALL,SHORT,False,False,-854.2660118030601,-1459.887148388763,,,
R6B-155,24,0.1,96,UTC00_08,LONG,False,False,-7.447536668956208,-283.66360808530925,,,
R6B-156,24,0.1,96,UTC00_08,SHORT,False,False,-443.515482495195,-688.032338353388,,,
R6B-157,24,0.1,96,UTC08_16,LONG,False,False,-167.87370316714131,-467.5129865771383,,,
R6B-158,24,0.1,96,UTC08_16,SHORT,False,False,-376.7396425343612,-663.2507450796143,,,
R6B-159,24,0.1,96,UTC16_24,LONG,False,False,120.06473111914008,-155.7760605638839,,,
R6B-160,24,0.1,96,UTC16_24,SHORT,False,False,-497.18393835732473,-762.1098917079447,,,
R6B-161,24,0.2,12,ALL,LONG,False,False,-1287.1021275614462,-2937.019937976528,,,
R6B-162,24,0.2,12,ALL,SHORT,False,False,-1219.0327842424176,-2606.2278838408456,,,
R6B-163,24,0.2,12,UTC00_08,LONG,False,False,-303.31195735900536,-840.3947252655333,,,
R6B-164,24,0.2,12,UTC00_08,SHORT,False,False,-398.7166639385626,-832.9431985485156,,,
R6B-165,24,0.2,12,UTC08_16,LONG,False,False,-658.9296057528055,-1332.6415804126266,,,
R6B-166,24,0.2,12,UTC08_16,SHORT,False,False,-432.04512441009086,-994.968394745427,,,
R6B-167,24,0.2,12,UTC16_24,LONG,False,False,-467.2307841119484,-965.7745114537804,,,
R6B-168,24,0.2,12,UTC16_24,SHORT,False,False,-417.55967877373683,-843.9930483067778,,,
R6B-169,24,0.2,24,ALL,LONG,False,False,-844.2414759278403,-2178.0981385503014,,,
R6B-170,24,0.2,24,ALL,SHORT,False,False,-1258.8286491114268,-2394.79180392639,,,
R6B-171,24,0.2,24,UTC00_08,LONG,False,False,-187.7405874831333,-666.3572582741093,,,
R6B-172,24,0.2,24,UTC00_08,SHORT,False,False,-397.84419443598534,-780.0593056869363,,,
R6B-173,24,0.2,24,UTC08_16,LONG,False,False,-440.776774870792,-996.1907417185499,,,
R6B-174,24,0.2,24,UTC08_16,SHORT,False,False,-370.68582876052386,-839.3145629973509,,,
R6B-175,24,0.2,24,UTC16_24,LONG,False,False,-384.9535873237707,-815.2033552819797,,,
R6B-176,24,0.2,24,UTC16_24,SHORT,False,False,-431.0085728155229,-801.6082505948219,,,
R6B-177,24,0.2,48,ALL,LONG,False,False,-438.82083909999426,-1409.3134739999803,,,
R6B-178,24,0.2,48,ALL,SHORT,False,False,-990.790985505958,-1852.027765551797,,,
R6B-179,24,0.2,48,UTC00_08,LONG,False,False,-0.7455430820156166,-372.34711011907166,,,
R6B-180,24,0.2,48,UTC00_08,SHORT,False,False,-252.82268164071056,-557.2158178081955,,,
R6B-181,24,0.2,48,UTC08_16,LONG,False,False,-524.8291793507736,-971.7722672784896,,,
R6B-182,24,0.2,48,UTC08_16,SHORT,False,False,-299.58964309246767,-678.2234511661057,,,
R6B-183,24,0.2,48,UTC16_24,LONG,False,False,-101.25922581477934,-444.4463800164953,,,
R6B-184,24,0.2,48,UTC16_24,SHORT,False,False,-458.25093843602934,-782.4073215621133,,,
R6B-185,24,0.2,96,ALL,LONG,False,False,43.25582246571853,-582.0911981542755,,,
R6B-186,24,0.2,96,ALL,SHORT,False,False,-877.6230492636963,-1467.3363049366324,,,
R6B-187,24,0.2,96,UTC00_08,LONG,False,False,27.22275201927842,-239.8551831132556,,,
R6B-188,24,0.2,96,UTC00_08,SHORT,False,False,-435.06270052170925,-672.1764888977012,,,
R6B-189,24,0.2,96,UTC08_16,LONG,False,False,-211.48969748522705,-504.903862883511,,,
R6B-190,24,0.2,96,UTC08_16,SHORT,False,False,-388.9157739111156,-666.8181604000076,,,
R6B-191,24,0.2,96,UTC16_24,LONG,False,False,111.74825102241279,-150.7167213241522,,,
R6B-192,24,0.2,96,UTC16_24,SHORT,False,False,-540.9270781838803,-801.1390555274463,,,
R6B-193,48,0.0,12,ALL,LONG,False,False,-1151.0292054506626,-2419.863291853008,,,
R6B-194,48,0.0,12,ALL,SHORT,False,False,-815.782916333206,-1799.1653777494341,,,
R6B-195,48,0.0,12,UTC00_08,LONG,False,False,-257.0002307486001,-586.1839954687141,,,
R6B-196,48,0.0,12,UTC00_08,SHORT,False,False,-180.3183939077452,-406.19084430985623,,,
R6B-197,48,0.0,12,UTC08_16,LONG,False,False,-591.0300502493278,-1183.5206443969969,,,
R6B-198,48,0.0,12,UTC08_16,SHORT,False,False,-341.2154543346927,-805.0265255561287,,,
R6B-199,48,0.0,12,UTC16_24,LONG,False,False,-423.7689376121539,-814.9663146046859,,,
R6B-200,48,0.0,12,UTC16_24,SHORT,False,False,-306.89198870909723,-635.5068250659263,,,
R6B-201,48,0.0,24,ALL,LONG,False,False,-806.2562345670186,-1809.9048446265815,,,
R6B-202,48,0.0,24,ALL,SHORT,False,False,-746.5514107218273,-1538.7835973232322,,,
R6B-203,48,0.0,24,UTC00_08,LONG,False,False,-214.56165545368444,-522.0201357915925,,,
R6B-204,48,0.0,24,UTC00_08,SHORT,False,False,-180.6415941345594,-392.0043463055194,,,
R6B-205,48,0.0,24,UTC08_16,LONG,False,False,-482.84553524036585,-957.8430358316398,,,
R6B-206,48,0.0,24,UTC08_16,SHORT,False,False,-283.9043808294039,-654.6478391073249,,,
R6B-207,48,0.0,24,UTC16_24,LONG,False,False,-300.55342149121424,-628.2885391104562,,,
R6B-208,48,0.0,24,UTC16_24,SHORT,False,False,-236.67431192175826,-511.2227088979043,,,
R6B-209,48,0.0,48,ALL,LONG,False,False,-208.16008684414194,-986.1500967236391,,,
R6B-210,48,0.0,48,ALL,SHORT,False,False,-393.8139866874544,-1044.6372934185433,,,
R6B-211,48,0.0,48,UTC00_08,LONG,False,False,117.94687123392154,-173.63406529735846,,,
R6B-212,48,0.0,48,UTC00_08,SHORT,False,False,54.05225545879997,-152.687165810407,,,
R6B-213,48,0.0,48,UTC08_16,LONG,False,False,-301.09279024006975,-683.7158679553288,,,
R6B-214,48,0.0,48,UTC08_16,SHORT,False,False,-170.2756635666842,-482.1714388500782,,,
R6B-215,48,0.0,48,UTC16_24,LONG,False,False,-186.50883455495523,-458.0210589972732,,,
R6B-216,48,0.0,48,UTC16_24,SHORT,False,False,-283.53798646127086,-528.0207042257089,,,
R6B-217,48,0.0,96,ALL,LONG,False,False,150.8749872572011,-377.6449059676059,,,
R6B-218,48,0.0,96,ALL,SHORT,False,False,-293.6839927187849,-765.799191134543,,,
R6B-219,48,0.0,96,UTC00_08,LONG,True,True,245.83696052169148,44.069564972606486,873.5757229817275,573.1908028677756,0.004997501249375312
R6B-220,48,0.0,96,UTC00_08,SHORT,False,False,75.56065929096854,-79.79315921565048,,,
R6B-221,48,0.0,96,UTC08_16,LONG,False,False,-128.23063417822732,-395.4245130520253,,,
R6B-222,48,0.0,96,UTC08_16,SHORT,False,False,-187.30580385268303,-435.21247816207006,,,
R6B-223,48,0.0,96,UTC16_24,LONG,False,False,-6.067604006942689,-229.14559490625368,,,
R6B-224,48,0.0,96,UTC16_24,SHORT,False,False,-277.59260481202364,-478.55245752910065,,,
R6B-225,48,0.1,12,ALL,LONG,False,False,-1005.3803577220407,-2171.974570174216,,,
R6B-226,48,0.1,12,ALL,SHORT,False,False,-779.3647994919294,-1709.7976665886845,,,
R6B-227,48,0.1,12,UTC00_08,LONG,False,False,-245.8836452415255,-558.6708279618805,,,
R6B-228,48,0.1,12,UTC00_08,SHORT,False,False,-190.45702197025759,-408.9529864911606,,,
R6B-229,48,0.1,12,UTC08_16,LONG,False,False,-512.8946797598524,-1052.2528572943554,,,
R6B-230,48,0.1,12,UTC08_16,SHORT,False,False,-312.7013457798631,-745.3941759343942,,,
R6B-231,48,0.1,12,UTC16_24,LONG,False,False,-350.4631092417413,-704.2206412128382,,,
R6B-232,48,0.1,12,UTC16_24,SHORT,False,False,-288.7991566040848,-599.3956458433719,,,
R6B-233,48,0.1,24,ALL,LONG,False,False,-723.0098563319505,-1663.2696295437825,,,
R6B-234,48,0.1,24,ALL,SHORT,False,False,-685.4372080471725,-1450.2632588372815,,,
R6B-235,48,0.1,24,UTC00_08,LONG,False,False,-207.05473308411817,-504.80814555354516,,,
R6B-236,48,0.1,24,UTC00_08,SHORT,False,False,-185.8124924974257,-392.1853455634167,,,
R6B-237,48,0.1,24,UTC08_16,LONG,False,False,-437.19119330268603,-880.052095387087,,,
R6B-238,48,0.1,24,UTC08_16,SHORT,False,False,-217.45830462673052,-570.1545570202925,,,
R6B-239,48,0.1,24,UTC16_24,LONG,False,False,-273.0736057749569,-572.2409811622958,,,
R6B-240,48,0.1,24,UTC16_24,SHORT,False,False,-242.77566503092385,-507.90240866415087,,,
R6B-241,48,0.1,48,ALL,LONG,False,False,-253.53138963033282,-1002.5453360365088,,,
R6B-242,48,0.1,48,ALL,SHORT,False,False,-371.2486940266957,-994.7265890951387,,,
R6B-243,48,0.1,48,UTC00_08,LONG,False,False,104.07100732628622,-180.2293351817198,,,
R6B-244,48,0.1,48,UTC00_08,SHORT,False,False,71.6946960378681,-130.0506806046009,,,
R6B-245,48,0.1,48,UTC08_16,LONG,False,False,-363.27775468719886,-728.1032281174059,,,
R6B-246,48,0.1,48,UTC08_16,SHORT,False,False,-94.27109845062503,-388.12154390281603,,,
R6B-247,48,0.1,48,UTC16_24,LONG,False,False,-168.51507392222405,-420.10823322498703,,,
R6B-248,48,0.1,48,UTC16_24,SHORT,False,False,-287.97564132514333,-525.6641914881403,,,
R6B-249,48,0.1,96,ALL,LONG,False,False,103.09149719178323,-417.8717147869868,,,
R6B-250,48,0.1,96,ALL,SHORT,False,False,-286.5430718749617,-744.3172719623287,,,
R6B-251,48,0.1,96,UTC00_08,LONG,True,True,253.12305717792177,54.87680580064176,986.8718196407559,694.986643058409,0.002811094452773613
R6B-252,48,0.1,96,UTC00_08,SHORT,False,False,77.71505909116397,-75.13778961476906,,,
R6B-253,48,0.1,96,UTC08_16,LONG,False,False,-146.1312340704812,-406.9443119171752,,,
R6B-254,48,0.1,96,UTC08_16,SHORT,False,False,-89.54169821832316,-326.3562700824432,,,
R6B-255,48,0.1,96,UTC16_24,LONG,False,False,14.445704909241252,-197.51634203342573,,,
R6B-256,48,0.1,96,UTC16_24,SHORT,False,False,-262.31785799578324,-458.71534385602024,,,
R6B-257,48,0.2,12,ALL,LONG,False,False,-963.4946872945638,-2040.380168925552,,,
R6B-258,48,0.2,12,ALL,SHORT,False,False,-655.6229165340936,-1501.4545084784086,,,
R6B-259,48,0.2,12,UTC00_08,LONG,False,False,-237.39088380959063,-532.4826091181696,,,
R6B-260,48,0.2,12,UTC00_08,SHORT,False,False,-162.39273845233808,-361.9373944105211,,,
R6B-261,48,0.2,12,UTC08_16,LONG,False,False,-477.5065712574608,-966.1871938085708,,,
R6B-262,48,0.2,12,UTC08_16,SHORT,False,False,-295.01225481632895,-691.1426870484839,,,
R6B-263,48,0.2,12,UTC16_24,LONG,False,False,-334.313573529142,-652.588300331146,,,
R6B-264,48,0.2,12,UTC16_24,SHORT,False,False,-212.7532845318463,-492.99910151829334,,,
R6B-265,48,0.2,24,ALL,LONG,False,False,-734.8170028638648,-1617.0930403123957,,,
R6B-266,48,0.2,24,ALL,SHORT,False,False,-677.5548174222145,-1392.6539871999564,,,
R6B-267,48,0.2,24,UTC00_08,LONG,False,False,-201.07089521450578,-482.18282784029077,,,
R6B-268,48,0.2,24,UTC00_08,SHORT,False,False,-176.8563793919775,-368.0747828638935,,,
R6B-269,48,0.2,24,UTC08_16,LONG,False,False,-397.8888112804101,-802.842359811838,,,
R6B-270,48,0.2,24,UTC08_16,SHORT,False,False,-235.95537510193807,-571.5270725837211,,,
R6B-271,48,0.2,24,UTC16_24,LONG,False,False,-257.60216890872226,-534.2212869392422,,,
R6B-272,48,0.2,24,UTC16_24,SHORT,False,False,-230.9317312096463,-473.61885654340034,,,
R6B-273,48,0.2,48,ALL,LONG,False,False,-275.7436309689798,-991.4620993854029,,,
R6B-274,48,0.2,48,ALL,SHORT,False,False,-345.6210634793996,-934.8848955072996,,,
R6B-275,48,0.2,48,UTC00_08,LONG,False,False,82.20969460240825,-190.32242273916376,,,
R6B-276,48,0.2,48,UTC00_08,SHORT,False,False,86.09193523093278,-100.4975937108052,,,
R6B-277,48,0.2,48,UTC08_16,LONG,False,False,-337.5913622678624,-678.8071117553864,,,
R6B-278,48,0.2,48,UTC08_16,SHORT,False,False,-114.79645618294795,-396.59814297326596,,,
R6B-279,48,0.2,48,UTC16_24,LONG,False,False,-170.3497611102408,-408.2420731460668,,,
R6B-280,48,0.2,48,UTC16_24,SHORT,False,False,-246.0363183687438,-463.9354674843408,,,
R6B-281,48,0.2,96,ALL,LONG,False,False,100.93619647111002,-395.50064980501895,,,
R6B-282,48,0.2,96,ALL,SHORT,False,False,-370.4755805180057,-814.4717360810198,,,
R6B-283,48,0.2,96,UTC00_08,LONG,True,True,267.6211074444553,72.71219387504425,997.8502448984124,712.8040310928684,0.0021417862497322766
R6B-284,48,0.2,96,UTC00_08,SHORT,False,False,82.65850953804173,-61.28817122881831,,,
R6B-285,48,0.2,96,UTC08_16,LONG,False,False,-209.0373382027264,-457.2811349372674,,,
R6B-286,48,0.2,96,UTC08_16,SHORT,False,False,-153.84438620507635,-384.6904597978354,,,
R6B-287,48,0.2,96,UTC16_24,LONG,False,False,7.188956070789406,-197.41910275645958,,,
R6B-288,48,0.2,96,UTC16_24,SHORT,False,False,-287.7769431140411,-472.98696471318107,,,
R6B-289,96,0.0,12,ALL,LONG,False,False,-761.5405492816471,-1528.1958210674431,,,
R6B-290,96,0.0,12,ALL,SHORT,False,False,-272.07222876666725,-825.6554784249983,,,
R6B-291,96,0.0,12,UTC00_08,LONG,False,False,-79.59747725961243,-196.49830646826842,,,
R6B-292,96,0.0,12,UTC00_08,SHORT,False,False,-65.77755102806286,-140.29209507628687,,,
R6B-293,96,0.0,12,UTC08_16,LONG,False,False,-414.4822958440251,-801.3508470481371,,,
R6B-294,96,0.0,12,UTC08_16,SHORT,False,False,-126.38739120098948,-397.7115915794545,,,
R6B-295,96,0.0,12,UTC16_24,LONG,False,False,-349.89075489840684,-634.9506297178278,,,
R6B-296,96,0.0,12,UTC16_24,SHORT,False,False,-85.59647495939768,-307.69224309227667,,,
R6B-297,96,0.0,24,ALL,LONG,False,False,-546.5656837849301,-1167.569165732192,,,
R6B-298,96,0.0,24,ALL,SHORT,False,False,-242.33001332133858,-692.7628797210356,,,
R6B-299,96,0.0,24,UTC00_08,LONG,False,False,-73.1088206805264,-190.01131778738142,,,
R6B-300,96,0.0,24,UTC00_08,SHORT,False,False,-49.99428454597157,-124.50477305687357,,,
R6B-301,96,0.0,24,UTC08_16,LONG,False,False,-320.7417563001817,-630.1123428508257,,,
R6B-302,96,0.0,24,UTC08_16,SHORT,False,False,-71.56499893112158,-292.4422194900556,,,
R6B-303,96,0.0,24,UTC16_24,LONG,False,False,-228.84483008489906,-464.28517480702806,,,
R6B-304,96,0.0,24,UTC16_24,SHORT,False,False,-47.69150932148373,-229.74125729667773,,,
R6B-305,96,0.0,48,ALL,LONG,False,False,-55.24417621061958,-548.9500847228105,,,
R6B-306,96,0.0,48,ALL,SHORT,False,False,15.420129398509854,-354.31207610671214,,,
R6B-307,96,0.0,48,UTC00_08,LONG,True,True,193.61595623296444,76.64489797333142,802.3119806440707,615.3376311233296,0.0012493753123438282
R6B-308,96,0.0,48,UTC00_08,SHORT,True,False,193.48610580483052,119.03817999673551,3.7458652398977024,-97.92946122046631,0.4802598700649675
R6B-309,96,0.0,48,UTC08_16,LONG,False,False,-196.99807917450468,-446.44709533529664,,,
R6B-310,96,0.0,48,UTC08_16,SHORT,False,False,-114.55527778511744,-305.44951143303746,,,
R6B-311,96,0.0,48,UTC16_24,LONG,False,False,-80.521130770955,-268.33118179428,,,
R6B-312,96,0.0,48,UTC16_24,SHORT,False,False,-22.04618637686512,-176.35319039588913,,,
R6B-313,96,0.0,96,ALL,LONG,False,False,139.95291744107678,-237.06370056518526,,,
R6B-314,96,0.0,96,ALL,SHORT,False,False,144.64962061535962,-150.5283854308804,,,
R6B-315,96,0.0,96,UTC00_08,LONG,True,True,437.78540303487335,320.75158143191834,1216.3762521738827,1029.2954681324766,0.0012493753123438282
R6B-316,96,0.0,96,UTC00_08,SHORT,True,True,317.7918319388222,243.37584669969922,353.15817910897516,251.5726347403772,0.023738130934532736
R6B-317,96,0.0,96,UTC08_16,LONG,False,False,-245.55582794106772,-443.0557691848197,,,
R6B-318,96,0.0,96,UTC08_16,SHORT,False,False,9.39857017093254,-148.25470218080545,,,
R6B-319,96,0.0,96,UTC16_24,LONG,False,False,-40.78217362398441,-203.1666594329354,,,
R6B-320,96,0.0,96,UTC16_24,SHORT,False,False,-136.4254906671429,-272.8657859271399,,,
R6B-321,96,0.1,12,ALL,LONG,False,False,-695.267288689923,-1407.774695804685,,,
R6B-322,96,0.1,12,ALL,SHORT,False,False,-259.0594202428498,-782.1344004178248,,,
R6B-323,96,0.1,12,UTC00_08,LONG,False,False,-79.59747725961243,-196.49830646826842,,,
R6B-324,96,0.1,12,UTC00_08,SHORT,False,False,-67.02631049122662,-140.28535301052463,,,
R6B-325,96,0.1,12,UTC08_16,LONG,False,False,-366.96061791714504,-718.6665061271771,,,
R6B-326,96,0.1,12,UTC08_16,SHORT,False,False,-119.10754906018674,-373.2365348208447,,,
R6B-327,96,0.1,12,UTC16_24,LONG,False,False,-340.08074528711535,-605.2386275170144,,,
R6B-328,96,0.1,12,UTC16_24,SHORT,False,False,-81.48102308706879,-291.6635973667998,,,
R6B-329,96,0.1,24,ALL,LONG,False,False,-505.16988627307506,-1094.159117153848,,,
R6B-330,96,0.1,24,ALL,SHORT,False,False,-240.23095687752274,-673.7054778738637,,,
R6B-331,96,0.1,24,UTC00_08,LONG,False,False,-73.1088206805264,-190.01131778738142,,,
R6B-332,96,0.1,24,UTC00_08,SHORT,False,False,-51.75314957984955,-125.00826763432455,,,
R6B-333,96,0.1,24,UTC08_16,LONG,False,False,-276.15401974676587,-568.6672231354609,,,
R6B-334,96,0.1,24,UTC08_16,SHORT,False,False,-64.35265991210277,-275.40634845446675,,,
R6B-335,96,0.1,24,UTC16_24,LONG,False,False,-244.79535292435202,-465.05224058456304,,,
R6B-336,96,0.1,24,UTC16_24,SHORT,False,False,-52.546431774923406,-228.70494823715742,,,
R6B-337,96,0.1,48,ALL,LONG,False,False,40.07179236230203,-435.438058294655,,,
R6B-338,96,0.1,48,ALL,SHORT,False,False,-1.4732094974126306,-360.32120298836867,,,
R6B-339,96,0.1,48,UTC00_08,LONG,True,True,193.61595623296444,76.64489797333142,802.3119806440707,615.3376311233296,0.0012493753123438282
R6B-340,96,0.1,48,UTC00_08,SHORT,True,False,190.20692612882453,117.01398012970854,34.60177098729174,-61.92622313219328,0.4197901049475262
R6B-341,96,0.1,48,UTC08_16,LONG,False,False,-77.30059213021197,-314.970457360975,,,
R6B-342,96,0.1,48,UTC08_16,SHORT,False,False,-116.3532595846234,-301.0496735558144,,,
R6B-343,96,0.1,48,UTC16_24,LONG,False,False,-118.3017612722761,-298.6384889502211,,,
R6B-344,96,0.1,48,UTC16_24,SHORT,False,False,-39.404127445032096,-190.2819086026441,,,
R6B-345,96,0.1,96,ALL,LONG,False,False,279.9016134349089,-86.38966661793414,,,
R6B-346,96,0.1,96,ALL,SHORT,False,False,139.2484509394548,-148.53139382244922,,,
R6B-347,96,0.1,96,UTC00_08,LONG,True,True,437.78540303487335,320.75158143191834,1216.3762521738827,1029.2954681324766,0.0012493753123438282
R6B-348,96,0.1,96,UTC00_08,SHORT,True,True,313.03234590074425,239.87096010334824,377.1826710368073,280.7427036656213,0.010222161646449502
R6B-349,96,0.1,96,UTC08_16,LONG,False,False,-125.27899989044798,-315.89229918202295,,,
R6B-350,96,0.1,96,UTC08_16,SHORT,False,False,-13.25383737520208,-166.98681386340908,,,
R6B-351,96,0.1,96,UTC16_24,LONG,False,False,-50.644772921933495,-209.35751007370249,,,
R6B-352,96,0.1,96,UTC16_24,SHORT,False,False,-145.1928912119406,-279.3951765537306,,,
R6B-353,96,0.2,12,ALL,LONG,False,False,-704.6402768454575,-1370.6679157795884,,,
R6B-354,96,0.2,12,ALL,SHORT,False,False,-217.95513479387964,-706.8202049724596,,,
R6B-355,96,0.2,12,UTC00_08,LONG,False,False,-79.59747725961243,-196.49830646826842,,,
R6B-356,96,0.2,12,UTC00_08,SHORT,False,False,-65.08924361005047,-136.98622724523247,,,
R6B-357,96,0.2,12,UTC08_16,LONG,False,False,-348.9977843514746,-674.5656135066477,,,
R6B-358,96,0.2,12,UTC08_16,SHORT,False,False,-129.57944790763582,-363.49842410936884,,,
R6B-359,96,0.2,12,UTC16_24,LONG,False,False,-349.69597727775414,-590.7495340999002,,,
R6B-360,96,0.2,12,UTC16_24,SHORT,False,False,-38.954606253207324,-235.2363150894213,,,
R6B-361,96,0.2,24,ALL,LONG,False,False,-488.5632445347081,-1046.6173212062001,,,
R6B-362,96,0.2,24,ALL,SHORT,False,False,-214.66680477387433,-628.5073301324404,,,
R6B-363,96,0.2,24,UTC00_08,LONG,False,False,-73.1088206805264,-190.01131778738142,,,
R6B-364,96,0.2,24,UTC00_08,SHORT,False,False,-51.74648221137569,-123.6400374011917,,,
R6B-365,96,0.2,24,UTC08_16,LONG,False,False,-250.21985368982823,-525.5573049792332,,,
R6B-366,96,0.2,24,UTC08_16,SHORT,False,False,-53.60152401064749,-252.5983916479155,,,
R6B-367,96,0.2,24,UTC16_24,LONG,False,False,-244.9633741014578,-450.25717698154676,,,
R6B-368,96,0.2,24,UTC16_24,SHORT,False,False,-51.51640583465436,-217.76735388094338,,,
R6B-369,96,0.2,48,ALL,LONG,False,False,3.315083949668337,-453.41850630150066,,,
R6B-370,96,0.2,48,ALL,SHORT,False,False,70.451087176628,-273.62959093018105,,,
R6B-371,96,0.2,48,UTC00_08,LONG,True,True,193.61595623296444,76.64489797333142,827.2079879970266,641.9171839116316,0.0012493753123438282
R6B-372,96,0.2,48,UTC00_08,SHORT,True,False,188.33320433466673,116.50133803099774,38.89593573177201,-56.273602632033004,0.4197901049475262
R6B-373,96,0.2,48,UTC08_16,LONG,False,False,-87.77582067768236,-314.0920325245834,,,
R6B-374,96,0.2,48,UTC08_16,SHORT,False,False,-80.37042603667086,-254.05080986502287,,,
R6B-375,96,0.2,48,UTC16_24,LONG,False,False,-157.40805343661876,-329.23558843976775,,,
R6B-376,96,0.2,48,UTC16_24,SHORT,False,False,-18.09766540198874,-162.95834145894676,,,
R6B-377,96,0.2,96,ALL,LONG,False,False,289.6865501375396,-66.79038820609141,,,
R6B-378,96,0.2,96,ALL,SHORT,False,False,189.73983031763808,-86.95129692062194,,,
R6B-379,96,0.2,96,UTC00_08,LONG,True,True,437.78540303487335,320.75158143191834,1232.3840997443926,1046.9891458247716,0.0012493753123438282
R6B-380,96,0.2,96,UTC00_08,SHORT,True,True,311.54870483713233,239.74849896709432,368.4941489031155,273.40930136400755,0.010222161646449502
R6B-381,96,0.2,96,UTC08_16,LONG,False,False,-73.30849654487366,-257.5520403269327,,,
R6B-382,96,0.2,96,UTC08_16,SHORT,False,False,11.816489064323386,-136.9747294105426,,,
R6B-383,96,0.2,96,UTC16_24,LONG,False,False,-59.808469023016066,-211.20067432857908,,,
R6B-384,96,0.2,96,UTC16_24,SHORT,False,False,-127.97890696462225,-256.16716351579925,,,
