run_stage,symbol,asset_class,commission_rule,swap_mode,day_key,broker_day_start,side,signal_time,entry_time,exit_time,entry,entry_breakout_level,entry_channel_opposite,n20_entry,initial_stop,exit_channel_level,exit,initial_risk_price,risk_money_1lot_usd,gross_r,commission_usd_1lot,commission_r,net_r,net_r_commission_x1_5,exit_reason,trade_id,mfe_r,mae_r,mfe_time,mae_time,time_to_mfe_minutes,time_to_mae_minutes,max_retracement_from_mfe_r,reached_0_5r,first_touch_0_5r_time,time_to_0_5r_minutes,mae_before_0_5r,reached_1r,first_touch_1r_time,time_to_1r_minutes,mae_before_1r,reached_2r,first_touch_2r_time,time_to_2r_minutes,mae_before_2r,reached_3r,first_touch_3r_time,time_to_3r_minutes,mae_before_3r,reached_5r,first_touch_5r_time,time_to_5r_minutes,mae_before_5r,min_r_after_first_1r_before_exit,max_r_after_first_1r_before_exit,min_r_after_first_2r_before_exit,max_r_after_first_2r_before_exit,min_r_after_first_3r_before_exit,max_r_after_first_3r_before_exit,path_ambiguous,path_ambiguity_reason,duration_minutes
RUN,BTCUSD,CRYPTO,0.04PCT_NOTIONAL_PER_SIDE,EXCLUDED_REQUIRE_SEPARATE_STRESS,20240103,2024.01.03 00:00,LONG,2024.01.02 01:15,2024.01.02 01:15,2024.01.03 13:09,44718.21,44716.14,40198.39,1807.95,41102.31,41657.33,41655.75,3615.90,3615.90000000,-0.84694267,34.54958400,0.00955491,-0.85649758,-0.86127503,DONCHIAN_EXIT,BTCUSD_20240102_LONG,0.32743439,0.84694267,2024.01.02 10:06:39,2024.01.03 13:09:57,531.580167,2154.892017,1.17437706,0,,,,0,,,,0,,,,0,,,,0,,,,,,,,,,0,,2154.000000
RUN,ETHUSD,CRYPTO,0.04PCT_NOTIONAL_PER_SIDE,EXCLUDED_REQUIRE_SEPARATE_STRESS,20240108,2024.01.08 00:00,SHORT,2024.01.03 13:09,2024.01.03 13:09,2024.01.08 20:13,2114.98,2116.37,2451.87,113.84,2342.67,2451.87,2342.68,227.69,227.69000000,-1.00004392,1.78306400,0.00783110,-1.00787502,-1.01179057,STOP,ETHUSD_20240103_SHORT,0.26891827,1.00004392,2024.01.03 13:10:14,2024.01.08 20:13:28,0.578517,7623.803700,1.26896219,0,,,,0,,,,0,,,,0,,,,0,,,,,,,,,,0,,7624.000000
RUN,BTCUSD,CRYPTO,0.04PCT_NOTIONAL_PER_SIDE,EXCLUDED_REQUIRE_SEPARATE_STRESS,20240115,2024.01.15 00:00,LONG,2024.01.08 19:03,2024.01.08 19:03,2024.01.15 00:21,45903.70,45902.18,40198.39,1987.39,41928.92,41374.74,41928.10,3974.78,3974.78000000,-1.00020630,35.13272000,0.00883891,-1.00904521,-1.01346466,STOP,BTCUSD_20240108_LONG,0.78005575,1.00020630,2024.01.11 15:51:40,2024.01.15 00:21:31,4128.410483,8958.261050,1.78026205,1,2024.01.11 15:28:38,4105.382467,0.37879832,0,,,,0,,,,0,,,,0,,,,,,,,,,0,,8958.000000
RUN,ETHUSD,CRYPTO,0.04PCT_NOTIONAL_PER_SIDE,EXCLUDED_REQUIRE_SEPARATE_STRESS,20240123,2024.01.23 00:00,LONG,2024.01.10 16:39,2024.01.10 16:39,2024.01.23 10:55,2452.26,2451.87,2053.64,124.71,2202.83,2222.81,2222.44,249.43,249.43000000,-0.92138075,1.86988000,0.00749661,-0.92887736,-0.93262567,DONCHIAN_EXIT,ETHUSD_20240110_LONG,1.06129976,0.92138075,2024.01.12 16:11:14,2024.01.23 10:55:36,2851.754233,18376.123450,1.98268051,1,2024.01.11 00:09:25,449.930800,0.20414545,1,2024.01.12 15:56:29,2837.003400,0.20414545,0,,,,0,,,,0,,,,-0.92138075,1.06129976,,,,,0,,18376.000000
RUN,USDJPY,FOREX,USD5_PER_LOT_PER_SIDE,EXCLUDED_REQUIRE_SEPARATE_STRESS,20240131,2024.01.31 00:00,LONG,2024.01.11 14:31,2024.01.11 14:31,2024.01.31 15:52,145.968,145.968,140.242,1.315,143.338,146.642,146.642,2.630,1834.54000000,0.25053692,10.00000000,0.00545096,0.24508596,0.24236048,DONCHIAN_EXIT,USDJPY_20240111_LONG,1.03672310,0.61328180,2024.01.19 07:31:15,2024.01.12 16:16:42,11099.611950,1545.056700,0.78618618,1,2024.01.17 01:01:34,7829.931633,0.61328180,1,2024.01.19 07:03:36,11071.968767,0.61328180,0,,,,0,,,,0,,,,0.25053692,1.03672310,,,,,0,,28881.000000
RUN,EURUSD,FOREX,USD5_PER_LOT_PER_SIDE,EXCLUDED_REQUIRE_SEPARATE_STRESS,20240220,2024.02.20 00:00,SHORT,2024.01.16 12:05,2024.01.16 12:05,2024.02.20 11:36,1.08764,1.08766,1.11392,0.00608,1.09980,1.08054,1.08055,0.01216,1215.80000000,0.58315512,10.00000000,0.00822504,0.57493009,0.57081757,DONCHIAN_EXIT,EURUSD_20240116_SHORT,1.49119921,0.46224708,2024.02.14 09:36:04,2024.01.24 15:30:14,41610.737483,11724.904000,0.96726435,1,2024.01.26 08:20:04,14174.725217,0.46224708,1,2024.02.05 10:54:27,28729.108550,0.46224708,0,,,,0,,,,0,,,,0.57986511,1.49119921,,,,,0,,50371.000000
RUN,GBPUSD,FOREX,USD5_PER_LOT_PER_SIDE,EXCLUDED_REQUIRE_SEPARATE_STRESS,20240124,2024.01.24 00:00,SHORT,2024.01.17 06:15,2024.01.17 06:15,2024.01.24 10:46,1.26096,1.26097,1.28268,0.00815,1.27725,1.27847,1.27726,0.01629,1629.20000000,-1.00049104,10.00000000,0.00613798,-1.00662902,-1.00969801,STOP,GBPUSD_20240117_SHORT,0.07733857,1.00049104,2024.01.17 07:36:06,2024.01.24 10:46:00,80.641683,10350.541683,1.07782961,0,,,,0,,,,0,,,,0,,,,0,,,,,,,,,,0,,10351.000000
RUN,BTCUSD,CRYPTO,0.04PCT_NOTIONAL_PER_SIDE,EXCLUDED_REQUIRE_SEPARATE_STRESS,20240130,2024.01.30 00:00,SHORT,2024.01.18 19:12,2024.01.18 19:12,2024.01.30 03:13,41374.51,41374.74,49004.25,2119.73,45613.97,43565.40,43566.74,4239.46,4239.46000000,-0.51710123,33.97650000,0.00801435,-0.52511558,-0.52912275,DONCHIAN_EXIT,BTCUSD_20240118_SHORT,0.67326735,0.51710123,2024.01.23 15:24:15,2024.01.30 03:13:32,6971.639733,16320.928783,1.19036858,1,2024.01.23 10:09:27,6656.841667,0.18555901,0,,,,0,,,,0,,,,0,,,,,,,,,,0,,16321.000000
RUN,XAUUSD,METAL,0.0016PCT_NOTIONAL_PER_SIDE,EXCLUDED_REQUIRE_SEPARATE_STRESS,20240205,2024.02.05 00:00,LONG,2024.02.01 18:45,2024.02.01 18:45,2024.02.05 15:21,2064.41,2063.92,2001.81,22.12,2020.17,2009.31,2020.16,44.24,4424.10000000,-1.00020343,6.53531200,0.00147721,-1.00168064,-1.00241924,STOP,XAUUSD_20240201_LONG,0.02124726,1.00020343,2024.02.01 18:47:40,2024.02.05 15:21:38,2.670650,5556.638883,1.02145069,0,,,,0,,,,0,,,,0,,,,0,,,,,,,,,,0,,5556.000000
RUN,USDJPY,FOREX,USD5_PER_LOT_PER_SIDE,EXCLUDED_REQUIRE_SEPARATE_STRESS,20240229,2024.02.29 00:00,LONG,2024.02.05 01:37,2024.02.05 01:37,2024.02.29 15:55,148.798,148.798,143.412,1.278,146.242,149.518,149.518,2.556,1747.79000000,0.27551937,10.00000000,0.00572151,0.26979786,0.26693710,DONCHIAN_EXIT,USDJPY_20240205_LONG,0.78801801,0.45500890,2024.02.13 20:59:13,2024.02.07 15:51:42,12681.771867,3734.248267,0.51249864,1,2024.02.13 14:32:40,12295.216767,0.45500890,0,,,,0,,,,0,,,,0,,,,,,,,,,0,,35418.000000
RUN,GBPUSD,FOREX,USD5_PER_LOT_PER_SIDE,EXCLUDED_REQUIRE_SEPARATE_STRESS,20240222,2024.02.22 00:00,SHORT,2024.02.05 11:01,2024.02.05 11:01,2024.02.22 09:13,1.25952,1.25954,1.27847,0.00829,1.27610,1.26895,1.26895,0.01658,1658.20000000,-0.56868894,10.00000000,0.00603064,-0.57471958,-0.57773489,DONCHIAN_EXIT,GBPUSD_20240205_SHORT,0.46134363,0.58255940,2024.02.05 16:57:41,2024.02.13 14:30:16,356.474533,11729.045033,1.04390303,0,,,,0,,,,0,,,,0,,,,0,,,,,,,,,,0,,24372.000000
RUN,BTCUSD,CRYPTO,0.04PCT_NOTIONAL_PER_SIDE,EXCLUDED_REQUIRE_SEPARATE_STRESS,20240320,2024.03.20 00:00,LONG,2024.02.09 09:57,2024.02.09 09:57,2024.03.20 01:03,46518.04,46517.45,38518.82,1570.76,43376.53,62380.32,62376.17,3141.51,3141.51000000,5.04793236,43.55768400,0.01386521,5.03406716,5.02713455,DONCHIAN_EXIT,BTCUSD_20240209_LONG,8.68043711,0.00964186,2024.03.14 09:05:40,2024.02.09 10:17:39,48908.150867,20.121167,3.63250475,1,2024.02.09 19:24:36,567.078350,0.00964186,1,2024.02.12 16:41:27,4723.932817,0.00964186,1,2024.02.15 15:34:39,8977.128350,0.00964186,1,2024.02.27 03:06:18,25508.778350,0.00964186,1,2024.02.28 17:57:25,27839.891500,0.00964186,0.57586638,8.68043711,1.30715166,8.68043711,2.88287161,8.68043711,0,,57066.000000
RUN,ETHUSD,CRYPTO,0.04PCT_NOTIONAL_PER_SIDE,EXCLUDED_REQUIRE_SEPARATE_STRESS,20240320,2024.03.20 00:00,LONG,2024.02.12 18:33,2024.02.12 18:33,2024.03.20 00:52,2613.88,2613.53,2167.72,96.73,2420.43,3201.11,3201.00,193.45,193.45000000,3.03499612,2.32595200,0.01202353,3.02297259,3.01696083,DONCHIAN_EXIT,ETHUSD_20240212_LONG,7.66120445,0.12778496,2024.03.12 02:22:15,2024.02.13 15:24:16,40788.787750,1250.810467,4.62620832,1,2024.02.14 09:58:37,2365.168000,0.12778496,1,2024.02.15 01:23:37,3290.158117,0.12778496,1,2024.02.20 14:45:16,11291.808333,0.12778496,1,2024.02.26 21:05:30,20312.042600,0.12778496,1,2024.03.04 18:28:03,30234.593917,0.12778496,0.64280176,7.66120445,1.31418971,7.66120445,2.83866632,7.66120445,0,,52219.000000
RUN,XAUUSD,METAL,0.0016PCT_NOTIONAL_PER_SIDE,EXCLUDED_REQUIRE_SEPARATE_STRESS,20240223,2024.02.23 00:00,SHORT,2024.02.13 16:08,2024.02.13 16:08,2024.02.23 18:33,2001.80,2001.81,2065.35,21.12,2044.05,2037.12,2037.14,42.25,4224.80000000,-0.83648930,6.46230400,0.00152961,-0.83801891,-0.83878372,DONCHIAN_EXIT,XAUUSD_20240213_SHORT,0.41280061,0.83648930,2024.02.14 17:11:41,2024.02.23 18:33:42,1503.443433,14545.462083,1.24928991,0,,,,0,,,,0,,,,0,,,,0,,,,,,,,,,0,,14545.000000
RUN,XAUUSD,METAL,0.0016PCT_NOTIONAL_PER_SIDE,EXCLUDED_REQUIRE_SEPARATE_STRESS,20240423,2024.04.23 00:00,LONG,2024.03.01 13:42,2024.03.01 13:42,2024.04.23 04:37,2057.58,2057.58,1984.18,18.43,2020.71,2319.34,2319.32,36.87,3686.80000000,7.09938158,7.00304000,0.00189949,7.09748209,7.09653234,DONCHIAN_EXIT,XAUUSD_20240301_LONG,10.13968753,0.32548552,2024.04.12 18:04:42,2024.03.01 16:55:40,60742.071250,193.041683,3.04030596,1,2024.03.01 18:21:36,278.967283,0.32548552,1,2024.03.04 16:16:29,4473.850333,0.32548552,1,2024.03.05 15:28:39,5866.023683,0.32548552,1,2024.03.08 10:30:39,9888.022367,0.32548552,1,2024.04.01 01:00:27,43877.816783,0.32548552,0.97265922,10.13968753,1.75599436,10.13968753,2.39855701,10.13968753,0,,75775.000000
RUN,GBPUSD,FOREX,USD5_PER_LOT_PER_SIDE,EXCLUDED_REQUIRE_SEPARATE_STRESS,20240319,2024.03.19 00:00,LONG,2024.03.05 16:00,2024.03.05 16:00,2024.03.19 11:46,1.27083,1.27081,1.25315,0.00637,1.25809,1.26701,1.26701,0.01274,1273.70000000,-0.29991364,10.00000000,0.00785114,-0.30776478,-0.31169035,DONCHIAN_EXIT,GBPUSD_20240305_LONG,1.44618042,0.29991364,2024.03.08 14:43:15,2024.03.19 11:46:34,4243.036100,19906.356300,1.74609406,1,2024.03.07 16:15:00,2894.785750,0.15074193,1,2024.03.08 11:09:15,4029.028233,0.15074193,0,,,,0,,,,0,,,,-0.29991364,1.44618042,,,,,0,,19906.000000
RUN,EURUSD,FOREX,USD5_PER_LOT_PER_SIDE,EXCLUDED_REQUIRE_SEPARATE_STRESS,20240319,2024.03.19 00:00,LONG,2024.03.06 15:01,2024.03.06 15:01,2024.03.19 11:46,1.08879,1.08878,1.06946,0.00482,1.07916,1.08402,1.08402,0.00963,963.10000000,-0.49527567,10.00000000,0.01038314,-0.50565881,-0.51085038,DONCHIAN_EXIT,EURUSD_20240306_LONG,0.96563181,0.49527567,2024.03.08 14:43:16,2024.03.19 11:46:39,2861.614883,18525.011433,1.46090749,1,2024.03.07 17:28:38,1586.985167,0.21077770,0,,,,0,,,,0,,,,0,,,,,,,,,,0,,18525.000000
RUN,USDJPY,FOREX,USD5_PER_LOT_PER_SIDE,EXCLUDED_REQUIRE_SEPARATE_STRESS,20240319,2024.03.19 00:00,SHORT,2024.03.07 09:02,2024.03.07 09:02,2024.03.19 05:35,147.921,147.921,150.876,0.790,149.501,150.539,149.509,1.580,1056.72000000,-1.00512908,10.00000000,0.00946324,-1.01459232,-1.01932395,STOP,USDJPY_20240307_SHORT,0.92573246,1.00512908,2024.03.08 14:41:15,2024.03.19 05:35:31,1778.762667,17073.020533,1.93086153,1,2024.03.08 10:36:40,1534.170200,0.24693391,0,,,,0,,,,0,,,,0,,,,,,,,,,0,,17073.000000
RUN,USDJPY,FOREX,USD5_PER_LOT_PER_SIDE,EXCLUDED_REQUIRE_SEPARATE_STRESS,20240405,2024.04.05 00:00,LONG,2024.03.19 17:37,2024.03.19 17:37,2024.04.05 02:15,150.837,150.837,146.470,0.889,149.058,150.995,150.995,1.779,1193.29000000,0.08769034,10.00000000,0.00838019,0.07931014,0.07512005,DONCHIAN_EXIT,USDJPY_20240319_LONG,0.62149184,0.32459838,2024.03.27 04:43:15,2024.03.21 03:33:15,10745.750333,2035.758183,0.86116535,1,2024.03.20 11:49:45,1092.251100,0.09343915,0,,,,0,,,,0,,,,0,,,,,,,,,,0,,23558.000000
RUN,GBPUSD,FOREX,USD5_PER_LOT_PER_SIDE,EXCLUDED_REQUIRE_SEPARATE_STRESS,20240409,2024.04.09 00:00,SHORT,2024.03.22 09:52,2024.03.22 09:52,2024.04.09 12:02,1.25985,1.25985,1.28925,0.00684,1.27354,1.26828,1.26828,0.01369,1368.80000000,-0.61586791,10.00000000,0.00730567,-0.62317358,-0.62682642,DONCHIAN_EXIT,GBPUSD_20240322_SHORT,0.42592051,0.62755698,2024.04.02 06:00:38,2024.04.04 15:43:15,15608.033333,19070.663733,1.05347750,0,,,,0,,,,0,,,,0,,,,0,,,,,,,,,,0,,26050.000000
RUN,EURUSD,FOREX,USD5_PER_LOT_PER_SIDE,EXCLUDED_REQUIRE_SEPARATE_STRESS,20240409,2024.04.09 00:00,SHORT,2024.03.28 10:05,2024.03.28 10:05,2024.04.09 14:40,1.07948,1.07949,1.09809,0.00520,1.08988,1.08762,1.08762,0.01040,1039.60000000,-0.78299346,10.00000000,0.00961908,-0.79261254,-0.79742209,DONCHIAN_EXIT,EURUSD_20240328_SHORT,0.67141208,0.78684109,2024.04.02 08:00:41,2024.04.04 15:43:38,7075.241117,10418.194100,1.45825317,1,2024.04.01 16:35:40,6150.228150,0.23181993,0,,,,0,,,,0,,,,0,,,,,,,,,,0,,17555.000000
RUN,USDJPY,FOREX,USD5_PER_LOT_PER_SIDE,EXCLUDED_REQUIRE_SEPARATE_STRESS,20240501,2024.05.01 00:00,LONG,2024.04.10 14:30,2024.04.10 14:30,2024.05.01 22:47,151.964,151.964,147.223,0.750,150.465,153.580,153.579,1.499,996.45000000,1.05532641,10.00000000,0.01003563,1.04529078,1.04027297,DONCHIAN_EXIT,USDJPY_20240410_LONG,5.15047418,0.03302725,2024.04.29 03:35:41,2024.04.10 14:30:13,26705.471900,0.000000,4.09514777,1,2024.04.10 16:05:40,95.459183,0.03302725,1,2024.04.15 03:05:18,6515.094983,0.03302725,1,2024.04.24 14:12:43,20142.515417,0.03302725,1,2024.04.26 09:07:40,22717.463150,0.03302725,1,2024.04.29 03:35:38,26705.432533,0.03302725,1.00098349,5.15047418,1.05532641,5.15047418,1.05532641,5.15047418,0,,30737.000000
RUN,GBPUSD,FOREX,USD5_PER_LOT_PER_SIDE,EXCLUDED_REQUIRE_SEPARATE_STRESS,20240429,2024.04.29 00:00,SHORT,2024.04.10 17:43,2024.04.10 17:43,2024.04.29 06:20,1.25386,1.25386,1.28219,0.00668,1.26722,1.25402,1.25402,0.01336,1335.60000000,-0.01197963,10.00000000,0.00748727,-0.01946691,-0.02321054,DONCHIAN_EXIT,GBPUSD_20240410_SHORT,1.78496556,0.30772686,2024.04.22 15:34:15,2024.04.11 15:16:17,17150.653000,1292.691883,1.81191974,1,2024.04.12 12:56:32,2592.940300,0.30772686,1,2024.04.19 03:38:40,12115.071667,0.30772686,0,,,,0,,,,0,,,,-0.02695418,1.78496556,,,,,0,,26677.000000
RUN,EURUSD,FOREX,USD5_PER_LOT_PER_SIDE,EXCLUDED_REQUIRE_SEPARATE_STRESS,20240426,2024.04.26 00:00,SHORT,2024.04.11 14:15,2024.04.11 14:15,2024.04.26 10:02,1.07241,1.07244,1.09546,0.00568,1.08376,1.07397,1.07397,0.01135,1135.40000000,-0.13739651,10.00000000,0.00880747,-0.14620398,-0.15060772,DONCHIAN_EXIT,EURUSD_20240411_SHORT,1.07979567,0.28800423,2024.04.16 19:32:15,2024.04.11 15:29:40,7516.752033,74.175617,1.21807293,1,2024.04.12 11:18:35,1263.083250,0.28800423,1,2024.04.16 03:15:42,6540.210450,0.28800423,0,,,,0,,,,0,,,,-0.13827726,1.07979567,,,,,0,,21347.000000
RUN,ETHUSD,CRYPTO,0.04PCT_NOTIONAL_PER_SIDE,EXCLUDED_REQUIRE_SEPARATE_STRESS,20240429,2024.04.29 00:00,SHORT,2024.04.15 20:17,2024.04.15 20:17,2024.04.29 00:00,3055.43,3055.97,3732.09,245.57,3546.57,3293.34,3307.01,491.14,491.14000000,-0.51223684,2.54497600,0.00518177,-0.51741861,-0.52000950,DONCHIAN_EXIT,ETHUSD_20240415_SHORT,0.38880971,0.51223684,2024.04.19 04:42:15,2024.04.29 00:00:00,4824.620517,18942.360250,0.90104654,0,,,,0,,,,0,,,,0,,,,0,,,,,,,,,,0,,18943.000000
RUN,BTCUSD,CRYPTO,0.04PCT_NOTIONAL_PER_SIDE,EXCLUDED_REQUIRE_SEPARATE_STRESS,20240515,2024.05.15 00:00,SHORT,2024.04.17 16:35,2024.04.17 16:35,2024.05.15 20:40,60773.76,60775.43,72775.88,3885.05,68543.85,65506.15,65506.96,7770.09,7770.10000000,-0.60915561,50.51228800,0.00650085,-0.61565646,-0.61890689,DONCHIAN_EXIT,BTCUSD_20240417_SHORT,0.54572271,0.83225827,2024.05.01 10:21:42,2024.04.23 01:12:15,19786.475150,7717.030183,1.15487832,1,2024.05.01 10:19:41,19784.456717,0.83225827,0,,,,0,,,,0,,,,0,,,,,,,,,,0,,40565.000000
RUN,ETHUSD,CRYPTO,0.04PCT_NOTIONAL_PER_SIDE,EXCLUDED_REQUIRE_SEPARATE_STRESS,20240520,2024.05.20 00:00,SHORT,2024.05.01 09:09,2024.05.01 09:09,2024.05.20 21:23,2861.88,2862.16,3732.09,207.21,3276.31,3222.36,3223.15,414.43,414.43000000,-0.87172743,2.43401200,0.00587316,-0.87760059,-0.88053717,DONCHIAN_EXIT,ETHUSD_20240501_SHORT,0.11203340,0.87172743,2024.05.01 10:21:42,2024.05.20 21:23:19,72.453250,28094.061433,0.98376083,0,,,,0,,,,0,,,,0,,,,0,,,,,,,,,,0,,28094.000000
RUN,EURUSD,FOREX,USD5_PER_LOT_PER_SIDE,EXCLUDED_REQUIRE_SEPARATE_STRESS,20240529,2024.05.29 00:00,LONG,2024.05.14 15:08,2024.05.14 15:08,2024.05.29 21:44,1.08125,1.08124,1.06009,0.00556,1.07013,1.08004,1.08004,0.01112,1112.20000000,-0.10879338,10.00000000,0.00899119,-0.11778457,-0.12228017,DONCHIAN_EXIT,EURUSD_20240514_LONG,0.73997482,0.10879338,2024.05.16 02:57:31,2024.05.23 23:01:00,2149.016683,13432.500017,0.84876821,1,2024.05.15 14:31:41,1403.186100,0.02607445,0,,,,0,,,,0,,,,0,,,,,,,,,,0,,21996.000000
RUN,GBPUSD,FOREX,USD5_PER_LOT_PER_SIDE,EXCLUDED_REQUIRE_SEPARATE_STRESS,20240614,2024.06.14 00:00,LONG,2024.05.15 14:30,2024.05.15 14:30,2024.06.14 14:19,1.26333,1.26333,1.22986,0.00750,1.24832,1.26873,1.26872,0.01501,1500.60000000,0.35918966,10.00000000,0.00666400,0.35252566,0.34919366,DONCHIAN_EXIT,GBPUSD_20240515_LONG,1.50939624,0.13261362,2024.06.12 15:31:38,2024.05.15 15:54:38,40381.281583,84.296133,1.15020658,1,2024.05.17 19:16:33,3166.198000,0.13261362,1,2024.05.28 13:07:23,18637.031333,0.13261362,0,,,,0,,,,0,,,,0.31187525,1.50939624,,,,,0,,43189.000000
RUN,BTCUSD,CRYPTO,0.04PCT_NOTIONAL_PER_SIDE,EXCLUDED_REQUIRE_SEPARATE_STRESS,20240611,2024.06.11 00:00,LONG,2024.05.17 17:29,2024.05.17 17:29,2024.06.11 15:56,67241.99,67240.20,56532.66,3042.32,61157.36,66653.19,66651.30,6084.63,6084.63000000,-0.09707903,53.55731600,0.00880207,-0.10588110,-0.11028213,DONCHIAN_EXIT,BTCUSD_20240517_LONG,0.77736033,0.19361079,2024.05.21 02:19:17,2024.05.20 03:33:39,4849.955150,3484.318817,0.92761433,1,2024.05.20 22:00:32,4591.192683,0.19361079,0,,,,0,,,,0,,,,0,,,,,,,,,,0,,35907.000000
RUN,XAUUSD,METAL,0.0016PCT_NOTIONAL_PER_SIDE,EXCLUDED_REQUIRE_SEPARATE_STRESS,20240523,2024.05.23 00:00,LONG,2024.05.17 18:03,2024.05.17 18:03,2024.05.23 17:33,2417.80,2417.80,2277.28,36.35,2345.09,2306.69,2345.07,72.71,7270.70000000,-1.00031634,7.62059200,0.00104812,-1.00136446,-1.00188852,STOP,XAUUSD_20240517_LONG,0.44301099,1.00031634,2024.05.20 08:53:41,2024.05.23 17:33:24,3770.077667,8609.781033,1.44332733,0,,,,0,,,,0,,,,0,,,,0,,,,,,,,,,0,,8610.000000
RUN,ETHUSD,CRYPTO,0.04PCT_NOTIONAL_PER_SIDE,EXCLUDED_REQUIRE_SEPARATE_STRESS,20240607,2024.06.07 00:00,LONG,2024.05.20 21:25,2024.05.20 21:25,2024.06.07 20:04,3312.62,3312.59,2815.34,153.58,3005.46,3627.39,3626.42,307.16,307.16000000,1.02161740,2.77561600,0.00903638,1.01258101,1.00806282,DONCHIAN_EXIT,ETHUSD_20240520_LONG,2.16808829,0.02708686,2024.05.27 17:47:15,2024.05.20 21:28:40,9861.728333,3.139133,1.38338325,1,2024.05.20 22:00:40,35.148850,0.02708686,1,2024.05.20 23:55:26,149.915633,0.02708686,1,2024.05.23 14:08:19,3882.803083,0.02708686,0,,,,0,,,,0.68697096,2.16808829,0.68697096,2.16808829,,,0,,25839.000000
RUN,USDJPY,FOREX,USD5_PER_LOT_PER_SIDE,EXCLUDED_REQUIRE_SEPARATE_STRESS,20240604,2024.06.04 00:00,LONG,2024.05.30 01:07,2024.05.30 01:07,2024.06.04 08:16,157.702,157.700,151.851,1.024,155.653,155.836,155.836,2.049,1316.32000000,-0.90966482,10.00000000,0.00759694,-0.91726176,-0.92106023,DONCHIAN_EXIT,USDJPY_20240530_LONG,0.00000000,0.90966482,,2024.06.04 08:16:26,,7629.440667,0.90966482,0,,,,0,,,,0,,,,0,,,,0,,,,,,,,,,0,,7629.000000
RUN,EURUSD,FOREX,USD5_PER_LOT_PER_SIDE,EXCLUDED_REQUIRE_SEPARATE_STRESS,20240607,2024.06.07 00:00,LONG,2024.06.03 20:19,2024.06.03 20:19,2024.06.07 18:57,1.08948,1.08948,1.07238,0.00458,1.08031,1.07880,1.08031,0.00917,916.90000000,-1.00010906,10.00000000,0.01090631,-1.01101538,-1.01646854,STOP,EURUSD_20240603_LONG,0.22903261,1.00010906,2024.06.04 02:55:38,2024.06.07 18:57:38,396.633333,5678.633333,1.22914167,0,,,,0,,,,0,,,,0,,,,0,,,,,,,,,,0,,5678.000000
RUN,XAUUSD,METAL,0.0016PCT_NOTIONAL_PER_SIDE,EXCLUDED_REQUIRE_SEPARATE_STRESS,20240705,2024.07.05 00:00,SHORT,2024.06.07 15:31,2024.06.07 15:31,2024.07.05 15:16,2314.72,2314.73,2450.01,34.22,2383.16,2368.66,2368.66,68.44,6844.30000000,-0.78810105,7.49340800,0.00109484,-0.78919589,-0.78974331,DONCHIAN_EXIT,XAUUSD_20240607_SHORT,0.40646962,0.79146151,2024.06.07 23:14:39,2024.06.21 14:39:17,463.607450,20108.241233,1.19793113,0,,,,0,,,,0,,,,0,,,,0,,,,,,,,,,0,,40305.000000
RUN,EURUSD,FOREX,USD5_PER_LOT_PER_SIDE,EXCLUDED_REQUIRE_SEPARATE_STRESS,20240701,2024.07.01 00:00,SHORT,2024.06.10 00:17,2024.06.10 00:17,2024.07.01 03:35,1.07649,1.07655,1.09158,0.00521,1.08691,1.07611,1.07616,0.01042,1042.00000000,0.03166987,10.00000000,0.00959693,0.02207294,0.01727447,DONCHIAN_EXIT,EURUSD_20240610_SHORT,0.94625720,0.84261036,2024.06.26 15:32:38,2024.06.12 17:04:35,23955.639983,3887.588233,1.27447217,1,2024.06.14 09:17:25,6300.416667,0.84261036,0,,,,0,,,,0,,,,0,,,,,,,,,,0,,30438.000000
RUN,USDJPY,FOREX,USD5_PER_LOT_PER_SIDE,EXCLUDED_REQUIRE_SEPARATE_STRESS,20240711,2024.07.11 00:00,LONG,2024.06.14 05:24,2024.06.14 05:24,2024.07.11 14:42,157.700,157.700,154.533,0.973,155.754,160.262,160.262,1.946,1249.60000000,1.27931338,10.00000000,0.00800256,1.27131082,1.26730954,DONCHIAN_EXIT,USDJPY_20240614_LONG,2.10152849,0.42085467,2024.07.03 12:59:38,2024.06.14 12:17:39,27814.978800,413.002917,0.82221511,1,2024.06.20 15:36:04,9251.419933,0.42085467,1,2024.06.21 22:36:26,11111.778800,0.42085467,1,2024.07.02 06:50:40,26006.022883,0.42085467,0,,,,0,,,,0.52379161,2.10152849,1.27931338,2.10152849,,,0,,39438.000000
RUN,BTCUSD,CRYPTO,0.04PCT_NOTIONAL_PER_SIDE,EXCLUDED_REQUIRE_SEPARATE_STRESS,20240717,2024.07.17 00:00,SHORT,2024.06.14 19:04,2024.06.14 19:04,2024.07.17 00:30,65110.99,65111.84,71971.94,2534.94,70180.88,63252.01,64336.85,5069.89,5069.89000000,0.15269365,51.77913600,0.01021307,0.14248058,0.13737404,DONCHIAN_EXIT,BTCUSD_20240614_SHORT,2.28281876,0.42800534,2024.07.05 06:19:42,2024.06.17 20:35:17,29475.253233,4410.831133,2.13012511,1,2024.06.24 07:21:39,13697.202050,0.42800534,1,2024.06.24 18:53:40,14389.221050,0.42800534,1,2024.07.05 06:15:38,29471.184617,0.42800534,0,,,,0,,,,0.15269365,2.28281876,0.15269365,2.28281876,,,0,,46406.000000
RUN,ETHUSD,CRYPTO,0.04PCT_NOTIONAL_PER_SIDE,EXCLUDED_REQUIRE_SEPARATE_STRESS,20240717,2024.07.17 00:00,SHORT,2024.06.18 03:44,2024.06.18 03:44,2024.07.17 02:32,3361.89,3362.47,3978.57,181.31,3724.52,3464.85,3465.09,362.63,362.63000000,-0.28458760,2.73079200,0.00753052,-0.29211811,-0.29588337,DONCHIAN_EXIT,ETHUSD_20240618_SHORT,1.52430852,0.72680142,2024.07.05 06:19:41,2024.06.20 13:08:40,24635.631650,3444.624633,1.80889612,1,2024.07.04 04:00:43,23056.662750,0.72680142,1,2024.07.05 04:58:18,24554.262000,0.72680142,0,,,,0,,,,0,,,,-0.28458760,1.52430852,,,,,0,,41688.000000
RUN,GBPUSD,FOREX,USD5_PER_LOT_PER_SIDE,EXCLUDED_REQUIRE_SEPARATE_STRESS,20240703,2024.07.03 00:00,SHORT,2024.06.20 22:36,2024.06.20 22:36,2024.07.03 15:33,1.26562,1.26562,1.28598,0.00677,1.27916,1.27392,1.27392,0.01354,1354.50000000,-0.61277224,10.00000000,0.00738280,-0.62015504,-0.62384644,DONCHIAN_EXIT,GBPUSD_20240620_SHORT,0.31155408,0.61277224,2024.06.27 02:45:37,2024.07.03 15:33:35,8889.600000,18297.566667,0.92432632,0,,,,0,,,,0,,,,0,,,,0,,,,,,,,,,0,,18297.000000
RUN,XAUUSD,METAL,0.0016PCT_NOTIONAL_PER_SIDE,EXCLUDED_REQUIRE_SEPARATE_STRESS,20240725,2024.07.25 00:00,LONG,2024.07.05 18:33,2024.07.05 18:33,2024.07.25 04:42,2387.65,2387.65,2286.74,30.42,2326.81,2371.04,2371.01,60.84,6083.60000000,-0.27352226,7.61385600,0.00125154,-0.27477379,-0.27539956,DONCHIAN_EXIT,XAUUSD_20240705_LONG,1.57899928,0.62791768,2024.07.17 17:00:17,2024.07.09 18:21:40,17186.772417,5748.157483,1.85252153,1,2024.07.11 18:00:05,8606.565500,0.62791768,1,2024.07.16 17:33:05,15779.565533,0.62791768,0,,,,0,,,,0,,,,-0.27352226,1.57899928,,,,,0,,27969.000000
RUN,GBPUSD,FOREX,USD5_PER_LOT_PER_SIDE,EXCLUDED_REQUIRE_SEPARATE_STRESS,20240729,2024.07.29 00:00,LONG,2024.07.11 00:00,2024.07.11 00:00,2024.07.29 10:18,1.28493,1.28488,1.26120,0.00608,1.27276,1.28497,1.28497,0.01217,1216.70000000,0.00328758,10.00000000,0.00821895,-0.00493137,-0.00904085,DONCHIAN_EXIT,GBPUSD_20240711_LONG,1.60433961,0.00821895,2024.07.17 12:05:15,2024.07.11 00:00:00,9365.258050,0.000000,1.60105203,1,2024.07.11 14:30:32,870.542050,0.00821895,1,2024.07.12 15:08:40,2348.671333,0.00821895,0,,,,0,,,,0,,,,0.00328758,1.60433961,,,,,0,,26538.000000
RUN,EURUSD,FOREX,USD5_PER_LOT_PER_SIDE,EXCLUDED_REQUIRE_SEPARATE_STRESS,20240729,2024.07.29 00:00,LONG,2024.07.11 10:42,2024.07.11 10:42,2024.07.29 14:43,1.08452,1.08450,1.06656,0.00494,1.07463,1.08256,1.08256,0.00989,988.60000000,-0.19826017,10.00000000,0.01011531,-0.20837548,-0.21343314,DONCHIAN_EXIT,EURUSD_20240711_LONG,1.03985434,0.19826017,2024.07.17 15:38:41,2024.07.24 09:58:05,8936.033817,18675.434667,1.23811451,1,2024.07.11 14:42:43,240.054883,0.02124216,1,2024.07.17 11:02:32,8659.872550,0.02124216,0,,,,0,,,,0,,,,-0.19826017,1.03985434,,,,,0,,26161.000000
RUN,USDJPY,FOREX,USD5_PER_LOT_PER_SIDE,EXCLUDED_REQUIRE_SEPARATE_STRESS,20240920,2024.09.20 00:00,SHORT,2024.07.17 09:23,2024.07.17 09:23,2024.09.20 13:37,157.369,157.369,161.953,1.082,159.533,144.055,144.061,2.164,1356.58000000,6.80958734,10.00000000,0.00737148,6.80221587,6.79853013,DONCHIAN_EXIT,USDJPY_20240717_SHORT,9.39291454,0.23300506,2024.09.16 10:36:41,2024.07.19 07:53:42,87912.993967,2790.010583,4.22707839,1,2024.07.17 10:41:41,77.995233,0.05336213,1,2024.07.24 03:12:42,9709.007250,0.23300506,1,2024.07.24 16:05:39,10481.950950,0.23300506,1,2024.07.31 10:49:42,20246.005700,0.23300506,1,2024.08.02 15:33:42,23410.011067,0.23300506,0.86393725,9.39291454,1.01960813,9.39291454,2.95282254,9.39291454,0,,93854.000000
RUN,BTCUSD,CRYPTO,0.04PCT_NOTIONAL_PER_SIDE,EXCLUDED_REQUIRE_SEPARATE_STRESS,20240801,2024.08.01 00:00,LONG,2024.07.19 18:23,2024.07.19 18:23,2024.08.01 18:21,66469.91,66469.22,53519.37,2880.74,60708.42,63228.03,63225.68,5761.49,5761.49000000,-0.56308871,51.87823600,0.00900431,-0.57209302,-0.57659518,DONCHIAN_EXIT,BTCUSD_20240719_LONG,0.62008786,0.56308871,2024.07.29 16:06:17,2024.08.01 18:21:19,14263.247350,18718.268967,1.18317657,1,2024.07.29 05:32:31,13629.474467,0.52674395,0,,,,0,,,,0,,,,0,,,,,,,,,,0,,18718.000000
RUN,ETHUSD,CRYPTO,0.04PCT_NOTIONAL_PER_SIDE,EXCLUDED_REQUIRE_SEPARATE_STRESS,20240725,2024.07.25 00:00,LONG,2024.07.22 01:07,2024.07.22 01:07,2024.07.25 03:09,3547.49,3547.49,2807.57,165.06,3217.36,3023.85,3217.35,330.13,330.13000000,-1.00003029,2.70593600,0.00819658,-1.00822687,-1.01232516,STOP,ETHUSD_20240722_LONG,0.04952594,1.00003029,2024.07.22 02:48:15,2024.07.25 03:09:39,101.001783,4442.405217,1.04955624,0,,,,0,,,,0,,,,0,,,,0,,,,,,,,,,0,,4442.000000
RUN,GBPUSD,FOREX,USD5_PER_LOT_PER_SIDE,EXCLUDED_REQUIRE_SEPARATE_STRESS,20240813,2024.08.13 00:00,SHORT,2024.08.02 00:05,2024.08.02 00:05,2024.08.13 19:57,1.27253,1.27268,1.30445,0.00604,1.28461,1.28659,1.28462,0.01208,1208.50000000,-1.00041374,10.00000000,0.00827472,-1.00868846,-1.01282582,STOP,GBPUSD_20240802_SHORT,0.49731072,1.00041374,2024.08.08 13:08:14,2024.08.13 19:57:30,9422.645900,17031.900000,1.49772445,0,,,,0,,,,0,,,,0,,,,0,,,,,,,,,,0,,17032.000000
RUN,ETHUSD,CRYPTO,0.04PCT_NOTIONAL_PER_SIDE,EXCLUDED_REQUIRE_SEPARATE_STRESS,20240826,2024.08.26 00:00,SHORT,2024.08.05 00:00,2024.08.05 00:00,2024.08.26 00:16,2752.25,2807.57,3563.84,176.78,3105.81,2781.98,2781.98,353.56,353.56000000,-0.08408757,2.21369200,0.00626115,-0.09034872,-0.09347929,DONCHIAN_EXIT,ETHUSD_20240805_SHORT,1.88938228,0.08437040,2024.08.05 04:10:41,2024.08.14 15:30:16,250.695650,13890.267667,1.97375269,1,2024.08.05 03:55:29,235.493183,0.00220613,1,2024.08.05 04:08:18,248.306383,0.00220613,0,,,,0,,,,0,,,,-0.08437040,1.88938228,,,,,0,,30256.000000
RUN,BTCUSD,CRYPTO,0.04PCT_NOTIONAL_PER_SIDE,EXCLUDED_REQUIRE_SEPARATE_STRESS,20240808,2024.08.08 00:00,SHORT,2024.08.05 04:10,2024.08.05 04:10,2024.08.08 18:36,53504.51,53519.37,70042.54,2941.89,59388.29,70042.54,59391.47,5883.78,5883.79000000,-1.00053877,45.15839200,0.00767505,-1.00821382,-1.01205135,STOP,BTCUSD_20240805_SHORT,0.71145639,1.00053877,2024.08.05 09:24:41,2024.08.08 18:36:39,314.040633,5186.004333,1.71199516,1,2024.08.05 09:22:28,311.810033,0.28632905,0,,,,0,,,,0,,,,0,,,,,,,,,,0,,5186.000000
RUN,EURUSD,FOREX,USD5_PER_LOT_PER_SIDE,EXCLUDED_REQUIRE_SEPARATE_STRESS,20240903,2024.09.03 00:00,LONG,2024.08.05 10:30,2024.08.05 10:30,2024.09.03 12:07,1.09480,1.09480,1.07774,0.00472,1.08536,1.10419,1.10418,0.00944,943.80000000,0.99385463,10.00000000,0.01059547,0.98325917,0.97796143,DONCHIAN_EXIT,EURUSD_20240805_LONG,2.68277177,0.70671752,2024.08.26 03:52:38,2024.08.08 16:49:15,29841.961133,4698.590317,1.68891714,1,2024.08.05 15:48:18,317.638267,0.15999152,1,2024.08.14 16:49:40,13338.994217,0.70671752,1,2024.08.21 18:25:39,23514.994200,0.70671752,0,,,,0,,,,0.01589320,2.68277177,0.99385463,2.68277177,,,0,,41857.000000
RUN,XAUUSD,METAL,0.0016PCT_NOTIONAL_PER_SIDE,EXCLUDED_REQUIRE_SEPARATE_STRESS,20241008,2024.10.08 00:00,LONG,2024.08.16 15:51,2024.08.16 15:51,2024.10.08 17:35,2479.97,2479.97,2353.12,40.61,2398.75,2622.63,2622.63,81.22,8121.50000000,1.75657206,8.16416000,0.00100525,1.75556681,1.75506418,DONCHIAN_EXIT,XAUUSD_20240816_LONG,2.53179831,0.11327957,2024.09.26 14:40:05,2024.08.22 17:23:16,58968.579067,8731.757150,0.77522625,1,2024.08.20 11:05:42,5474.193150,0.03127501,1,2024.09.13 03:43:05,39591.585317,0.11327957,1,2024.09.24 17:44:39,56273.153850,0.11327957,0,,,,0,,,,0.82312381,2.53179831,1.75657206,2.53179831,,,0,,76424.000000
RUN,GBPUSD,FOREX,USD5_PER_LOT_PER_SIDE,EXCLUDED_REQUIRE_SEPARATE_STRESS,20240909,2024.09.09 00:00,LONG,2024.08.19 00:02,2024.08.19 00:02,2024.09.09 11:25,1.29473,1.29460,1.26648,0.00747,1.27980,1.30877,1.30871,0.01493,1493.40000000,0.93611892,10.00000000,0.00669613,0.92942279,0.92607473,DONCHIAN_EXIT,GBPUSD_20240819_LONG,2.13539574,0.10512924,2024.08.27 23:05:42,2024.08.19 00:08:59,12903.212033,6.483333,1.19927682,1,2024.08.20 15:50:03,2387.565467,0.10512924,1,2024.08.21 20:41:33,4119.050000,0.10512924,1,2024.08.27 12:19:40,12257.179983,0.10512924,0,,,,0,,,,0.86447034,2.13539574,0.93611892,2.13539574,,,0,,30923.000000
RUN,ETHUSD,CRYPTO,0.04PCT_NOTIONAL_PER_SIDE,EXCLUDED_REQUIRE_SEPARATE_STRESS,20240919,2024.09.19 00:00,SHORT,2024.09.04 04:03,2024.09.04 04:03,2024.09.19 19:31,2306.91,2307.29,2793.15,151.33,2609.57,2469.74,2469.78,302.66,302.66000000,-0.53812859,1.91067600,0.00631295,-0.54444154,-0.54759801,DONCHIAN_EXIT,ETHUSD_20240904_SHORT,0.46679442,0.61124694,2024.09.06 23:54:42,2024.09.04 19:31:41,4071.006100,928.001550,1.00492302,0,,,,0,,,,0,,,,0,,,,0,,,,,,,,,,0,,22528.000000
RUN,BTCUSD,CRYPTO,0.04PCT_NOTIONAL_PER_SIDE,EXCLUDED_REQUIRE_SEPARATE_STRESS,20240913,2024.09.13 00:00,SHORT,2024.09.06 10:24,2024.09.06 10:24,2024.09.13 20:46,55599.49,55600.39,65015.84,2754.85,61109.19,59915.56,59916.56,5509.70,5509.70000000,-0.78353994,46.20642000,0.00838638,-0.79192632,-0.79611950,DONCHIAN_EXIT,BTCUSD_20240906_SHORT,0.53667532,0.78353994,2024.09.06 23:53:16,2024.09.13 20:46:30,808.814667,10702.051767,1.32021526,1,2024.09.06 23:50:59,806.530633,0.25515001,0,,,,0,,,,0,,,,0,,,,,,,,,,0,,10702.000000
RUN,GBPUSD,FOREX,USD5_PER_LOT_PER_SIDE,EXCLUDED_REQUIRE_SEPARATE_STRESS,20241003,2024.10.03 00:00,LONG,2024.09.18 21:00,2024.09.18 21:00,2024.10.03 10:41,1.32662,1.32662,1.30022,0.00810,1.31042,1.31535,1.31532,0.01620,1619.60000000,-0.69770314,10.00000000,0.00617436,-0.70387750,-0.70696468,DONCHIAN_EXIT,GBPUSD_20240918_LONG,1.03852803,0.69770314,2024.09.26 18:57:16,2024.10.03 10:41:42,11396.579633,20981.018383,1.73623117,1,2024.09.23 17:17:40,6976.995200,0.69585083,1,2024.09.25 03:01:30,9000.826167,0.69585083,0,,,,0,,,,0,,,,-0.69770314,1.03852803,,,,,0,,20981.000000
RUN,EURUSD,FOREX,USD5_PER_LOT_PER_SIDE,EXCLUDED_REQUIRE_SEPARATE_STRESS,20241001,2024.10.01 00:00,LONG,2024.09.25 01:56,2024.09.25 01:56,2024.10.01 16:36,1.11892,1.11891,1.10020,0.00629,1.10634,1.10685,1.10684,0.01258,1257.50000000,-0.96063618,10.00000000,0.00795229,-0.96858847,-0.97256461,DONCHIAN_EXIT,EURUSD_20240925_LONG,0.19721670,0.96063618,2024.09.25 16:06:42,2024.10.01 16:36:32,850.059867,9519.881517,1.15785288,0,,,,0,,,,0,,,,0,,,,0,,,,,,,,,,0,,9520.000000
RUN,BTCUSD,CRYPTO,0.04PCT_NOTIONAL_PER_SIDE,EXCLUDED_REQUIRE_SEPARATE_STRESS,20241003,2024.10.03 00:00,LONG,2024.09.25 04:39,2024.09.25 04:39,2024.10.03 16:17,64731.26,64729.68,52640.07,2643.58,59444.11,59941.74,59940.34,5287.15,5287.15000000,-0.90614414,49.86864000,0.00943205,-0.91557619,-0.92029221,DONCHIAN_EXIT,BTCUSD_20240925_LONG,0.32271829,0.90614414,2024.09.27 17:38:15,2024.10.03 16:17:30,3658.624217,12217.886200,1.22886243,0,,,,0,,,,0,,,,0,,,,0,,,,,,,,,,0,,12218.000000
RUN,ETHUSD,CRYPTO,0.04PCT_NOTIONAL_PER_SIDE,EXCLUDED_REQUIRE_SEPARATE_STRESS,20241001,2024.10.01 00:00,LONG,2024.09.27 19:30,2024.09.27 19:30,2024.10.01 20:20,2704.26,2704.26,2165.53,134.88,2434.50,2262.91,2434.35,269.76,269.76000000,-1.00055605,2.05544400,0.00761953,-1.00817558,-1.01198534,STOP,ETHUSD_20240927_LONG,0.09111803,1.00055605,2024.09.27 19:37:15,2024.10.01 20:20:36,6.986917,5810.331533,1.09167408,0,,,,0,,,,0,,,,0,,,,0,,,,,,,,,,0,,5810.000000
RUN,USDJPY,FOREX,USD5_PER_LOT_PER_SIDE,EXCLUDED_REQUIRE_SEPARATE_STRESS,20241126,2024.11.26 00:00,LONG,2024.10.02 23:09,2024.10.02 23:09,2024.11.26 14:15,146.497,146.496,139.579,1.921,142.656,153.279,153.279,3.841,2692.85000000,1.64309561,10.00000000,0.00371354,1.63938207,1.63752530,DONCHIAN_EXIT,USDJPY_20241002_LONG,2.42924411,0.14709694,2024.11.15 02:49:16,2024.10.04 08:51:43,62139.792383,2022.244083,0.78614850,1,2024.10.04 15:32:43,2423.250033,0.14709694,1,2024.10.21 19:46:30,27157.025267,0.14709694,1,2024.11.12 19:12:12,58802.741850,0.14709694,0,,,,0,,,,0.98676495,2.42924411,1.64309561,2.42924411,,,0,,78666.000000
RUN,EURUSD,FOREX,USD5_PER_LOT_PER_SIDE,EXCLUDED_REQUIRE_SEPARATE_STRESS,20241031,2024.10.31 00:00,SHORT,2024.10.04 15:30,2024.10.04 15:30,2024.10.31 13:19,1.10020,1.10020,1.12140,0.00687,1.11393,1.08738,1.08738,0.01373,1373.30000000,0.93351780,10.00000000,0.00728173,0.92623607,0.92259521,DONCHIAN_EXIT,EURUSD_20241004_SHORT,1.75198427,0.00218452,2024.10.23 15:27:39,2024.10.04 15:30:31,27357.132167,0.000267,0.81846647,1,2024.10.10 10:25:59,8335.464567,0.00218452,1,2024.10.16 20:15:11,17564.662967,0.00218452,0,,,,0,,,,0,,,,0.92332338,1.75198427,,,,,0,,38749.000000
RUN,GBPUSD,FOREX,USD5_PER_LOT_PER_SIDE,EXCLUDED_REQUIRE_SEPARATE_STRESS,20241106,2024.11.06 00:00,SHORT,2024.10.10 15:30,2024.10.10 15:30,2024.11.06 00:02,1.30321,1.30322,1.34344,0.00975,1.32272,1.30434,1.30460,0.01951,1950.90000000,-0.07124917,10.00000000,0.00512584,-0.07637501,-0.07893793,DONCHIAN_EXIT,GBPUSD_20241010_SHORT,0.96314522,0.36495976,2024.10.31 18:53:16,2024.10.15 16:21:40,30442.937050,7251.343133,1.03439438,1,2024.10.23 19:14:04,18943.748183,0.36495976,0,,,,0,,,,0,,,,0,,,,,,,,,,0,,37952.000000
RUN,BTCUSD,CRYPTO,0.04PCT_NOTIONAL_PER_SIDE,EXCLUDED_REQUIRE_SEPARATE_STRESS,20241230,2024.12.30 00:00,LONG,2024.10.15 01:58,2024.10.15 01:58,2024.12.30 16:35,66438.52,66437.52,57603.99,2563.76,61311.00,92264.05,92260.91,5127.52,5127.52000000,5.03603886,63.47977200,0.01238021,5.02365866,5.01746855,DONCHIAN_EXIT,BTCUSD_20241015_LONG,8.17386963,0.32651262,2024.12.17 16:57:40,2024.10.15 18:07:42,91619.061967,969.100350,3.13783076,1,2024.10.21 01:03:12,8584.595967,0.32651262,1,2024.10.29 05:24:39,20366.050650,0.32651262,1,2024.11.07 20:58:04,34259.470617,0.32651262,1,2024.11.11 05:50:16,39111.661617,0.32651262,1,2024.11.13 17:44:26,42705.837650,0.32651262,0.07171108,8.17386963,1.76105603,8.17386963,2.73682989,8.17386963,0,,110317.000000
RUN,XAUUSD,METAL,0.0016PCT_NOTIONAL_PER_SIDE,EXCLUDED_REQUIRE_SEPARATE_STRESS,20241106,2024.11.06 00:00,LONG,2024.10.17 09:40,2024.10.17 09:40,2024.11.06 08:35,2685.62,2685.59,2551.09,31.50,2622.62,2708.72,2708.72,63.00,6300.30000000,0.36664921,8.63094400,0.00136993,0.36527928,0.36459432,DONCHIAN_EXIT,XAUUSD_20241017_LONG,1.65801628,0.19824453,2024.10.31 04:05:42,2024.10.17 15:31:43,19825.030950,351.048783,1.29136708,1,2024.10.18 17:19:30,1898.842367,0.19824453,1,2024.10.22 22:58:59,7998.316967,0.19824453,0,,,,0,,,,0,,,,0.36664921,1.65801628,,,,,0,,28735.000000
RUN,ETHUSD,CRYPTO,0.04PCT_NOTIONAL_PER_SIDE,EXCLUDED_REQUIRE_SEPARATE_STRESS,20241023,2024.10.23 00:00,LONG,2024.10.21 01:02,2024.10.21 01:02,2024.10.23 19:54,2728.85,2728.84,2309.69,118.68,2491.50,2329.30,2491.46,237.35,237.35000000,-1.00016853,2.08812400,0.00879766,-1.00896618,-1.01336501,STOP,ETHUSD_20241021_LONG,0.17265641,1.00016853,2024.10.21 03:23:39,2024.10.23 19:54:36,141.166533,4012.102983,1.17282494,0,,,,0,,,,0,,,,0,,,,0,,,,,,,,,,0,,4012.000000
RUN,EURUSD,FOREX,USD5_PER_LOT_PER_SIDE,EXCLUDED_REQUIRE_SEPARATE_STRESS,20241206,2024.12.06 00:00,SHORT,2024.11.06 05:00,2024.11.06 05:00,2024.12.06 15:30,1.07595,1.07613,1.09810,0.00529,1.08653,1.05972,1.06011,0.01058,1058.40000000,1.49659864,10.00000000,0.00944822,1.48715042,1.48242630,DONCHIAN_EXIT,EURUSD_20241106_SHORT,4.03250189,0.61980348,2024.11.22 11:14:43,2024.11.07 17:31:42,23414.360117,2191.340283,2.53590325,1,2024.11.06 08:43:31,223.170783,0.33446712,1,2024.11.11 14:35:05,7774.726000,0.61980348,1,2024.11.14 04:57:27,11517.099950,0.61980348,1,2024.11.22 10:59:43,23399.358367,0.61980348,0,,,,0.90702948,4.03250189,1.41345427,4.03250189,1.49659864,4.03250189,0,,43830.000000
RUN,GBPUSD,FOREX,USD5_PER_LOT_PER_SIDE,EXCLUDED_REQUIRE_SEPARATE_STRESS,20241107,2024.11.07 00:00,SHORT,2024.11.06 14:32,2024.11.06 14:32,2024.11.07 16:43,1.28436,1.28440,1.31055,0.00759,1.29955,1.30480,1.29955,0.01519,1518.90000000,-1.00006584,10.00000000,0.00658371,-1.00664955,-1.00994140,STOP,GBPUSD_20241106_SHORT,0.05991178,1.00006584,2024.11.06 16:32:42,2024.11.07 16:43:42,120.213483,1571.208533,1.05997762,0,,,,0,,,,0,,,,0,,,,0,,,,,,,,,,0,,1571.000000
RUN,ETHUSD,CRYPTO,0.04PCT_NOTIONAL_PER_SIDE,EXCLUDED_REQUIRE_SEPARATE_STRESS,20241219,2024.12.19 00:00,LONG,2024.11.07 03:12,2024.11.07 03:12,2024.12.19 19:49,2769.85,2769.83,2329.30,130.36,2509.13,3480.35,3480.26,260.72,260.72000000,2.72480055,2.50004400,0.00958900,2.71521155,2.71041705,DONCHIAN_EXIT,ETHUSD_20241107_LONG,5.12676434,0.00606014,2024.12.16 20:52:42,2024.11.07 03:12:28,57220.228417,0.000000,2.40196379,1,2024.11.07 22:18:41,1146.205217,0.00606014,1,2024.11.11 00:00:00,5567.518533,0.00606014,1,2024.11.11 18:23:29,6671.009200,0.00606014,1,2024.11.27 17:31:42,29659.224400,0.00606014,1,2024.12.06 21:31:38,42859.157183,0.00606014,0.94281221,5.12676434,0.94281221,5.12676434,2.72480055,5.12676434,0,,61477.000000
RUN,XAUUSD,METAL,0.0016PCT_NOTIONAL_PER_SIDE,EXCLUDED_REQUIRE_SEPARATE_STRESS,20241122,2024.11.22 00:00,SHORT,2024.11.11 15:41,2024.11.11 15:41,2024.11.22 12:12,2638.05,2638.05,2790.08,35.08,2708.20,2710.34,2708.29,70.15,7015.20000000,-1.00125442,8.55414400,0.00121937,-1.00247379,-1.00308348,STOP,XAUUSD_20241111_SHORT,1.44129889,1.00125442,2024.11.14 11:52:16,2024.11.22 12:12:42,4090.862333,15631.308900,2.44255331,1,2024.11.12 09:24:21,1062.944633,0.04233664,1,2024.11.14 03:02:35,3561.188733,0.04233664,0,,,,0,,,,0,,,,-1.00125442,1.44129889,,,,,0,,15631.000000
RUN,GBPUSD,FOREX,USD5_PER_LOT_PER_SIDE,EXCLUDED_REQUIRE_SEPARATE_STRESS,20241129,2024.11.29 00:00,SHORT,2024.11.12 07:57,2024.11.12 07:57,2024.11.29 05:45,1.28344,1.28344,1.31032,0.00918,1.30180,1.27147,1.27147,0.01836,1836.30000000,0.65185427,10.00000000,0.00544573,0.64640854,0.64368567,DONCHIAN_EXIT,GBPUSD_20241112_SHORT,1.88858030,0.00054457,2024.11.22 12:07:41,2024.11.12 07:57:19,14650.366317,0.000000,1.23672603,1,2024.11.12 18:37:33,640.232717,0.00054457,1,2024.11.14 12:11:38,3134.300933,0.00054457,0,,,,0,,,,0,,,,0.62081359,1.88858030,,,,,0,,24348.000000
RUN,USDJPY,FOREX,USD5_PER_LOT_PER_SIDE,EXCLUDED_REQUIRE_SEPARATE_STRESS,20241213,2024.12.13 00:00,SHORT,2024.11.27 12:07,2024.11.27 12:07,2024.12.13 02:21,151.267,151.284,156.751,1.544,154.356,152.870,152.870,3.089,2000.96000000,-0.52404846,10.00000000,0.00499760,-0.52904606,-0.53154486,DONCHIAN_EXIT,USDJPY_20241127_SHORT,0.88017751,0.52534284,2024.12.03 16:41:16,2024.12.11 15:30:16,8913.732767,20362.735950,1.40552035,1,2024.11.29 06:24:05,2536.552250,0.22660123,0,,,,0,,,,0,,,,0,,,,,,,,,,0,,22454.000000
RUN,XAUUSD,METAL,0.0016PCT_NOTIONAL_PER_SIDE,EXCLUDED_REQUIRE_SEPARATE_STRESS,20241216,2024.12.16 00:00,LONG,2024.12.11 20:24,2024.12.11 20:24,2024.12.16 02:50,2721.43,2721.36,2536.77,38.36,2644.71,2613.19,2644.71,76.72,7672.00000000,-1.00000000,8.58582400,0.00111911,-1.00111911,-1.00167867,STOP,XAUUSD_20241211_LONG,0.06191345,1.00000000,2024.12.12 03:00:41,2024.12.16 02:50:39,395.975133,6145.937467,1.06191345,0,,,,0,,,,0,,,,0,,,,0,,,,,,,,,,0,,6146.000000
RUN,XAUUSD,METAL,0.0016PCT_NOTIONAL_PER_SIDE,EXCLUDED_REQUIRE_SEPARATE_STRESS,20250102,2025.01.02 00:00,SHORT,2024.12.18 21:57,2024.12.18 21:57,2025.01.02 18:46,2605.08,2605.24,2726.18,38.15,2681.38,2658.65,2658.65,76.30,7630.20000000,-0.70207858,8.42196800,0.00110377,-0.70318235,-0.70373423,DONCHIAN_EXIT,XAUUSD_20241218_SHORT,0.29121124,0.70207858,2024.12.19 01:01:17,2025.01.02 18:46:58,183.754800,21409.436650,0.99328982,0,,,,0,,,,0,,,,0,,,,0,,,,,,,,,,0,,21409.000000
RUN,USDJPY,FOREX,USD5_PER_LOT_PER_SIDE,EXCLUDED_REQUIRE_SEPARATE_STRESS,20250115,2025.01.15 00:00,LONG,2024.12.19 05:20,2024.12.19 05:20,2025.01.15 16:27,155.411,155.411,148.645,1.478,152.454,156.023,156.023,2.957,1939.40000000,0.20225327,10.00000000,0.00515623,0.19709704,0.19451892,DONCHIAN_EXIT,USDJPY_20241219_LONG,1.12613179,0.16609261,2025.01.10 15:34:43,2024.12.19 08:33:43,32294.214600,193.210367,0.92387852,1,2024.12.19 10:37:32,317.028100,0.16609261,1,2025.01.08 13:31:42,29291.188983,0.16609261,0,,,,0,,,,0,,,,0.20225327,1.12613179,,,,,0,,39547.000000
RUN,GBPUSD,FOREX,USD5_PER_LOT_PER_SIDE,EXCLUDED_REQUIRE_SEPARATE_STRESS,20250124,2025.01.24 00:00,SHORT,2024.12.20 02:54,2024.12.20 02:54,2025.01.24 04:15,1.24870,1.24874,1.28114,0.00943,1.26757,1.23764,1.23765,0.01887,1886.70000000,0.58567870,10.00000000,0.00530026,0.58037844,0.57772831,DONCHIAN_EXIT,GBPUSD_20241220_SHORT,2.05279059,0.67472306,2025.01.13 14:10:16,2024.12.20 19:26:41,35235.615850,992.036683,1.46711189,1,2025.01.02 16:35:38,19540.992733,0.67472306,1,2025.01.09 08:57:39,29163.012133,0.67472306,1,2025.01.13 11:27:40,35073.026817,0.67472306,0,,,,0,,,,0.58567870,2.05279059,0.58567870,2.05279059,,,0,,50481.000000
RUN,ETHUSD,CRYPTO,0.04PCT_NOTIONAL_PER_SIDE,EXCLUDED_REQUIRE_SEPARATE_STRESS,20250106,2025.01.06 00:00,SHORT,2024.12.20 12:05,2024.12.20 12:05,2025.01.06 00:00,3254.05,3254.08,4106.50,253.25,3760.55,3627.55,3646.91,506.50,506.50000000,-0.77563672,2.76038400,0.00544992,-0.78108664,-0.78381160,DONCHIAN_EXIT,ETHUSD_20241220_SHORT,0.30033564,0.77563672,2024.12.20 14:00:16,2025.01.06 00:00:00,114.618617,23754.348850,1.07597236,0,,,,0,,,,0,,,,0,,,,0,,,,,,,,,,0,,23755.000000
RUN,EURUSD,FOREX,USD5_PER_LOT_PER_SIDE,EXCLUDED_REQUIRE_SEPARATE_STRESS,20250121,2025.01.21 00:00,SHORT,2025.01.02 12:32,2025.01.02 12:32,2025.01.21 02:10,1.03427,1.03430,1.06298,0.00712,1.04851,1.04345,1.04346,0.01424,1423.60000000,-0.64554650,10.00000000,0.00702445,-0.65257095,-0.65608317,DONCHIAN_EXIT,EURUSD_20250102_SHORT,1.15833099,0.66310761,2025.01.13 11:27:43,2025.01.06 15:29:42,15775.362400,5937.346367,1.80387749,1,2025.01.02 18:02:21,330.001933,0.01685867,1,2025.01.13 11:24:30,15772.155183,0.66310761,0,,,,0,,,,0,,,,-0.64554650,1.15833099,,,,,0,,26738.000000
RUN,BTCUSD,CRYPTO,0.04PCT_NOTIONAL_PER_SIDE,EXCLUDED_REQUIRE_SEPARATE_STRESS,20250116,2025.01.16 00:00,SHORT,2025.01.09 22:21,2025.01.09 22:21,2025.01.16 02:01,91491.84,91496.52,108350.20,4607.67,100707.18,102680.16,100708.98,9215.34,9215.34000000,-1.00019533,76.88032800,0.00834265,-1.00853797,-1.01270930,STOP,BTCUSD_20250109_SHORT,0.26785338,1.00019533,2025.01.13 16:35:43,2025.01.16 02:01:23,5414.384500,8860.059717,1.26804871,0,,,,0,,,,0,,,,0,,,,0,,,,,,,,,,0,,8860.000000
RUN,ETHUSD,CRYPTO,0.04PCT_NOTIONAL_PER_SIDE,EXCLUDED_REQUIRE_SEPARATE_STRESS,20250117,2025.01.17 00:00,SHORT,2025.01.13 13:32,2025.01.13 13:32,2025.01.17 22:35,3098.03,3098.06,4106.50,207.81,3513.66,3741.92,3513.83,415.63,415.63000000,-1.00040902,2.64474400,0.00636322,-1.00677223,-1.00995384,STOP,ETHUSD_20250113_SHORT,0.44385631,1.00040902,2025.01.13 16:36:16,2025.01.17 22:35:15,183.963233,6302.946000,1.44426533,0,,,,0,,,,0,,,,0,,,,0,,,,,,,,,,0,,6303.000000
RUN,XAUUSD,METAL,0.0016PCT_NOTIONAL_PER_SIDE,EXCLUDED_REQUIRE_SEPARATE_STRESS,20250227,2025.02.27 00:00,LONG,2025.01.16 02:18,2025.01.16 02:18,2025.02.27 11:08,2697.85,2697.85,2582.66,31.07,2635.71,2877.04,2877.01,62.14,6214.00000000,2.88316704,8.91977600,0.00143543,2.88173161,2.88101389,DONCHIAN_EXIT,XAUUSD_20250116_LONG,4.15754747,0.13775346,2025.02.24 16:06:15,2025.01.20 03:06:16,56987.589583,5807.599133,1.27438043,1,2025.01.21 07:04:42,7486.034667,0.13775346,1,2025.01.22 11:24:05,9185.415500,0.13775346,1,2025.02.03 16:47:32,26788.867850,0.13775346,1,2025.02.07 17:31:40,32593.002817,0.13775346,0,,,,0.52574831,4.15754747,1.76005793,4.15754747,2.50273576,4.15754747,0,,61010.000000
RUN,BTCUSD,CRYPTO,0.04PCT_NOTIONAL_PER_SIDE,EXCLUDED_REQUIRE_SEPARATE_STRESS,20250203,2025.02.03 00:00,LONG,2025.01.17 14:41,2025.01.17 14:41,2025.02.03 00:00,102744.95,102744.40,88988.07,4549.98,93644.99,97685.55,96951.79,9099.96,9099.97000000,-0.63661309,79.87869600,0.00877791,-0.64539100,-0.64977995,DONCHIAN_EXIT,BTCUSD_20250117_LONG,0.79412899,0.63661309,2025.01.20 08:56:16,2025.02.03 00:00:00,3974.622667,23598.352950,1.43074208,1,2025.01.20 08:52:21,3970.708267,0.35800338,0,,,,0,,,,0,,,,0,,,,,,,,,,0,,23599.000000
RUN,USDJPY,FOREX,USD5_PER_LOT_PER_SIDE,EXCLUDED_REQUIRE_SEPARATE_STRESS,20250324,2025.03.24 00:00,SHORT,2025.01.21 02:20,2025.01.21 02:20,2025.03.24 16:53,154.975,154.975,158.881,1.221,157.417,150.148,150.148,2.442,1551.17000000,2.07251945,10.00000000,0.00644675,2.06607271,2.06284933,DONCHIAN_EXIT,USDJPY_20250121_SHORT,3.70709207,0.73448429,2025.03.11 03:52:16,2025.01.23 07:31:41,70651.751850,3191.177600,1.65518931,1,2025.01.27 12:52:32,9272.020633,0.73448429,1,2025.02.05 12:34:26,22213.919500,0.73448429,1,2025.02.20 06:20:42,43440.189600,0.73448429,1,2025.03.06 10:45:41,63865.170933,0.73448429,0,,,,0.07037913,3.70709207,1.56151808,3.70709207,2.07074660,3.70709207,0,,90153.000000
RUN,EURUSD,FOREX,USD5_PER_LOT_PER_SIDE,EXCLUDED_REQUIRE_SEPARATE_STRESS,20250203,2025.02.03 00:00,LONG,2025.01.24 08:34,2025.01.24 08:34,2025.02.03 00:00,1.04586,1.04584,1.01775,0.00835,1.02916,1.02663,1.02357,0.01670,1669.80000000,-1.33489041,10.00000000,0.00598874,-1.34087915,-1.34387352,STOP_AND_DONCHIAN,EURUSD_20250124_LONG,0.44735897,1.33489041,2025.01.27 15:08:42,2025.02.03 00:00:00,4714.065433,13885.361850,1.78224937,0,,,,0,,,,0,,,,0,,,,0,,,,,,,,,,0,,13886.000000
RUN,ETHUSD,CRYPTO,0.04PCT_NOTIONAL_PER_SIDE,EXCLUDED_REQUIRE_SEPARATE_STRESS,20250224,2025.02.24 00:00,SHORT,2025.02.03 00:00,2025.02.03 00:00,2025.02.24 01:15,2903.53,2910.22,3741.92,214.17,3331.88,2846.44,2846.51,428.35,428.35000000,0.13311544,2.30001600,0.00536948,0.12774596,0.12506123,DONCHIAN_EXIT,ETHUSD_20250203_SHORT,1.89828411,0.07900082,2025.02.03 04:08:16,2025.02.03 00:13:41,248.270300,13.687117,1.93752772,1,2025.02.03 03:47:28,227.478600,0.07900082,1,2025.02.03 03:55:44,235.745383,0.07900082,0,,,,0,,,,0,,,,-0.03924361,1.89828411,,,,,0,,30315.000000
RUN,GBPUSD,FOREX,USD5_PER_LOT_PER_SIDE,EXCLUDED_REQUIRE_SEPARATE_STRESS,20250303,2025.03.03 00:00,LONG,2025.02.05 11:16,2025.02.05 11:16,2025.03.03 00:00,1.25235,1.25235,1.20996,0.01163,1.22909,1.25593,1.25485,0.02326,2325.80000000,0.10748990,10.00000000,0.00429960,0.10319030,0.10104050,DONCHIAN_EXIT,GBPUSD_20250205_LONG,0.82767220,0.82036289,2025.02.26 19:30:16,2025.02.11 10:05:42,30734.048700,8569.480433,0.93430218,1,2025.02.19 00:41:37,19525.405417,0.82036289,0,,,,0,,,,0,,,,0,,,,,,,,,,0,,36764.000000
RUN,BTCUSD,CRYPTO,0.04PCT_NOTIONAL_PER_SIDE,EXCLUDED_REQUIRE_SEPARATE_STRESS,20250324,2025.03.24 00:00,SHORT,2025.02.25 02:11,2025.02.25 02:11,2025.03.24 11:30,91122.29,91122.59,106404.60,3881.58,98885.45,87418.93,87420.00,7763.16,7763.16000000,0.47690502,71.41691600,0.00919946,0.46770556,0.46310583,DONCHIAN_EXIT,BTCUSD_20250225_SHORT,1.87273739,0.47653533,2025.03.11 03:52:16,2025.03.03 01:02:43,20260.744783,8571.192017,2.13624864,1,2025.02.25 12:21:39,610.124500,0.18051412,1,2025.02.26 20:39:42,2548.181433,0.18051412,0,,,,0,,,,0,,,,-0.47653533,1.87273739,,,,,0,,39439.000000
RUN,EURUSD,FOREX,USD5_PER_LOT_PER_SIDE,EXCLUDED_REQUIRE_SEPARATE_STRESS,20250228,2025.02.28 00:00,LONG,2025.02.26 19:30,2025.02.26 19:30,2025.02.28 00:00,1.05292,1.05283,1.02106,0.00789,1.03713,1.03968,1.03958,0.01579,1578.70000000,-0.84499905,10.00000000,0.00633433,-0.85133338,-0.85450054,DONCHIAN_EXIT,EURUSD_20250226_LONG,0.00000000,0.84499905,,2025.02.28 00:00:00,,1709.731283,0.84499905,0,,,,0,,,,0,,,,0,,,,0,,,,,,,,,,0,,1710.000000
RUN,ETHUSD,CRYPTO,0.04PCT_NOTIONAL_PER_SIDE,EXCLUDED_REQUIRE_SEPARATE_STRESS,20250422,2025.04.22 00:00,SHORT,2025.02.28 08:46,2025.02.28 08:46,2025.04.22 18:00,2088.03,2088.24,3434.20,244.19,2576.41,1689.58,1689.61,488.38,488.38000000,0.81579917,1.51105600,0.00309402,0.81270516,0.81115815,DONCHIAN_EXIT,ETHUSD_20250228_SHORT,1.43976002,0.94889226,2025.04.09 04:27:43,2025.03.03 01:02:41,57341.224967,3856.189233,0.97440518,1,2025.03.10 21:55:39,15189.167200,0.94889226,1,2025.04.07 00:00:00,54193.503250,0.94889226,0,,,,0,,,,0,,,,0.81158115,1.43976002,,,,,0,,76874.000000
RUN,GBPUSD,FOREX,USD5_PER_LOT_PER_SIDE,EXCLUDED_REQUIRE_SEPARATE_STRESS,20250326,2025.03.26 00:00,LONG,2025.03.03 19:55,2025.03.03 19:55,2025.03.26 11:37,1.27160,1.27160,1.22494,0.00946,1.25268,1.28878,1.28878,0.01892,1891.80000000,0.90812982,10.00000000,0.00528597,0.90284385,0.90020087,DONCHIAN_EXIT,GBPUSD_20250303_LONG,1.57944814,0.19716672,2025.03.20 03:07:40,2025.03.04 06:03:41,23472.068317,608.094317,0.67131832,1,2025.03.05 09:33:17,2257.693083,0.19716672,1,2025.03.06 03:42:38,3347.048250,0.19716672,0,,,,0,,,,0,,,,0.76910879,1.57944814,,,,,0,,32622.000000
RUN,EURUSD,FOREX,USD5_PER_LOT_PER_SIDE,EXCLUDED_REQUIRE_SEPARATE_STRESS,20250324,2025.03.24 00:00,LONG,2025.03.04 13:51,2025.03.04 13:51,2025.03.24 16:52,1.05289,1.05289,1.02720,0.00771,1.03746,1.07965,1.07964,0.01543,1542.60000000,1.73408531,10.00000000,0.00648256,1.72760275,1.72436147,DONCHIAN_EXIT,EURUSD_20250304_LONG,2.76092312,0.21068326,2025.03.18 11:16:41,2025.03.04 17:20:43,20005.400850,209.438733,1.02683781,1,2025.03.04 22:01:45,490.467433,0.21068326,1,2025.03.05 10:15:40,1224.392067,0.21068326,1,2025.03.06 15:16:55,2965.646433,0.21068326,0,,,,0,,,,0.93932322,2.76092312,1.53507066,2.76092312,,,0,,28981.000000
RUN,XAUUSD,METAL,0.0016PCT_NOTIONAL_PER_SIDE,EXCLUDED_REQUIRE_SEPARATE_STRESS,20250407,2025.04.07 00:00,LONG,2025.03.13 17:36,2025.03.13 17:36,2025.04.07 01:22,2956.20,2956.20,2832.65,40.34,2875.52,3002.41,3002.31,80.68,8068.00000000,0.57151710,9.53361600,0.00118166,0.57033545,0.56974462,DONCHIAN_EXIT,XAUUSD_20250313_LONG,2.62035201,0.00322261,2025.04.03 02:53:15,2025.03.13 17:36:30,29356.759417,0.000000,2.04883490,1,2025.03.14 12:20:28,1123.961950,0.00322261,1,2025.03.18 16:24:30,7128.009267,0.00322261,1,2025.03.31 08:53:41,25397.179433,0.00322261,0,,,,0,,,,0.53544869,2.62035201,0.57151710,2.62035201,,,0,,35026.000000
RUN,GBPUSD,FOREX,USD5_PER_LOT_PER_SIDE,EXCLUDED_REQUIRE_SEPARATE_STRESS,20250404,2025.04.04 00:00,LONG,2025.04.02 23:16,2025.04.02 23:16,2025.04.04 20:11,1.30150,1.30148,1.27680,0.00756,1.28638,1.28710,1.28704,0.01512,1511.90000000,-0.95641246,10.00000000,0.00661419,-0.96302666,-0.96633375,DONCHIAN_EXIT,GBPUSD_20250402_LONG,1.27653945,0.95641246,2025.04.03 13:13:16,2025.04.04 20:11:05,836.974183,2694.792950,2.23295191,1,2025.04.03 08:32:31,556.226917,0.40346584,1,2025.04.03 11:47:42,751.404400,0.40346584,0,,,,0,,,,0,,,,-0.95641246,1.27653945,,,,,0,,2695.000000
RUN,EURUSD,FOREX,USD5_PER_LOT_PER_SIDE,EXCLUDED_REQUIRE_SEPARATE_STRESS,20250501,2025.05.01 00:00,LONG,2025.04.03 09:34,2025.04.03 09:34,2025.05.01 04:48,1.09560,1.09548,1.07329,0.00799,1.07962,1.13078,1.13077,0.01598,1597.60000000,2.20142714,10.00000000,0.00625939,2.19516775,2.19203806,DONCHIAN_EXIT,EURUSD_20250403_LONG,3.86454682,0.47696545,2025.04.21 12:12:40,2025.04.07 00:11:39,26078.322167,5197.292567,1.67188282,1,2025.04.03 12:11:25,157.058767,0.08262394,1,2025.04.03 13:12:41,218.337767,0.08262394,1,2025.04.11 03:22:42,11148.349367,0.47696545,1,2025.04.11 11:43:00,11648.645200,0.47696545,0,,,,-0.47696545,3.86454682,1.81772659,3.86454682,1.92851778,3.86454682,0,,40034.000000
RUN,USDJPY,FOREX,USD5_PER_LOT_PER_SIDE,EXCLUDED_REQUIRE_SEPARATE_STRESS,20250501,2025.05.01 00:00,SHORT,2025.04.03 12:12,2025.04.03 12:12,2025.05.01 08:23,146.544,146.544,151.214,1.296,149.137,144.032,144.032,2.593,1738.34000000,1.00329050,10.00000000,0.00575261,0.99753788,0.99466157,DONCHIAN_EXIT,USDJPY_20250403_SHORT,2.73283707,0.67617382,2025.04.22 09:00:16,2025.04.09 21:08:17,27167.295317,9175.325767,1.73239412,1,2025.04.03 17:00:42,287.740133,0.09288747,1,2025.04.09 15:35:16,8842.296767,0.62629290,1,2025.04.17 02:35:40,19582.709150,0.67617382,0,,,,0,,,,-0.67617382,2.73283707,1.00044295,2.73283707,,,0,,40091.000000
RUN,GBPUSD,FOREX,USD5_PER_LOT_PER_SIDE,EXCLUDED_REQUIRE_SEPARATE_STRESS,20250411,2025.04.11 00:00,SHORT,2025.04.04 20:31,2025.04.04 20:31,2025.04.11 03:32,1.28611,1.28615,1.32080,0.00841,1.30293,1.32080,1.30346,0.01682,1682.00000000,-1.03151011,10.00000000,0.00594530,-1.03745541,-1.04042806,STOP,GBPUSD_20250404_SHORT,0.90665874,1.03151011,2025.04.07 23:01:42,2025.04.11 03:32:32,4470.173650,9061.010350,1.93816885,1,2025.04.07 17:39:42,4148.184517,0.43519620,0,,,,0,,,,0,,,,0,,,,,,,,,,0,,9061.000000
RUN,BTCUSD,CRYPTO,0.04PCT_NOTIONAL_PER_SIDE,EXCLUDED_REQUIRE_SEPARATE_STRESS,20250414,2025.04.14 00:00,SHORT,2025.04.07 09:17,2025.04.07 09:17,2025.04.14 03:18,76545.90,76548.28,88729.74,3909.30,84364.50,88487.94,84369.31,7818.60,7818.60000000,-1.00061520,64.36608400,0.00823243,-1.00884763,-1.01296385,STOP,BTCUSD_20250407_SHORT,0.26274269,1.00061520,2025.04.07 10:04:42,2025.04.14 03:18:29,47.357383,9721.145600,1.26335789,0,,,,0,,,,0,,,,0,,,,0,,,,,,,,,,0,,9721.000000
RUN,XAUUSD,METAL,0.0016PCT_NOTIONAL_PER_SIDE,EXCLUDED_REQUIRE_SEPARATE_STRESS,20250501,2025.05.01 00:00,LONG,2025.04.10 18:25,2025.04.10 18:25,2025.05.01 06:41,3167.63,3167.61,2932.89,52.69,3062.25,3229.90,3229.88,105.38,10537.70000000,0.59073612,10.23601600,0.00097137,0.58976475,0.58927906,DONCHIAN_EXIT,XAUUSD_20250410_LONG,3.15438853,0.15250007,2025.04.22 09:18:16,2025.04.10 20:09:15,16732.601550,103.596483,2.56365241,1,2025.04.11 11:21:29,1015.830917,0.15250007,1,2025.04.16 04:04:40,7779.006633,0.15250007,1,2025.04.21 04:56:13,15030.558033,0.15250007,1,2025.04.22 06:19:30,16553.837817,0.15250007,0,,,,0.59073612,3.15438853,0.59073612,3.15438853,0.59073612,3.15438853,0,,29536.000000
RUN,GBPUSD,FOREX,USD5_PER_LOT_PER_SIDE,EXCLUDED_REQUIRE_SEPARATE_STRESS,20250508,2025.05.08 00:00,LONG,2025.04.15 07:26,2025.04.15 07:26,2025.05.08 14:02,1.32080,1.32080,1.27085,0.01197,1.29685,1.32484,1.32484,0.02395,2395.00000000,0.16868476,10.00000000,0.00417537,0.16450939,0.16242171,DONCHIAN_EXIT,GBPUSD_20250415_LONG,0.98538622,0.09853862,2025.04.29 01:02:59,2025.04.15 09:41:40,19776.764800,135.462450,0.81670146,1,2025.04.21 03:07:53,8381.666067,0.09853862,0,,,,0,,,,0,,,,0,,,,,,,,,,0,,33516.000000
RUN,BTCUSD,CRYPTO,0.04PCT_NOTIONAL_PER_SIDE,EXCLUDED_REQUIRE_SEPARATE_STRESS,20250605,2025.06.05 00:00,LONG,2025.04.22 04:19,2025.04.22 04:19,2025.06.05 19:52,88490.72,88487.94,74456.09,3827.82,80835.09,103605.28,103602.88,7655.63,7655.63000000,1.97399300,76.83744000,0.01003672,1.96395627,1.95893791,DONCHIAN_EXIT,BTCUSD_20250422_LONG,3.06294844,0.09447296,2025.05.22 20:34:36,2025.04.22 06:14:13,44175.368350,114.985017,1.08895545,1,2025.04.23 00:49:05,1229.852017,0.09447296,1,2025.05.01 13:19:39,13500.420517,0.09447296,1,2025.05.09 00:21:24,24242.178233,0.09447296,1,2025.05.22 06:43:42,43344.479450,0.09447296,0,,,,0.63066005,3.06294844,1.59065942,3.06294844,1.97399300,3.06294844,0,,64293.000000
RUN,ETHUSD,CRYPTO,0.04PCT_NOTIONAL_PER_SIDE,EXCLUDED_REQUIRE_SEPARATE_STRESS,20250605,2025.06.05 00:00,LONG,2025.05.02 19:05,2025.05.02 19:05,2025.06.05 23:20,1871.11,1871.10,1383.12,125.37,1620.37,2471.04,2471.02,250.74,250.74000000,2.39255803,1.73685200,0.00692690,2.38563112,2.38216767,DONCHIAN_EXIT,ETHUSD_20250502_LONG,3.65290739,0.48464545,2025.05.29 05:32:43,2025.05.06 16:51:15,38067.641667,5626.187567,1.55830741,1,2025.05.08 17:49:40,8564.594367,0.48464545,1,2025.05.08 22:54:20,8869.272483,0.48464545,1,2025.05.09 10:43:13,9578.149433,0.48464545,1,2025.05.13 21:22:43,15977.641617,0.48464545,0,,,,0.94707665,3.65290739,1.58518784,3.65290739,1.89315626,3.65290739,0,,49215.000000
RUN,USDJPY,FOREX,USD5_PER_LOT_PER_SIDE,EXCLUDED_REQUIRE_SEPARATE_STRESS,20250522,2025.05.22 00:00,LONG,2025.05.09 03:22,2025.05.09 03:22,2025.05.22 03:42,146.176,146.176,139.887,1.679,142.818,143.283,143.283,3.358,2351.53000000,-0.85862396,10.00000000,0.00425255,-0.86287651,-0.86500279,DONCHIAN_EXIT,USDJPY_20250509_LONG,0.70803690,0.85862396,2025.05.12 21:19:15,2025.05.21 20:27:40,5396.637617,18305.060283,1.56666085,1,2025.05.12 10:57:19,4774.714850,0.39640149,0,,,,0,,,,0,,,,0,,,,,,,,,,0,,18740.000000
RUN,EURUSD,FOREX,USD5_PER_LOT_PER_SIDE,EXCLUDED_REQUIRE_SEPARATE_STRESS,20250523,2025.05.23 00:00,SHORT,2025.05.12 00:00,2025.05.12 00:00,2025.05.23 14:22,1.11962,1.11966,1.15734,0.00996,1.13954,1.13629,1.13629,0.01992,1992.40000000,-0.83667938,10.00000000,0.00501907,-0.84169845,-0.84420799,DONCHIAN_EXIT,EURUSD_20250512_SHORT,0.65599277,0.83718129,2025.05.12 21:31:36,2025.05.21 20:27:16,1291.271050,14186.935317,1.49317406,1,2025.05.12 11:14:20,674.001600,0.23439068,0,,,,0,,,,0,,,,0,,,,,,,,,,0,,16702.000000
RUN,XAUUSD,METAL,0.0016PCT_NOTIONAL_PER_SIDE,EXCLUDED_REQUIRE_SEPARATE_STRESS,20250523,2025.05.23 00:00,SHORT,2025.05.14 15:37,2025.05.14 15:37,2025.05.23 14:49,3201.85,3201.85,3500.03,87.24,3376.32,3347.56,3347.57,174.47,17447.40000000,-0.83519608,10.47907200,0.00060061,-0.83579668,-0.83609699,DONCHIAN_EXIT,XAUUSD_20250514_SHORT,0.46373672,0.83519608,2025.05.15 09:03:43,2025.05.23 14:49:40,1046.011917,12911.973050,1.29893279,0,,,,0,,,,0,,,,0,,,,0,,,,,,,,,,0,,12912.000000
RUN,GBPUSD,FOREX,USD5_PER_LOT_PER_SIDE,EXCLUDED_REQUIRE_SEPARATE_STRESS,20250617,2025.06.17 00:00,LONG,2025.05.21 09:00,2025.05.21 09:00,2025.06.17 20:45,1.34440,1.34440,1.31399,0.01036,1.32367,1.34562,1.34560,0.02073,2072.50000000,0.05790109,10.00000000,0.00482509,0.05307600,0.05066345,DONCHIAN_EXIT,GBPUSD_20250521_LONG,0.90904704,0.26586248,2025.06.13 03:05:41,2025.05.21 12:25:38,32765.256667,205.205583,0.85838359,1,2025.05.26 03:21:40,6861.230850,0.26586248,0,,,,0,,,,0,,,,0,,,,,,,,,,0,,39585.000000
RUN,EURUSD,FOREX,USD5_PER_LOT_PER_SIDE,EXCLUDED_REQUIRE_SEPARATE_STRESS,20250714,2025.07.14 00:00,LONG,2025.06.02 10:26,2025.06.02 10:26,2025.07.14 00:32,1.14190,1.14190,1.10654,0.00979,1.12233,1.16625,1.16623,0.01957,1957.20000000,1.24310239,10.00000000,0.00510934,1.23799305,1.23543838,DONCHIAN_EXIT,EURUSD_20250602_LONG,2.09942775,0.31575720,2025.07.01 12:34:40,2025.06.04 08:35:15,41888.641717,2769.230283,0.94727161,1,2025.06.12 03:41:39,13995.636233,0.31575720,1,2025.06.12 15:30:32,14704.513983,0.31575720,1,2025.07.01 11:54:29,41848.456317,0.31575720,0,,,,0,,,,0.13948498,2.09942775,1.24310239,2.09942775,,,0,,59886.000000
RUN,ETHUSD,CRYPTO,0.04PCT_NOTIONAL_PER_SIDE,EXCLUDED_REQUIRE_SEPARATE_STRESS,20250613,2025.06.13 00:00,LONG,2025.06.10 14:42,2025.06.10 14:42,2025.06.13 04:11,2787.11,2787.04,2345.80,164.37,2458.37,2380.56,2458.22,328.74,328.74000000,-1.00045629,2.09813200,0.00638234,-1.00683863,-1.01002980,STOP,ETHUSD_20250610_LONG,0.27675367,1.00045629,2025.06.11 18:38:42,2025.06.13 04:11:40,1676.207800,3689.161083,1.27720995,0,,,,0,,,,0,,,,0,,,,0,,,,,,,,,,0,,3689.000000
RUN,XAUUSD,METAL,0.0016PCT_NOTIONAL_PER_SIDE,EXCLUDED_REQUIRE_SEPARATE_STRESS,20250624,2025.06.24 00:00,LONG,2025.06.13 03:06,2025.06.13 03:06,2025.06.24 16:37,3403.51,3403.51,3154.23,61.43,3280.66,3301.81,3301.80,122.85,12285.20000000,-0.82790675,10.72849600,0.00087329,-0.82878004,-0.82921668,DONCHIAN_EXIT,XAUUSD_20250613_LONG,0.38835347,0.82790675,2025.06.16 03:27:43,2025.06.24 16:37:38,4341.019383,16650.943783,1.21626022,0,,,,0,,,,0,,,,0,,,,0,,,,,,,,,,0,,16651.000000
RUN,GBPUSD,FOREX,USD5_PER_LOT_PER_SIDE,EXCLUDED_REQUIRE_SEPARATE_STRESS,20250624,2025.06.24 00:00,SHORT,2025.06.19 05:33,2025.06.19 05:33,2025.06.24 07:47,1.33907,1.33908,1.36324,0.00900,1.35707,1.36324,1.35708,0.01800,1800.20000000,-1.00044440,10.00000000,0.00555494,-1.00599933,-1.00877680,STOP,GBPUSD_20250619_SHORT,0.11054327,1.00044440,2025.06.23 12:32:38,2025.06.24 07:47:30,6179.232817,7334.083333,1.11098767,0,,,,0,,,,0,,,,0,,,,0,,,,,,,,,,0,,7334.000000
RUN,ETHUSD,CRYPTO,0.04PCT_NOTIONAL_PER_SIDE,EXCLUDED_REQUIRE_SEPARATE_STRESS,20250702,2025.07.02 00:00,SHORT,2025.06.20 20:37,2025.06.20 20:37,2025.07.02 20:00,2380.49,2380.56,2878.09,155.06,2690.60,2566.46,2566.54,310.11,310.11000000,-0.59994841,1.97881200,0.00638100,-0.60632941,-0.60951991,DONCHIAN_EXIT,ETHUSD_20250620_SHORT,0.66692464,0.59994841,2025.06.23 00:39:39,2025.07.02 20:00:17,3122.199133,17242.840883,1.26687305,1,2025.06.23 00:00:00,3082.544600,0.18670794,0,,,,0,,,,0,,,,0,,,,,,,,,,0,,17243.000000
RUN,BTCUSD,CRYPTO,0.04PCT_NOTIONAL_PER_SIDE,EXCLUDED_REQUIRE_SEPARATE_STRESS,20250624,2025.06.24 00:00,SHORT,2025.06.23 00:00,2025.06.23 00:00,2025.06.24 19:59,99542.59,100296.14,110669.45,3289.56,106121.70,110631.95,106122.82,6579.11,6579.11000000,-1.00017024,82.26616400,0.01250415,-1.01267438,-1.01892646,STOP,BTCUSD_20250623_SHORT,0.08610739,1.00017024,2025.06.23 00:39:37,2025.06.24 19:59:23,39.629200,2639.391883,1.08627763,0,,,,0,,,,0,,,,0,,,,0,,,,,,,,,,0,,2639.000000
RUN,USDJPY,FOREX,USD5_PER_LOT_PER_SIDE,EXCLUDED_REQUIRE_SEPARATE_STRESS,20250626,2025.06.26 00:00,LONG,2025.06.23 00:00,2025.06.23 00:00,2025.06.26 10:49,146.754,146.285,142.115,1.373,144.008,142.794,144.008,2.746,1906.77000000,-1.00003671,10.00000000,0.00524447,-1.00528118,-1.00790342,STOP,USDJPY_20250623_LONG,0.45206816,1.00003671,2025.06.23 14:07:40,2025.06.26 10:49:39,847.674683,4969.652533,1.45210487,0,,,,0,,,,0,,,,0,,,,0,,,,,,,,,,0,,4969.000000
RUN,GBPUSD,FOREX,USD5_PER_LOT_PER_SIDE,EXCLUDED_REQUIRE_SEPARATE_STRESS,20250711,2025.07.11 00:00,LONG,2025.06.24 17:23,2025.06.24 17:23,2025.07.11 14:00,1.36324,1.36324,1.33704,0.00931,1.34462,1.35255,1.35255,0.01862,1862.20000000,-0.57405220,10.00000000,0.00536999,-0.57942219,-0.58210719,DONCHIAN_EXIT,GBPUSD_20250624_LONG,0.83986682,0.57405220,2025.07.01 13:14:13,2025.07.08 17:24:15,9830.309067,20160.345917,1.41391902,1,2025.06.26 10:09:19,2445.425717,0.22339169,0,,,,0,,,,0,,,,0,,,,,,,,,,0,,24277.000000
RUN,XAUUSD,METAL,0.0016PCT_NOTIONAL_PER_SIDE,EXCLUDED_REQUIRE_SEPARATE_STRESS,20250711,2025.07.11 00:00,SHORT,2025.06.27 15:36,2025.06.27 15:36,2025.07.11 18:15,3271.54,3271.54,3451.22,52.40,3376.33,3365.78,3365.79,104.79,10479.00000000,-0.89941788,10.61972800,0.00101343,-0.90043131,-0.90093803,DONCHIAN_EXIT,XAUUSD_20250627_SHORT,0.21099342,0.90199447,2025.06.30 01:29:40,2025.07.03 01:28:14,3472.990500,7791.548817,1.11298788,0,,,,0,,,,0,,,,0,,,,0,,,,,,,,,,0,,20319.000000
RUN,BTCUSD,CRYPTO,0.04PCT_NOTIONAL_PER_SIDE,EXCLUDED_REQUIRE_SEPARATE_STRESS,20250801,2025.08.01 00:00,LONG,2025.07.09 22:37,2025.07.09 22:37,2025.08.01 03:51,110476.37,110471.98,98940.40,2893.80,104688.76,114659.04,114653.72,5787.61,5787.61000000,0.72177462,90.05203600,0.01555945,0.70621517,0.69843544,DONCHIAN_EXIT,BTCUSD_20250709_LONG,2.20723407,0.00970349,2025.07.14 10:38:42,2025.07.10 16:43:39,6481.399017,1086.356850,1.48545946,1,2025.07.10 20:14:35,1297.280633,0.00970349,1,2025.07.11 00:19:28,1542.176317,0.00970349,1,2025.07.14 08:22:41,6345.383767,0.00970349,0,,,,0,,,,0.72177462,2.20723407,0.72177462,2.20723407,,,0,,31994.000000
RUN,ETHUSD,CRYPTO,0.04PCT_NOTIONAL_PER_SIDE,EXCLUDED_REQUIRE_SEPARATE_STRESS,20250804,2025.08.04 00:00,LONG,2025.07.10 20:09,2025.07.10 20:09,2025.08.04 00:05,2827.84,2827.84,2170.92,148.27,2531.30,3488.24,3488.21,296.54,296.54000000,2.22691711,2.52642000,0.00851966,2.21839745,2.21413762,DONCHIAN_EXIT,ETHUSD_20250710_LONG,3.74276657,0.12113037,2025.07.28 08:53:39,2025.07.10 21:39:15,25243.996517,89.591767,1.51584946,1,2025.07.11 00:42:40,273.008167,0.12113037,1,2025.07.16 02:02:29,7552.822967,0.12113037,1,2025.07.17 09:24:37,9434.958883,0.12113037,1,2025.07.21 00:00:00,14630.329867,0.12113037,0,,,,0.90955689,3.74276657,1.79618264,3.74276657,2.22691711,3.74276657,0,,34796.000000
RUN,USDJPY,FOREX,USD5_PER_LOT_PER_SIDE,EXCLUDED_REQUIRE_SEPARATE_STRESS,20250814,2025.08.14 00:00,LONG,2025.07.15 15:38,2025.07.15 15:38,2025.08.14 03:55,148.030,148.030,142.683,1.248,145.535,146.619,146.619,2.495,1714.43000000,-0.56132942,10.00000000,0.00583284,-0.56716226,-0.57007869,DONCHIAN_EXIT,USDJPY_20250715_LONG,1.11732179,0.86939099,2025.08.01 04:47:15,2025.07.24 04:43:40,23828.586733,12305.004917,1.67865121,1,2025.07.30 21:53:15,21974.596250,0.86939099,1,2025.07.31 17:02:39,23123.989583,0.86939099,0,,,,0,,,,0,,,,-0.56132942,1.11732179,,,,,0,,42497.000000
RUN,GBPUSD,FOREX,USD5_PER_LOT_PER_SIDE,EXCLUDED_REQUIRE_SEPARATE_STRESS,20250723,2025.07.23 00:00,SHORT,2025.07.16 16:47,2025.07.16 16:47,2025.07.23 17:54,1.33704,1.33704,1.37888,0.00951,1.35605,1.36198,1.35611,0.01901,1901.00000000,-1.00315623,10.00000000,0.00526039,-1.00841662,-1.01104682,STOP,GBPUSD_20250716_SHORT,0.02630195,1.00315623,2025.07.16 16:49:42,2025.07.23 17:54:38,2.078800,10147.022483,1.02945818,0,,,,0,,,,0,,,,0,,,,0,,,,,,,,,,0,,10147.000000
RUN,XAUUSD,METAL,0.0016PCT_NOTIONAL_PER_SIDE,EXCLUDED_REQUIRE_SEPARATE_STRESS,20250728,2025.07.28 00:00,LONG,2025.07.21 16:47,2025.07.21 16:47,2025.07.28 16:53,3394.98,3394.97,3249.15,45.03,3304.92,3309.76,3309.74,90.06,9006.20000000,-0.94645911,10.72755200,0.00119113,-0.94765024,-0.94824580,DONCHIAN_EXIT,XAUUSD_20250721_LONG,0.48755302,0.94645911,2025.07.23 03:24:41,2025.07.28 16:53:39,2077.637867,10086.605283,1.43401212,0,,,,0,,,,0,,,,0,,,,0,,,,,,,,,,0,,10086.000000
RUN,GBPUSD,FOREX,USD5_PER_LOT_PER_SIDE,EXCLUDED_REQUIRE_SEPARATE_STRESS,20250811,2025.08.11 00:00,SHORT,2025.07.28 20:42,2025.07.28 20:42,2025.08.11 05:20,1.33648,1.33650,1.37888,0.00888,1.35424,1.34588,1.34589,0.01776,1775.90000000,-0.52987218,10.00000000,0.00563095,-0.53550313,-0.53831860,DONCHIAN_EXIT,GBPUSD_20250728_SHORT,1.26921561,0.53043527,2025.08.01 15:30:16,2025.08.08 20:59:15,5447.854050,15856.849150,1.79965088,1,2025.07.30 16:57:40,2655.266117,0.12050228,1,2025.07.31 17:00:30,4098.091433,0.12050228,0,,,,0,,,,0,,,,-0.53043527,1.26921561,,,,,0,,19238.000000
RUN,EURUSD,FOREX,USD5_PER_LOT_PER_SIDE,EXCLUDED_REQUIRE_SEPARATE_STRESS,20250813,2025.08.13 00:00,SHORT,2025.07.29 09:34,2025.07.29 09:34,2025.08.13 10:09,1.15562,1.15563,1.18299,0.00824,1.17209,1.16990,1.16990,0.01647,1647.40000000,-0.86682044,10.00000000,0.00607017,-0.87289062,-0.87592570,DONCHIAN_EXIT,EURUSD_20250729_SHORT,0.99854316,0.86742746,2025.08.01 15:26:40,2025.08.07 11:04:39,4671.994783,13049.981400,1.86597062,1,2025.07.30 15:57:27,1822.787117,0.19545951,0,,,,0,,,,0,,,,0,,,,,,,,,,0,,21635.000000
RUN,XAUUSD,METAL,0.0016PCT_NOTIONAL_PER_SIDE,EXCLUDED_REQUIRE_SEPARATE_STRESS,20250804,2025.08.04 00:00,SHORT,2025.07.30 21:52,2025.07.30 21:52,2025.08.04 01:00,3282.68,3282.68,3438.89,42.43,3367.55,3438.89,3367.57,84.87,8486.60000000,-1.00028280,10.64040000,0.00125379,-1.00153659,-1.00216348,STOP,XAUUSD_20250730_SHORT,0.16920793,1.00028280,2025.07.30 22:37:42,2025.08.04 01:00:30,45.034267,5947.837000,1.16949073,0,,,,0,,,,0,,,,0,,,,0,,,,,,,,,,0,,5948.000000
RUN,ETHUSD,CRYPTO,0.04PCT_NOTIONAL_PER_SIDE,EXCLUDED_REQUIRE_SEPARATE_STRESS,20250922,2025.09.22 00:00,LONG,2025.08.08 06:22,2025.08.08 06:22,2025.09.22 05:32,3937.96,3937.72,2813.66,217.45,3503.06,4275.86,4275.76,434.90,434.90000000,0.77673028,3.28548800,0.00755458,0.76917570,0.76539841,DONCHIAN_EXIT,ETHUSD_20250808_LONG,2.13819269,0.12651184,2025.08.22 23:46:15,2025.08.08 12:27:15,21203.630583,364.625000,1.68431823,1,2025.08.11 00:00:00,3937.364633,0.12651184,1,2025.08.12 15:39:45,6317.128267,0.12651184,1,2025.08.22 20:14:30,20991.876733,0.12651184,0,,,,0,,,,0.28454817,2.13819269,0.62124626,2.13819269,,,0,,64750.000000
RUN,BTCUSD,CRYPTO,0.04PCT_NOTIONAL_PER_SIDE,EXCLUDED_REQUIRE_SEPARATE_STRESS,20250818,2025.08.18 00:00,LONG,2025.08.13 22:21,2025.08.13 22:21,2025.08.18 05:07,122304.38,122303.16,112640.74,3084.52,116135.34,112640.74,116133.52,6169.04,6169.04000000,-1.00029502,95.37516000,0.01546029,-1.01575531,-1.02348546,STOP,BTCUSD_20250813_LONG,0.36134471,1.00029502,2025.08.14 03:32:42,2025.08.18 05:07:01,311.208600,6165.529567,1.36163974,0,,,,0,,,,0,,,,0,,,,0,,,,,,,,,,0,,6166.000000
RUN,GBPUSD,FOREX,USD5_PER_LOT_PER_SIDE,EXCLUDED_REQUIRE_SEPARATE_STRESS,20250821,2025.08.21 00:00,LONG,2025.08.14 04:00,2025.08.14 04:00,2025.08.21 18:11,1.35889,1.35889,1.31388,0.00891,1.34107,1.33458,1.34106,0.01782,1782.30000000,-1.00039275,10.00000000,0.00561073,-1.00600348,-1.00880884,STOP,GBPUSD_20250814_LONG,0.03422544,1.00039275,2025.08.14 13:27:34,2025.08.21 18:11:41,566.920667,10931.035083,1.03461819,0,,,,0,,,,0,,,,0,,,,0,,,,,,,,,,0,,10931.000000
RUN,BTCUSD,CRYPTO,0.04PCT_NOTIONAL_PER_SIDE,EXCLUDED_REQUIRE_SEPARATE_STRESS,20250910,2025.09.10 00:00,SHORT,2025.08.20 04:38,2025.08.20 04:38,2025.09.10 15:31,112637.98,112640.74,124533.53,3257.51,119152.99,113466.57,113467.26,6515.01,6515.02000000,-0.12728741,90.44209600,0.01388209,-0.14116950,-0.14811054,DONCHIAN_EXIT,BTCUSD_20250820_SHORT,0.82138965,0.73669459,2025.09.01 08:19:17,2025.08.22 21:14:15,17500.675483,3875.643433,0.94867706,1,2025.08.26 00:31:31,8392.909583,0.73669459,0,,,,0,,,,0,,,,0,,,,,,,,,,0,,30893.000000
RUN,XAUUSD,METAL,0.0016PCT_NOTIONAL_PER_SIDE,EXCLUDED_REQUIRE_SEPARATE_STRESS,20251027,2025.10.27 00:00,LONG,2025.08.28 15:08,2025.08.28 15:08,2025.10.27 17:08,3408.38,3408.37,3273.77,37.47,3333.44,4003.06,4003.05,74.94,7494.40000000,7.93485803,11.85828800,0.00158229,7.93327574,7.93248460,DONCHIAN_EXIT,XAUUSD_20250828_LONG,12.98262703,0.18947481,2025.10.20 22:59:15,2025.08.28 16:07:15,76790.602333,58.601917,5.04776900,1,2025.08.29 18:22:31,1633.869000,0.18947481,1,2025.09.01 05:57:38,5208.974917,0.18947481,1,2025.09.03 16:28:20,8719.682733,0.18947481,1,2025.09.08 16:45:29,15936.831683,0.18947481,1,2025.09.23 12:12:19,37263.668533,0.18947481,0.77417805,12.98262703,1.37315863,12.98262703,2.72350021,12.98262703,0,,86520.000000
RUN,USDJPY,FOREX,USD5_PER_LOT_PER_SIDE,EXCLUDED_REQUIRE_SEPARATE_STRESS,20250909,2025.09.09 00:00,LONG,2025.09.02 11:07,2025.09.02 11:07,2025.09.09 11:30,148.778,148.778,146.215,1.057,146.664,146.662,146.657,2.114,1441.39000000,-1.00335787,10.00000000,0.00693775,-1.01029562,-1.01376449,STOP_AND_DONCHIAN,USDJPY_20250902_LONG,0.16793512,1.00335787,2025.09.03 10:23:41,2025.09.09 11:30:05,1396.029700,10102.430183,1.17129299,0,,,,0,,,,0,,,,0,,,,0,,,,,,,,,,0,,10103.000000
RUN,EURUSD,FOREX,USD5_PER_LOT_PER_SIDE,EXCLUDED_REQUIRE_SEPARATE_STRESS,20250925,2025.09.25 00:00,LONG,2025.09.05 15:30,2025.09.05 15:30,2025.09.25 20:25,1.17427,1.17427,1.15741,0.00748,1.15931,1.16574,1.16574,0.01496,1495.80000000,-0.57026340,10.00000000,0.00668539,-0.57694879,-0.58029148,DONCHIAN_EXIT,EURUSD_20250905_LONG,1.17796497,0.57026340,2025.09.17 21:09:16,2025.09.11 15:30:16,17618.617900,8639.617900,1.74822837,1,2025.09.16 12:47:35,15676.941983,0.57026340,1,2025.09.17 21:03:38,17612.986367,0.57026340,0,,,,0,,,,0,,,,-0.57026340,1.17796497,,,,,0,,29095.000000
RUN,GBPUSD,FOREX,USD5_PER_LOT_PER_SIDE,EXCLUDED_REQUIRE_SEPARATE_STRESS,20250922,2025.09.22 00:00,LONG,2025.09.15 10:37,2025.09.15 10:37,2025.09.22 00:16,1.35908,1.35908,1.33332,0.00834,1.34240,1.34630,1.34629,0.01668,1667.60000000,-0.76697050,10.00000000,0.00599664,-0.77296714,-0.77596546,DONCHIAN_EXIT,GBPUSD_20250915_LONG,0.81374430,0.76697050,2025.09.17 21:09:16,2025.09.22 00:16:59,3512.175300,9459.887050,1.58071480,1,2025.09.17 21:00:16,3503.177783,0.07915567,0,,,,0,,,,0,,,,0,,,,,,,,,,0,,9459.000000
RUN,USDJPY,FOREX,USD5_PER_LOT_PER_SIDE,EXCLUDED_REQUIRE_SEPARATE_STRESS,20250924,2025.09.24 00:00,SHORT,2025.09.16 20:12,2025.09.16 20:12,2025.09.24 13:12,146.308,146.308,149.139,1.087,148.481,148.376,148.377,2.173,1463.62000000,-0.95271997,10.00000000,0.00683237,-0.95955234,-0.96296853,DONCHIAN_EXIT,USDJPY_20250916_SHORT,0.38320056,0.95589702,2025.09.17 21:09:43,2025.09.22 06:00:40,1497.636750,7788.586867,1.33909758,0,,,,0,,,,0,,,,0,,,,0,,,,,,,,,,0,,11100.000000
RUN,BTCUSD,CRYPTO,0.04PCT_NOTIONAL_PER_SIDE,EXCLUDED_REQUIRE_SEPARATE_STRESS,20250924,2025.09.24 00:00,LONG,2025.09.18 06:07,2025.09.18 06:07,2025.09.24 07:11,117410.79,117410.67,107259.90,3151.44,111107.91,110919.78,111107.61,6302.88,6302.88000000,-1.00004760,91.40736000,0.01450248,-1.01455007,-1.02180131,STOP,BTCUSD_20250918_LONG,0.08801056,1.00004760,2025.09.18 21:16:17,2025.09.24 07:11:40,908.629350,8704.011067,1.08805816,0,,,,0,,,,0,,,,0,,,,0,,,,,,,,,,0,,8704.000000
RUN,ETHUSD,CRYPTO,0.04PCT_NOTIONAL_PER_SIDE,EXCLUDED_REQUIRE_SEPARATE_STRESS,20251006,2025.10.06 00:00,SHORT,2025.09.22 09:00,2025.09.22 09:00,2025.10.06 14:30,4206.93,4208.14,4822.73,208.50,4623.94,4590.53,4590.60,417.01,417.01000000,-0.92004988,3.51901200,0.00843868,-0.92848855,-0.93270789,DONCHIAN_EXIT,ETHUSD_20250922_SHORT,0.92494185,0.92120093,2025.09.25 20:57:40,2025.10.03 19:37:43,5037.384067,16477.426817,1.84614278,1,2025.09.25 07:53:19,4253.040717,0.04875183,0,,,,0,,,,0,,,,0,,,,,,,,,,0,,20490.000000
RUN,USDJPY,FOREX,USD5_PER_LOT_PER_SIDE,EXCLUDED_REQUIRE_SEPARATE_STRESS,20251001,2025.10.01 00:00,LONG,2025.09.25 15:32,2025.09.25 15:32,2025.10.01 11:36,149.139,149.139,145.481,1.086,146.968,145.481,146.965,2.171,1477.26000000,-1.00135386,10.00000000,0.00676929,-1.00812315,-1.01150779,STOP,USDJPY_20250925_LONG,0.36925795,1.00135386,2025.09.26 02:30:40,2025.10.01 11:36:05,658.174683,8403.578617,1.37061181,0,,,,0,,,,0,,,,0,,,,0,,,,,,,,,,0,,8404.000000
RUN,GBPUSD,FOREX,USD5_PER_LOT_PER_SIDE,EXCLUDED_REQUIRE_SEPARATE_STRESS,20251001,2025.10.01 00:00,SHORT,2025.09.25 20:22,2025.09.25 20:22,2025.10.01 15:17,1.33324,1.33332,1.37265,0.00869,1.35062,1.37265,1.35063,0.01738,1738.30000000,-1.00040269,10.00000000,0.00575275,-1.00615544,-1.00903181,STOP,GBPUSD_20250925_SHORT,0.04774780,1.00040269,2025.09.25 21:11:41,2025.10.01 15:17:38,49.191300,8335.137767,1.04815049,0,,,,0,,,,0,,,,0,,,,0,,,,,,,,,,0,,8335.000000
RUN,BTCUSD,CRYPTO,0.04PCT_NOTIONAL_PER_SIDE,EXCLUDED_REQUIRE_SEPARATE_STRESS,20251014,2025.10.14 00:00,LONG,2025.10.01 19:37,2025.10.01 19:37,2025.10.14 08:35,117968.52,117965.51,108615.88,2737.08,112494.36,112697.50,112695.90,5474.16,5474.16000000,-0.96318339,92.26576800,0.01685478,-0.98003817,-0.98846556,DONCHIAN_EXIT,BTCUSD_20251001_LONG,1.50526108,0.96318339,2025.10.06 21:58:15,2025.10.14 08:35:20,7340.930183,18058.014500,2.46844447,1,2025.10.02 22:05:20,1588.012433,0.22696816,1,2025.10.03 19:21:41,2864.364667,0.22696816,0,,,,0,,,,0,,,,-0.96318339,1.50526108,,,,,0,,18058.000000
RUN,USDJPY,FOREX,USD5_PER_LOT_PER_SIDE,EXCLUDED_REQUIRE_SEPARATE_STRESS,20251204,2025.12.04 00:00,LONG,2025.10.06 06:12,2025.10.06 06:12,2025.12.04 13:05,149.958,149.957,145.481,1.062,147.835,154.664,154.664,2.123,1436.33000000,2.11839898,10.00000000,0.00696219,2.11143679,2.10795569,DONCHIAN_EXIT,USDJPY_20251006_LONG,3.49930726,0.27032785,2025.11.20 17:42:14,2025.10.17 10:21:16,65489.597633,16088.619733,1.77789227,1,2025.10.07 17:06:18,2093.667817,0.09483893,1,2025.10.08 03:00:41,2688.045567,0.09483893,1,2025.10.30 16:06:31,35153.878550,0.27032785,1,2025.11.19 17:07:05,64014.447050,0.27032785,0,,,,-0.27032785,3.49930726,1.30342609,3.49930726,2.11839898,3.49930726,0,,85373.000000
RUN,ETHUSD,CRYPTO,0.04PCT_NOTIONAL_PER_SIDE,EXCLUDED_REQUIRE_SEPARATE_STRESS,20251009,2025.10.09 00:00,LONG,2025.10.06 18:22,2025.10.06 18:22,2025.10.09 17:36,4692.41,4692.40,3820.67,194.89,4302.63,3820.67,4302.61,389.78,389.78000000,-1.00005131,3.59800800,0.00923087,-1.00928218,-1.01389761,STOP,ETHUSD_20251006_LONG,0.15821746,1.00005131,2025.10.07 16:28:15,2025.10.09 17:36:39,1325.605400,4274.011500,1.15826877,0,,,,0,,,,0,,,,0,,,,0,,,,,,,,,,0,,4274.000000
RUN,EURUSD,FOREX,USD5_PER_LOT_PER_SIDE,EXCLUDED_REQUIRE_SEPARATE_STRESS,20251113,2025.11.13 00:00,SHORT,2025.10.08 03:20,2025.10.08 03:20,2025.11.13 17:36,1.16455,1.16455,1.19189,0.00730,1.17915,1.16375,1.16377,0.01460,1459.50000000,0.05344296,10.00000000,0.00685166,0.04659130,0.04316547,DONCHIAN_EXIT,EURUSD_20251008_SHORT,1.21137376,0.56868791,2025.11.05 16:03:39,2025.10.17 08:57:14,41082.995983,13296.567700,1.27646454,1,2025.10.09 18:06:29,2325.816933,0.04179514,1,2025.11.04 03:29:02,38888.378433,0.56868791,0,,,,0,,,,0,,,,0.05344296,1.21137376,,,,,0,,52696.000000
RUN,GBPUSD,FOREX,USD5_PER_LOT_PER_SIDE,EXCLUDED_REQUIRE_SEPARATE_STRESS,20251126,2025.11.26 00:00,SHORT,2025.10.09 18:03,2025.10.09 18:03,2025.11.26 15:22,1.33235,1.33236,1.37265,0.00850,1.34934,1.32160,1.32160,0.01699,1699.10000000,0.63268789,10.00000000,0.00588547,0.62680242,0.62385969,DONCHIAN_EXIT,GBPUSD_20251009_SHORT,1.84215173,0.87281502,2025.11.05 03:26:05,2025.10.17 09:17:40,38002.404350,10993.994333,1.31128244,1,2025.10.29 08:17:39,28213.964683,0.87281502,1,2025.10.29 21:39:32,29015.855783,0.87281502,0,,,,0,,,,0,,,,0.61444294,1.84215173,,,,,0,,68959.000000
RUN,BTCUSD,CRYPTO,0.04PCT_NOTIONAL_PER_SIDE,EXCLUDED_REQUIRE_SEPARATE_STRESS,20251027,2025.10.27 00:00,SHORT,2025.10.16 18:49,2025.10.16 18:49,2025.10.27 09:48,108614.00,108615.88,126208.56,3863.33,116340.66,115967.17,115967.42,7726.66,7726.66000000,-0.95169452,89.83256800,0.01162631,-0.96332084,-0.96913399,DONCHIAN_EXIT,BTCUSD_20251016_SHORT,0.65582412,0.95169452,2025.10.17 13:23:42,2025.10.27 09:48:36,1114.078267,15298.989967,1.60751864,1,2025.10.17 11:16:29,986.871267,0.08693795,0,,,,0,,,,0,,,,0,,,,,,,,,,0,,15299.000000
RUN,ETHUSD,CRYPTO,0.04PCT_NOTIONAL_PER_SIDE,EXCLUDED_REQUIRE_SEPARATE_STRESS,20251203,2025.12.03 00:00,SHORT,2025.10.17 09:47,2025.10.17 09:47,2025.12.03 16:42,3820.59,3820.67,4754.08,267.96,4356.51,3128.24,3128.31,535.92,535.92000000,1.29175996,2.77956000,0.00518652,1.28657344,1.28398018,DONCHIAN_EXIT,ETHUSD_20251017_SHORT,2.23731154,0.80491491,2025.11.21 14:24:43,2025.10.27 08:28:42,50677.056683,14321.040967,1.12485072,1,2025.11.03 23:17:39,25289.994100,0.80491491,1,2025.11.04 20:33:19,26565.661283,0.80491491,1,2025.11.21 09:30:39,50383.003617,0.80491491,0,,,,0,,,,0.30482162,2.23731154,1.29175996,2.23731154,,,0,,68095.000000
RUN,BTCUSD,CRYPTO,0.04PCT_NOTIONAL_PER_SIDE,EXCLUDED_REQUIRE_SEPARATE_STRESS,20251203,2025.12.03 00:00,SHORT,2025.11.04 16:30,2025.11.04 16:30,2025.12.03 06:58,103519.16,103520.08,125299.44,4741.32,113001.80,93401.21,93403.39,9482.64,9482.64000000,1.06676727,78.76902000,0.00830666,1.05846062,1.05430729,DONCHIAN_EXIT,BTCUSD_20251104_SHORT,2.41619106,0.42134363,2025.11.21 14:29:16,2025.11.11 03:22:15,24358.561917,9291.554533,1.34942379,1,2025.11.13 20:29:04,13198.362150,0.42134363,1,2025.11.17 00:00:00,17729.291917,0.42134363,1,2025.11.21 09:33:22,24062.669017,0.42134363,0,,,,0,,,,0.78851459,2.41619106,1.06676727,2.41619106,,,0,,41188.000000
RUN,GBPUSD,FOREX,USD5_PER_LOT_PER_SIDE,EXCLUDED_REQUIRE_SEPARATE_STRESS,20251230,2025.12.30 00:00,LONG,2025.11.27 00:27,2025.11.27 00:27,2025.12.30 23:59,1.32439,1.32438,1.30100,0.00814,1.30810,1.33117,1.34663,0.01629,1628.50000000,1.36567393,10.00000000,0.00614062,1.35953331,1.35646300,TEST_END,GBPUSD_20251127_LONG,1.78385017,0.39484188,2025.12.24 04:23:34,2025.12.02 19:11:15,39116.566667,8324.260867,0.88670556,1,2025.12.03 17:27:05,9660.087300,0.39484188,1,2025.12.11 15:49:31,21082.527017,0.39484188,0,,,,0,,,,0,,,,0.41633405,1.78385017,,,,,0,,48932.000000
RUN,XAUUSD,METAL,0.0016PCT_NOTIONAL_PER_SIDE,EXCLUDED_REQUIRE_SEPARATE_STRESS,20251230,2025.12.30 00:00,LONG,2025.12.01 03:54,2025.12.01 03:54,2025.12.30 23:59,4244.98,4244.98,3928.68,79.13,4086.72,4271.42,4338.51,158.26,15826.10000000,0.59098578,13.73358400,0.00086778,0.59011800,0.58968411,TEST_END,XAUUSD_20251201_LONG,1.92757533,0.50998035,2025.12.26 18:08:16,2025.12.02 17:58:43,36853.759800,2284.214617,1.56083937,1,2025.12.12 12:36:42,16362.192467,0.50998035,1,2025.12.22 07:13:41,30439.178500,0.50998035,0,,,,0,,,,0,,,,0.36673596,1.92757533,,,,,0,,42965.000000
RUN,EURUSD,FOREX,USD5_PER_LOT_PER_SIDE,EXCLUDED_REQUIRE_SEPARATE_STRESS,20251230,2025.12.30 00:00,LONG,2025.12.03 12:15,2025.12.03 12:15,2025.12.30 23:59,1.16561,1.16561,1.14686,0.00526,1.15510,1.17028,1.17473,0.01051,1051.40000000,0.86741488,10.00000000,0.00951113,0.85790375,0.85314818,TEST_END,EURUSD_20251203_LONG,1.44569146,0.39090736,2025.12.24 04:11:03,2025.12.09 17:10:16,29755.561633,8934.791133,0.96252616,1,2025.12.11 13:01:31,11566.036217,0.39090736,1,2025.12.11 19:12:19,11936.831617,0.39090736,0,,,,0,,,,0,,,,0.44416968,1.44569146,,,,,0,,39584.000000
RUN,USDJPY,FOREX,USD5_PER_LOT_PER_SIDE,EXCLUDED_REQUIRE_SEPARATE_STRESS,20251230,2025.12.30 00:00,LONG,2025.12.19 19:13,2025.12.19 19:13,2025.12.30 23:59,157.544,157.544,154.344,1.023,155.498,154.394,156.409,2.046,1315.58000000,-0.55158941,10.00000000,0.00760121,-0.55919062,-0.56299123,TEST_END,USDJPY_20251219_LONG,0.10744310,0.97143465,2025.12.19 23:55:40,2025.12.24 04:11:16,282.359233,6297.947500,1.07887776,0,,,,0,,,,0,,,,0,,,,0,,,,,,,,,,0,,16126.000000
