status;source_name;source_version;run_stage;ticks_seen;days_initialized;reference_unusable_days;ambiguous_days;entry_signals;trades_opened;trades_closed;stop_exits;donchian_exits;stop_and_donchian_exits;test_end_exits;invalid_price;invalid_risk;risk_fallbacks;pnl_fallbacks;risk_calc_failures;pnl_calc_failures;path_calc_failures;csv_trade_rows;path_rows;symbol;timeframe;asset_class;commission_rule;swap_mode;fatal_status;trades_name;stats_name;trades_csv_fullpath;stats_csv_fullpath
INIT;D045_D1_Donchian20_10_TickPath_M15_v1_00.mq5;1.00;RUN;0;0;0;0;0;0;0;0;0;0;0;0;0;0;0;0;0;0;0;0;BTCUSD;PERIOD_M15;CRYPTO;0.04PCT_NOTIONAL_PER_SIDE;EXCLUDED_REQUIRE_SEPARATE_STRESS;;D045_V100_RUN_BTCUSD_TRADES.csv;D045_V100_RUN_BTCUSD_STATS.csv;C:\Users\<REDACTED>\AppData\Roaming\MetaQuotes\Terminal\Common\Files\D045_V100_RUN_BTCUSD_TRADES.csv;C:\Users\<REDACTED>\AppData\Roaming\MetaQuotes\Terminal\Common\Files\D045_V100_RUN_BTCUSD_STATS.csv
READY;D045_D1_Donchian20_10_TickPath_M15_v1_00.mq5;1.00;RUN;0;0;0;0;0;0;0;0;0;0;0;0;0;0;0;0;0;0;0;0;BTCUSD;PERIOD_M15;CRYPTO;0.04PCT_NOTIONAL_PER_SIDE;EXCLUDED_REQUIRE_SEPARATE_STRESS;;D045_V100_RUN_BTCUSD_TRADES.csv;D045_V100_RUN_BTCUSD_STATS.csv;C:\Users\<REDACTED>\AppData\Roaming\MetaQuotes\Terminal\Common\Files\D045_V100_RUN_BTCUSD_TRADES.csv;C:\Users\<REDACTED>\AppData\Roaming\MetaQuotes\Terminal\Common\Files\D045_V100_RUN_BTCUSD_STATS.csv
PROGRESS;D045_D1_Donchian20_10_TickPath_M15_v1_00.mq5;1.00;RUN;250000;7;0;0;1;1;1;0;1;0;0;0;0;0;0;0;0;0;1;1;BTCUSD;PERIOD_M15;CRYPTO;0.04PCT_NOTIONAL_PER_SIDE;EXCLUDED_REQUIRE_SEPARATE_STRESS;;D045_V100_RUN_BTCUSD_TRADES.csv;D045_V100_RUN_BTCUSD_STATS.csv;C:\Users\<REDACTED>\AppData\Roaming\MetaQuotes\Terminal\Common\Files\D045_V100_RUN_BTCUSD_TRADES.csv;C:\Users\<REDACTED>\AppData\Roaming\MetaQuotes\Terminal\Common\Files\D045_V100_RUN_BTCUSD_STATS.csv
PROGRESS;D045_D1_Donchian20_10_TickPath_M15_v1_00.mq5;1.00;RUN;500000;14;0;0;2;2;1;0;1;0;0;0;0;0;0;0;0;0;1;1;BTCUSD;PERIOD_M15;CRYPTO;0.04PCT_NOTIONAL_PER_SIDE;EXCLUDED_REQUIRE_SEPARATE_STRESS;;D045_V100_RUN_BTCUSD_TRADES.csv;D045_V100_RUN_BTCUSD_STATS.csv;C:\Users\<REDACTED>\AppData\Roaming\MetaQuotes\Terminal\Common\Files\D045_V100_RUN_BTCUSD_TRADES.csv;C:\Users\<REDACTED>\AppData\Roaming\MetaQuotes\Terminal\Common\Files\D045_V100_RUN_BTCUSD_STATS.csv
PROGRESS;D045_D1_Donchian20_10_TickPath_M15_v1_00.mq5;1.00;RUN;750000;19;0;0;2;2;1;0;1;0;0;0;0;0;0;0;0;0;1;1;BTCUSD;PERIOD_M15;CRYPTO;0.04PCT_NOTIONAL_PER_SIDE;EXCLUDED_REQUIRE_SEPARATE_STRESS;;D045_V100_RUN_BTCUSD_TRADES.csv;D045_V100_RUN_BTCUSD_STATS.csv;C:\Users\<REDACTED>\AppData\Roaming\MetaQuotes\Terminal\Common\Files\D045_V100_RUN_BTCUSD_TRADES.csv;C:\Users\<REDACTED>\AppData\Roaming\MetaQuotes\Terminal\Common\Files\D045_V100_RUN_BTCUSD_STATS.csv
PROGRESS;D045_D1_Donchian20_10_TickPath_M15_v1_00.mq5;1.00;RUN;1000000;26;0;0;2;2;1;0;1;0;0;0;0;0;0;0;0;0;1;1;BTCUSD;PERIOD_M15;CRYPTO;0.04PCT_NOTIONAL_PER_SIDE;EXCLUDED_REQUIRE_SEPARATE_STRESS;;D045_V100_RUN_BTCUSD_TRADES.csv;D045_V100_RUN_BTCUSD_STATS.csv;C:\Users\<REDACTED>\AppData\Roaming\MetaQuotes\Terminal\Common\Files\D045_V100_RUN_BTCUSD_TRADES.csv;C:\Users\<REDACTED>\AppData\Roaming\MetaQuotes\Terminal\Common\Files\D045_V100_RUN_BTCUSD_STATS.csv
PROGRESS;D045_D1_Donchian20_10_TickPath_M15_v1_00.mq5;1.00;RUN;1250000;31;0;0;2;2;1;0;1;0;0;0;0;0;0;0;0;0;1;1;BTCUSD;PERIOD_M15;CRYPTO;0.04PCT_NOTIONAL_PER_SIDE;EXCLUDED_REQUIRE_SEPARATE_STRESS;;D045_V100_RUN_BTCUSD_TRADES.csv;D045_V100_RUN_BTCUSD_STATS.csv;C:\Users\<REDACTED>\AppData\Roaming\MetaQuotes\Terminal\Common\Files\D045_V100_RUN_BTCUSD_TRADES.csv;C:\Users\<REDACTED>\AppData\Roaming\MetaQuotes\Terminal\Common\Files\D045_V100_RUN_BTCUSD_STATS.csv
PROGRESS;D045_D1_Donchian20_10_TickPath_M15_v1_00.mq5;1.00;RUN;1500000;36;0;0;2;2;2;0;2;0;0;0;0;0;0;0;0;0;2;2;BTCUSD;PERIOD_M15;CRYPTO;0.04PCT_NOTIONAL_PER_SIDE;EXCLUDED_REQUIRE_SEPARATE_STRESS;;D045_V100_RUN_BTCUSD_TRADES.csv;D045_V100_RUN_BTCUSD_STATS.csv;C:\Users\<REDACTED>\AppData\Roaming\MetaQuotes\Terminal\Common\Files\D045_V100_RUN_BTCUSD_TRADES.csv;C:\Users\<REDACTED>\AppData\Roaming\MetaQuotes\Terminal\Common\Files\D045_V100_RUN_BTCUSD_STATS.csv
PROGRESS;D045_D1_Donchian20_10_TickPath_M15_v1_00.mq5;1.00;RUN;1750000;40;0;0;2;2;2;0;2;0;0;0;0;0;0;0;0;0;2;2;BTCUSD;PERIOD_M15;CRYPTO;0.04PCT_NOTIONAL_PER_SIDE;EXCLUDED_REQUIRE_SEPARATE_STRESS;;D045_V100_RUN_BTCUSD_TRADES.csv;D045_V100_RUN_BTCUSD_STATS.csv;C:\Users\<REDACTED>\AppData\Roaming\MetaQuotes\Terminal\Common\Files\D045_V100_RUN_BTCUSD_TRADES.csv;C:\Users\<REDACTED>\AppData\Roaming\MetaQuotes\Terminal\Common\Files\D045_V100_RUN_BTCUSD_STATS.csv
PROGRESS;D045_D1_Donchian20_10_TickPath_M15_v1_00.mq5;1.00;RUN;2000000;44;0;0;2;2;2;0;2;0;0;0;0;0;0;0;0;0;2;2;BTCUSD;PERIOD_M15;CRYPTO;0.04PCT_NOTIONAL_PER_SIDE;EXCLUDED_REQUIRE_SEPARATE_STRESS;;D045_V100_RUN_BTCUSD_TRADES.csv;D045_V100_RUN_BTCUSD_STATS.csv;C:\Users\<REDACTED>\AppData\Roaming\MetaQuotes\Terminal\Common\Files\D045_V100_RUN_BTCUSD_TRADES.csv;C:\Users\<REDACTED>\AppData\Roaming\MetaQuotes\Terminal\Common\Files\D045_V100_RUN_BTCUSD_STATS.csv
PROGRESS;D045_D1_Donchian20_10_TickPath_M15_v1_00.mq5;1.00;RUN;2250000;48;0;0;3;3;2;0;2;0;0;0;0;0;0;0;0;0;2;2;BTCUSD;PERIOD_M15;CRYPTO;0.04PCT_NOTIONAL_PER_SIDE;EXCLUDED_REQUIRE_SEPARATE_STRESS;;D045_V100_RUN_BTCUSD_TRADES.csv;D045_V100_RUN_BTCUSD_STATS.csv;C:\Users\<REDACTED>\AppData\Roaming\MetaQuotes\Terminal\Common\Files\D045_V100_RUN_BTCUSD_TRADES.csv;C:\Users\<REDACTED>\AppData\Roaming\MetaQuotes\Terminal\Common\Files\D045_V100_RUN_BTCUSD_STATS.csv
PROGRESS;D045_D1_Donchian20_10_TickPath_M15_v1_00.mq5;1.00;RUN;2500000;51;0;0;3;3;2;0;2;0;0;0;0;0;0;0;0;0;2;2;BTCUSD;PERIOD_M15;CRYPTO;0.04PCT_NOTIONAL_PER_SIDE;EXCLUDED_REQUIRE_SEPARATE_STRESS;;D045_V100_RUN_BTCUSD_TRADES.csv;D045_V100_RUN_BTCUSD_STATS.csv;C:\Users\<REDACTED>\AppData\Roaming\MetaQuotes\Terminal\Common\Files\D045_V100_RUN_BTCUSD_TRADES.csv;C:\Users\<REDACTED>\AppData\Roaming\MetaQuotes\Terminal\Common\Files\D045_V100_RUN_BTCUSD_STATS.csv
PROGRESS;D045_D1_Donchian20_10_TickPath_M15_v1_00.mq5;1.00;RUN;2750000;55;0;0;3;3;2;0;2;0;0;0;0;0;0;0;0;0;2;2;BTCUSD;PERIOD_M15;CRYPTO;0.04PCT_NOTIONAL_PER_SIDE;EXCLUDED_REQUIRE_SEPARATE_STRESS;;D045_V100_RUN_BTCUSD_TRADES.csv;D045_V100_RUN_BTCUSD_STATS.csv;C:\Users\<REDACTED>\AppData\Roaming\MetaQuotes\Terminal\Common\Files\D045_V100_RUN_BTCUSD_TRADES.csv;C:\Users\<REDACTED>\AppData\Roaming\MetaQuotes\Terminal\Common\Files\D045_V100_RUN_BTCUSD_STATS.csv
PROGRESS;D045_D1_Donchian20_10_TickPath_M15_v1_00.mq5;1.00;RUN;3000000;59;0;0;3;3;2;0;2;0;0;0;0;0;0;0;0;0;2;2;BTCUSD;PERIOD_M15;CRYPTO;0.04PCT_NOTIONAL_PER_SIDE;EXCLUDED_REQUIRE_SEPARATE_STRESS;;D045_V100_RUN_BTCUSD_TRADES.csv;D045_V100_RUN_BTCUSD_STATS.csv;C:\Users\<REDACTED>\AppData\Roaming\MetaQuotes\Terminal\Common\Files\D045_V100_RUN_BTCUSD_TRADES.csv;C:\Users\<REDACTED>\AppData\Roaming\MetaQuotes\Terminal\Common\Files\D045_V100_RUN_BTCUSD_STATS.csv
PROGRESS;D045_D1_Donchian20_10_TickPath_M15_v1_00.mq5;1.00;RUN;3250000;61;0;0;3;3;2;0;2;0;0;0;0;0;0;0;0;0;2;2;BTCUSD;PERIOD_M15;CRYPTO;0.04PCT_NOTIONAL_PER_SIDE;EXCLUDED_REQUIRE_SEPARATE_STRESS;;D045_V100_RUN_BTCUSD_TRADES.csv;D045_V100_RUN_BTCUSD_STATS.csv;C:\Users\<REDACTED>\AppData\Roaming\MetaQuotes\Terminal\Common\Files\D045_V100_RUN_BTCUSD_TRADES.csv;C:\Users\<REDACTED>\AppData\Roaming\MetaQuotes\Terminal\Common\Files\D045_V100_RUN_BTCUSD_STATS.csv
PROGRESS;D045_D1_Donchian20_10_TickPath_M15_v1_00.mq5;1.00;RUN;3500000;63;0;0;3;3;2;0;2;0;0;0;0;0;0;0;0;0;2;2;BTCUSD;PERIOD_M15;CRYPTO;0.04PCT_NOTIONAL_PER_SIDE;EXCLUDED_REQUIRE_SEPARATE_STRESS;;D045_V100_RUN_BTCUSD_TRADES.csv;D045_V100_RUN_BTCUSD_STATS.csv;C:\Users\<REDACTED>\AppData\Roaming\MetaQuotes\Terminal\Common\Files\D045_V100_RUN_BTCUSD_TRADES.csv;C:\Users\<REDACTED>\AppData\Roaming\MetaQuotes\Terminal\Common\Files\D045_V100_RUN_BTCUSD_STATS.csv
PROGRESS;D045_D1_Donchian20_10_TickPath_M15_v1_00.mq5;1.00;RUN;3750000;65;0;0;3;3;2;0;2;0;0;0;0;0;0;0;0;0;2;2;BTCUSD;PERIOD_M15;CRYPTO;0.04PCT_NOTIONAL_PER_SIDE;EXCLUDED_REQUIRE_SEPARATE_STRESS;;D045_V100_RUN_BTCUSD_TRADES.csv;D045_V100_RUN_BTCUSD_STATS.csv;C:\Users\<REDACTED>\AppData\Roaming\MetaQuotes\Terminal\Common\Files\D045_V100_RUN_BTCUSD_TRADES.csv;C:\Users\<REDACTED>\AppData\Roaming\MetaQuotes\Terminal\Common\Files\D045_V100_RUN_BTCUSD_STATS.csv
FINAL;D045_D1_Donchian20_10_TickPath_M15_v1_00.mq5;1.00;RUN;3768888;65;0;0;3;3;3;0;2;0;1;0;0;0;0;0;0;0;3;3;BTCUSD;PERIOD_M15;CRYPTO;0.04PCT_NOTIONAL_PER_SIDE;EXCLUDED_REQUIRE_SEPARATE_STRESS;;D045_V100_RUN_BTCUSD_TRADES.csv;D045_V100_RUN_BTCUSD_STATS.csv;C:\Users\<REDACTED>\AppData\Roaming\MetaQuotes\Terminal\Common\Files\D045_V100_RUN_BTCUSD_TRADES.csv;C:\Users\<REDACTED>\AppData\Roaming\MetaQuotes\Terminal\Common\Files\D045_V100_RUN_BTCUSD_STATS.csv

