status;source_name;source_version;run_stage;ticks_seen;days_initialized;long_eligible_days;short_eligible_days;reference_unusable_days;ambiguous_days;low_breaks;high_breaks;entry_signals;trades_opened;trades_closed;stop_exits;h24_exits;test_end_exits;invalid_price;invalid_risk;risk_fallbacks;pnl_fallbacks;risk_calc_failures;pnl_calc_failures;path_calc_failures;csv_trade_rows;path_rows;symbol;timeframe;asset_class;commission_rule;fatal_status;trades_name;stats_name;trades_csv_fullpath;stats_csv_fullpath
INIT;D044_TurtleSoup20D_H24_TickPath_M15_v1_00.mq5;1.00;RUN;0;0;0;0;0;0;0;0;0;0;0;0;0;0;0;0;0;0;0;0;0;0;0;EURUSD;PERIOD_M15;FOREX;USD5_PER_LOT_PER_SIDE;;D044_V100_RUN_EURUSD_TRADES.csv;D044_V100_RUN_EURUSD_STATS.csv;C:\Users\<REDACTED>\AppData\Roaming\MetaQuotes\Terminal\Common\Files\D044_V100_RUN_EURUSD_TRADES.csv;C:\Users\<REDACTED>\AppData\Roaming\MetaQuotes\Terminal\Common\Files\D044_V100_RUN_EURUSD_STATS.csv
READY;D044_TurtleSoup20D_H24_TickPath_M15_v1_00.mq5;1.00;RUN;0;0;0;0;0;0;0;0;0;0;0;0;0;0;0;0;0;0;0;0;0;0;0;EURUSD;PERIOD_M15;FOREX;USD5_PER_LOT_PER_SIDE;;D044_V100_RUN_EURUSD_TRADES.csv;D044_V100_RUN_EURUSD_STATS.csv;C:\Users\<REDACTED>\AppData\Roaming\MetaQuotes\Terminal\Common\Files\D044_V100_RUN_EURUSD_TRADES.csv;C:\Users\<REDACTED>\AppData\Roaming\MetaQuotes\Terminal\Common\Files\D044_V100_RUN_EURUSD_STATS.csv
PROGRESS;D044_TurtleSoup20D_H24_TickPath_M15_v1_00.mq5;1.00;RUN;250000;4;4;3;0;0;0;0;0;0;0;0;0;0;0;0;0;0;0;0;0;0;0;EURUSD;PERIOD_M15;FOREX;USD5_PER_LOT_PER_SIDE;;D044_V100_RUN_EURUSD_TRADES.csv;D044_V100_RUN_EURUSD_STATS.csv;C:\Users\<REDACTED>\AppData\Roaming\MetaQuotes\Terminal\Common\Files\D044_V100_RUN_EURUSD_TRADES.csv;C:\Users\<REDACTED>\AppData\Roaming\MetaQuotes\Terminal\Common\Files\D044_V100_RUN_EURUSD_STATS.csv
PROGRESS;D044_TurtleSoup20D_H24_TickPath_M15_v1_00.mq5;1.00;RUN;500000;8;8;7;0;0;0;0;0;0;0;0;0;0;0;0;0;0;0;0;0;0;0;EURUSD;PERIOD_M15;FOREX;USD5_PER_LOT_PER_SIDE;;D044_V100_RUN_EURUSD_TRADES.csv;D044_V100_RUN_EURUSD_STATS.csv;C:\Users\<REDACTED>\AppData\Roaming\MetaQuotes\Terminal\Common\Files\D044_V100_RUN_EURUSD_TRADES.csv;C:\Users\<REDACTED>\AppData\Roaming\MetaQuotes\Terminal\Common\Files\D044_V100_RUN_EURUSD_STATS.csv
PROGRESS;D044_TurtleSoup20D_H24_TickPath_M15_v1_00.mq5;1.00;RUN;750000;11;11;10;0;0;1;0;1;1;1;1;0;0;0;0;0;0;0;0;0;1;1;EURUSD;PERIOD_M15;FOREX;USD5_PER_LOT_PER_SIDE;;D044_V100_RUN_EURUSD_TRADES.csv;D044_V100_RUN_EURUSD_STATS.csv;C:\Users\<REDACTED>\AppData\Roaming\MetaQuotes\Terminal\Common\Files\D044_V100_RUN_EURUSD_TRADES.csv;C:\Users\<REDACTED>\AppData\Roaming\MetaQuotes\Terminal\Common\Files\D044_V100_RUN_EURUSD_STATS.csv
PROGRESS;D044_TurtleSoup20D_H24_TickPath_M15_v1_00.mq5;1.00;RUN;1000000;15;11;14;0;0;1;0;1;1;1;1;0;0;0;0;0;0;0;0;0;1;1;EURUSD;PERIOD_M15;FOREX;USD5_PER_LOT_PER_SIDE;;D044_V100_RUN_EURUSD_TRADES.csv;D044_V100_RUN_EURUSD_STATS.csv;C:\Users\<REDACTED>\AppData\Roaming\MetaQuotes\Terminal\Common\Files\D044_V100_RUN_EURUSD_TRADES.csv;C:\Users\<REDACTED>\AppData\Roaming\MetaQuotes\Terminal\Common\Files\D044_V100_RUN_EURUSD_STATS.csv
PROGRESS;D044_TurtleSoup20D_H24_TickPath_M15_v1_00.mq5;1.00;RUN;1250000;19;12;18;0;0;2;0;2;2;2;1;1;0;0;0;0;0;0;0;0;2;2;EURUSD;PERIOD_M15;FOREX;USD5_PER_LOT_PER_SIDE;;D044_V100_RUN_EURUSD_TRADES.csv;D044_V100_RUN_EURUSD_STATS.csv;C:\Users\<REDACTED>\AppData\Roaming\MetaQuotes\Terminal\Common\Files\D044_V100_RUN_EURUSD_TRADES.csv;C:\Users\<REDACTED>\AppData\Roaming\MetaQuotes\Terminal\Common\Files\D044_V100_RUN_EURUSD_STATS.csv
PROGRESS;D044_TurtleSoup20D_H24_TickPath_M15_v1_00.mq5;1.00;RUN;1500000;23;12;22;0;0;2;0;2;2;2;1;1;0;0;0;0;0;0;0;0;2;2;EURUSD;PERIOD_M15;FOREX;USD5_PER_LOT_PER_SIDE;;D044_V100_RUN_EURUSD_TRADES.csv;D044_V100_RUN_EURUSD_STATS.csv;C:\Users\<REDACTED>\AppData\Roaming\MetaQuotes\Terminal\Common\Files\D044_V100_RUN_EURUSD_TRADES.csv;C:\Users\<REDACTED>\AppData\Roaming\MetaQuotes\Terminal\Common\Files\D044_V100_RUN_EURUSD_STATS.csv
PROGRESS;D044_TurtleSoup20D_H24_TickPath_M15_v1_00.mq5;1.00;RUN;1750000;26;12;25;0;0;2;0;2;2;2;1;1;0;0;0;0;0;0;0;0;2;2;EURUSD;PERIOD_M15;FOREX;USD5_PER_LOT_PER_SIDE;;D044_V100_RUN_EURUSD_TRADES.csv;D044_V100_RUN_EURUSD_STATS.csv;C:\Users\<REDACTED>\AppData\Roaming\MetaQuotes\Terminal\Common\Files\D044_V100_RUN_EURUSD_TRADES.csv;C:\Users\<REDACTED>\AppData\Roaming\MetaQuotes\Terminal\Common\Files\D044_V100_RUN_EURUSD_STATS.csv
PROGRESS;D044_TurtleSoup20D_H24_TickPath_M15_v1_00.mq5;1.00;RUN;2000000;30;13;29;0;0;2;0;2;2;2;1;1;0;0;0;0;0;0;0;0;2;2;EURUSD;PERIOD_M15;FOREX;USD5_PER_LOT_PER_SIDE;;D044_V100_RUN_EURUSD_TRADES.csv;D044_V100_RUN_EURUSD_STATS.csv;C:\Users\<REDACTED>\AppData\Roaming\MetaQuotes\Terminal\Common\Files\D044_V100_RUN_EURUSD_TRADES.csv;C:\Users\<REDACTED>\AppData\Roaming\MetaQuotes\Terminal\Common\Files\D044_V100_RUN_EURUSD_STATS.csv
PROGRESS;D044_TurtleSoup20D_H24_TickPath_M15_v1_00.mq5;1.00;RUN;2250000;34;14;33;0;0;3;0;3;3;3;2;1;0;0;0;0;0;0;0;0;3;3;EURUSD;PERIOD_M15;FOREX;USD5_PER_LOT_PER_SIDE;;D044_V100_RUN_EURUSD_TRADES.csv;D044_V100_RUN_EURUSD_STATS.csv;C:\Users\<REDACTED>\AppData\Roaming\MetaQuotes\Terminal\Common\Files\D044_V100_RUN_EURUSD_TRADES.csv;C:\Users\<REDACTED>\AppData\Roaming\MetaQuotes\Terminal\Common\Files\D044_V100_RUN_EURUSD_STATS.csv
PROGRESS;D044_TurtleSoup20D_H24_TickPath_M15_v1_00.mq5;1.00;RUN;2500000;38;17;37;0;0;3;0;3;3;3;2;1;0;0;0;0;0;0;0;0;3;3;EURUSD;PERIOD_M15;FOREX;USD5_PER_LOT_PER_SIDE;;D044_V100_RUN_EURUSD_TRADES.csv;D044_V100_RUN_EURUSD_STATS.csv;C:\Users\<REDACTED>\AppData\Roaming\MetaQuotes\Terminal\Common\Files\D044_V100_RUN_EURUSD_TRADES.csv;C:\Users\<REDACTED>\AppData\Roaming\MetaQuotes\Terminal\Common\Files\D044_V100_RUN_EURUSD_STATS.csv
PROGRESS;D044_TurtleSoup20D_H24_TickPath_M15_v1_00.mq5;1.00;RUN;2750000;42;21;41;0;0;3;0;3;3;3;2;1;0;0;0;0;0;0;0;0;3;3;EURUSD;PERIOD_M15;FOREX;USD5_PER_LOT_PER_SIDE;;D044_V100_RUN_EURUSD_TRADES.csv;D044_V100_RUN_EURUSD_STATS.csv;C:\Users\<REDACTED>\AppData\Roaming\MetaQuotes\Terminal\Common\Files\D044_V100_RUN_EURUSD_TRADES.csv;C:\Users\<REDACTED>\AppData\Roaming\MetaQuotes\Terminal\Common\Files\D044_V100_RUN_EURUSD_STATS.csv
PROGRESS;D044_TurtleSoup20D_H24_TickPath_M15_v1_00.mq5;1.00;RUN;3000000;46;25;45;0;0;3;0;3;3;3;2;1;0;0;0;0;0;0;0;0;3;3;EURUSD;PERIOD_M15;FOREX;USD5_PER_LOT_PER_SIDE;;D044_V100_RUN_EURUSD_TRADES.csv;D044_V100_RUN_EURUSD_STATS.csv;C:\Users\<REDACTED>\AppData\Roaming\MetaQuotes\Terminal\Common\Files\D044_V100_RUN_EURUSD_TRADES.csv;C:\Users\<REDACTED>\AppData\Roaming\MetaQuotes\Terminal\Common\Files\D044_V100_RUN_EURUSD_STATS.csv
PROGRESS;D044_TurtleSoup20D_H24_TickPath_M15_v1_00.mq5;1.00;RUN;3250000;49;28;46;0;0;3;1;4;4;4;3;1;0;0;0;0;0;0;0;0;4;4;EURUSD;PERIOD_M15;FOREX;USD5_PER_LOT_PER_SIDE;;D044_V100_RUN_EURUSD_TRADES.csv;D044_V100_RUN_EURUSD_STATS.csv;C:\Users\<REDACTED>\AppData\Roaming\MetaQuotes\Terminal\Common\Files\D044_V100_RUN_EURUSD_TRADES.csv;C:\Users\<REDACTED>\AppData\Roaming\MetaQuotes\Terminal\Common\Files\D044_V100_RUN_EURUSD_STATS.csv
PROGRESS;D044_TurtleSoup20D_H24_TickPath_M15_v1_00.mq5;1.00;RUN;3500000;53;32;47;0;0;3;1;4;4;4;3;1;0;0;0;0;0;0;0;0;4;4;EURUSD;PERIOD_M15;FOREX;USD5_PER_LOT_PER_SIDE;;D044_V100_RUN_EURUSD_TRADES.csv;D044_V100_RUN_EURUSD_STATS.csv;C:\Users\<REDACTED>\AppData\Roaming\MetaQuotes\Terminal\Common\Files\D044_V100_RUN_EURUSD_TRADES.csv;C:\Users\<REDACTED>\AppData\Roaming\MetaQuotes\Terminal\Common\Files\D044_V100_RUN_EURUSD_STATS.csv
PROGRESS;D044_TurtleSoup20D_H24_TickPath_M15_v1_00.mq5;1.00;RUN;3750000;57;36;51;0;0;3;1;4;4;4;3;1;0;0;0;0;0;0;0;0;4;4;EURUSD;PERIOD_M15;FOREX;USD5_PER_LOT_PER_SIDE;;D044_V100_RUN_EURUSD_TRADES.csv;D044_V100_RUN_EURUSD_STATS.csv;C:\Users\<REDACTED>\AppData\Roaming\MetaQuotes\Terminal\Common\Files\D044_V100_RUN_EURUSD_TRADES.csv;C:\Users\<REDACTED>\AppData\Roaming\MetaQuotes\Terminal\Common\Files\D044_V100_RUN_EURUSD_STATS.csv
PROGRESS;D044_TurtleSoup20D_H24_TickPath_M15_v1_00.mq5;1.00;RUN;4000000;61;40;55;0;0;3;1;4;4;4;3;1;0;0;0;0;0;0;0;0;4;4;EURUSD;PERIOD_M15;FOREX;USD5_PER_LOT_PER_SIDE;;D044_V100_RUN_EURUSD_TRADES.csv;D044_V100_RUN_EURUSD_STATS.csv;C:\Users\<REDACTED>\AppData\Roaming\MetaQuotes\Terminal\Common\Files\D044_V100_RUN_EURUSD_TRADES.csv;C:\Users\<REDACTED>\AppData\Roaming\MetaQuotes\Terminal\Common\Files\D044_V100_RUN_EURUSD_STATS.csv
PROGRESS;D044_TurtleSoup20D_H24_TickPath_M15_v1_00.mq5;1.00;RUN;4250000;65;42;59;0;0;4;1;5;5;5;4;1;0;0;0;0;0;0;0;0;5;5;EURUSD;PERIOD_M15;FOREX;USD5_PER_LOT_PER_SIDE;;D044_V100_RUN_EURUSD_TRADES.csv;D044_V100_RUN_EURUSD_STATS.csv;C:\Users\<REDACTED>\AppData\Roaming\MetaQuotes\Terminal\Common\Files\D044_V100_RUN_EURUSD_TRADES.csv;C:\Users\<REDACTED>\AppData\Roaming\MetaQuotes\Terminal\Common\Files\D044_V100_RUN_EURUSD_STATS.csv
PROGRESS;D044_TurtleSoup20D_H24_TickPath_M15_v1_00.mq5;1.00;RUN;4500000;69;42;63;0;0;4;1;5;5;5;4;1;0;0;0;0;0;0;0;0;5;5;EURUSD;PERIOD_M15;FOREX;USD5_PER_LOT_PER_SIDE;;D044_V100_RUN_EURUSD_TRADES.csv;D044_V100_RUN_EURUSD_STATS.csv;C:\Users\<REDACTED>\AppData\Roaming\MetaQuotes\Terminal\Common\Files\D044_V100_RUN_EURUSD_TRADES.csv;C:\Users\<REDACTED>\AppData\Roaming\MetaQuotes\Terminal\Common\Files\D044_V100_RUN_EURUSD_STATS.csv
PROGRESS;D044_TurtleSoup20D_H24_TickPath_M15_v1_00.mq5;1.00;RUN;4750000;73;46;67;0;0;4;1;5;5;5;4;1;0;0;0;0;0;0;0;0;5;5;EURUSD;PERIOD_M15;FOREX;USD5_PER_LOT_PER_SIDE;;D044_V100_RUN_EURUSD_TRADES.csv;D044_V100_RUN_EURUSD_STATS.csv;C:\Users\<REDACTED>\AppData\Roaming\MetaQuotes\Terminal\Common\Files\D044_V100_RUN_EURUSD_TRADES.csv;C:\Users\<REDACTED>\AppData\Roaming\MetaQuotes\Terminal\Common\Files\D044_V100_RUN_EURUSD_STATS.csv
PROGRESS;D044_TurtleSoup20D_H24_TickPath_M15_v1_00.mq5;1.00;RUN;5000000;76;46;70;0;0;5;1;6;6;6;5;1;0;0;0;0;0;0;0;0;6;6;EURUSD;PERIOD_M15;FOREX;USD5_PER_LOT_PER_SIDE;;D044_V100_RUN_EURUSD_TRADES.csv;D044_V100_RUN_EURUSD_STATS.csv;C:\Users\<REDACTED>\AppData\Roaming\MetaQuotes\Terminal\Common\Files\D044_V100_RUN_EURUSD_TRADES.csv;C:\Users\<REDACTED>\AppData\Roaming\MetaQuotes\Terminal\Common\Files\D044_V100_RUN_EURUSD_STATS.csv
PROGRESS;D044_TurtleSoup20D_H24_TickPath_M15_v1_00.mq5;1.00;RUN;5250000;79;46;73;0;0;5;1;6;6;6;5;1;0;0;0;0;0;0;0;0;6;6;EURUSD;PERIOD_M15;FOREX;USD5_PER_LOT_PER_SIDE;;D044_V100_RUN_EURUSD_TRADES.csv;D044_V100_RUN_EURUSD_STATS.csv;C:\Users\<REDACTED>\AppData\Roaming\MetaQuotes\Terminal\Common\Files\D044_V100_RUN_EURUSD_TRADES.csv;C:\Users\<REDACTED>\AppData\Roaming\MetaQuotes\Terminal\Common\Files\D044_V100_RUN_EURUSD_STATS.csv
PROGRESS;D044_TurtleSoup20D_H24_TickPath_M15_v1_00.mq5;1.00;RUN;5500000;83;50;77;0;0;5;1;6;6;6;5;1;0;0;0;0;0;0;0;0;6;6;EURUSD;PERIOD_M15;FOREX;USD5_PER_LOT_PER_SIDE;;D044_V100_RUN_EURUSD_TRADES.csv;D044_V100_RUN_EURUSD_STATS.csv;C:\Users\<REDACTED>\AppData\Roaming\MetaQuotes\Terminal\Common\Files\D044_V100_RUN_EURUSD_TRADES.csv;C:\Users\<REDACTED>\AppData\Roaming\MetaQuotes\Terminal\Common\Files\D044_V100_RUN_EURUSD_STATS.csv
PROGRESS;D044_TurtleSoup20D_H24_TickPath_M15_v1_00.mq5;1.00;RUN;5750000;87;54;81;0;0;5;1;6;6;6;5;1;0;0;0;0;0;0;0;0;6;6;EURUSD;PERIOD_M15;FOREX;USD5_PER_LOT_PER_SIDE;;D044_V100_RUN_EURUSD_TRADES.csv;D044_V100_RUN_EURUSD_STATS.csv;C:\Users\<REDACTED>\AppData\Roaming\MetaQuotes\Terminal\Common\Files\D044_V100_RUN_EURUSD_TRADES.csv;C:\Users\<REDACTED>\AppData\Roaming\MetaQuotes\Terminal\Common\Files\D044_V100_RUN_EURUSD_STATS.csv
PROGRESS;D044_TurtleSoup20D_H24_TickPath_M15_v1_00.mq5;1.00;RUN;6000000;90;57;84;0;0;5;1;6;6;6;5;1;0;0;0;0;0;0;0;0;6;6;EURUSD;PERIOD_M15;FOREX;USD5_PER_LOT_PER_SIDE;;D044_V100_RUN_EURUSD_TRADES.csv;D044_V100_RUN_EURUSD_STATS.csv;C:\Users\<REDACTED>\AppData\Roaming\MetaQuotes\Terminal\Common\Files\D044_V100_RUN_EURUSD_TRADES.csv;C:\Users\<REDACTED>\AppData\Roaming\MetaQuotes\Terminal\Common\Files\D044_V100_RUN_EURUSD_STATS.csv
PROGRESS;D044_TurtleSoup20D_H24_TickPath_M15_v1_00.mq5;1.00;RUN;6250000;95;62;89;0;0;5;1;6;6;6;5;1;0;0;0;0;0;0;0;0;6;6;EURUSD;PERIOD_M15;FOREX;USD5_PER_LOT_PER_SIDE;;D044_V100_RUN_EURUSD_TRADES.csv;D044_V100_RUN_EURUSD_STATS.csv;C:\Users\<REDACTED>\AppData\Roaming\MetaQuotes\Terminal\Common\Files\D044_V100_RUN_EURUSD_TRADES.csv;C:\Users\<REDACTED>\AppData\Roaming\MetaQuotes\Terminal\Common\Files\D044_V100_RUN_EURUSD_STATS.csv
PROGRESS;D044_TurtleSoup20D_H24_TickPath_M15_v1_00.mq5;1.00;RUN;6500000;101;68;90;0;0;5;2;7;7;7;6;1;0;0;0;0;0;0;0;0;7;7;EURUSD;PERIOD_M15;FOREX;USD5_PER_LOT_PER_SIDE;;D044_V100_RUN_EURUSD_TRADES.csv;D044_V100_RUN_EURUSD_STATS.csv;C:\Users\<REDACTED>\AppData\Roaming\MetaQuotes\Terminal\Common\Files\D044_V100_RUN_EURUSD_TRADES.csv;C:\Users\<REDACTED>\AppData\Roaming\MetaQuotes\Terminal\Common\Files\D044_V100_RUN_EURUSD_STATS.csv
PROGRESS;D044_TurtleSoup20D_H24_TickPath_M15_v1_00.mq5;1.00;RUN;6750000;106;73;95;0;0;5;2;7;7;7;6;1;0;0;0;0;0;0;0;0;7;7;EURUSD;PERIOD_M15;FOREX;USD5_PER_LOT_PER_SIDE;;D044_V100_RUN_EURUSD_TRADES.csv;D044_V100_RUN_EURUSD_STATS.csv;C:\Users\<REDACTED>\AppData\Roaming\MetaQuotes\Terminal\Common\Files\D044_V100_RUN_EURUSD_TRADES.csv;C:\Users\<REDACTED>\AppData\Roaming\MetaQuotes\Terminal\Common\Files\D044_V100_RUN_EURUSD_STATS.csv
PROGRESS;D044_TurtleSoup20D_H24_TickPath_M15_v1_00.mq5;1.00;RUN;7000000;110;77;99;0;0;5;2;7;7;7;6;1;0;0;0;0;0;0;0;0;7;7;EURUSD;PERIOD_M15;FOREX;USD5_PER_LOT_PER_SIDE;;D044_V100_RUN_EURUSD_TRADES.csv;D044_V100_RUN_EURUSD_STATS.csv;C:\Users\<REDACTED>\AppData\Roaming\MetaQuotes\Terminal\Common\Files\D044_V100_RUN_EURUSD_TRADES.csv;C:\Users\<REDACTED>\AppData\Roaming\MetaQuotes\Terminal\Common\Files\D044_V100_RUN_EURUSD_STATS.csv
PROGRESS;D044_TurtleSoup20D_H24_TickPath_M15_v1_00.mq5;1.00;RUN;7250000;115;82;100;0;0;6;3;9;9;9;8;1;0;0;0;0;0;0;0;0;9;9;EURUSD;PERIOD_M15;FOREX;USD5_PER_LOT_PER_SIDE;;D044_V100_RUN_EURUSD_TRADES.csv;D044_V100_RUN_EURUSD_STATS.csv;C:\Users\<REDACTED>\AppData\Roaming\MetaQuotes\Terminal\Common\Files\D044_V100_RUN_EURUSD_TRADES.csv;C:\Users\<REDACTED>\AppData\Roaming\MetaQuotes\Terminal\Common\Files\D044_V100_RUN_EURUSD_STATS.csv
PROGRESS;D044_TurtleSoup20D_H24_TickPath_M15_v1_00.mq5;1.00;RUN;7500000;119;82;104;0;0;6;3;9;9;9;8;1;0;0;0;0;0;0;0;0;9;9;EURUSD;PERIOD_M15;FOREX;USD5_PER_LOT_PER_SIDE;;D044_V100_RUN_EURUSD_TRADES.csv;D044_V100_RUN_EURUSD_STATS.csv;C:\Users\<REDACTED>\AppData\Roaming\MetaQuotes\Terminal\Common\Files\D044_V100_RUN_EURUSD_TRADES.csv;C:\Users\<REDACTED>\AppData\Roaming\MetaQuotes\Terminal\Common\Files\D044_V100_RUN_EURUSD_STATS.csv
PROGRESS;D044_TurtleSoup20D_H24_TickPath_M15_v1_00.mq5;1.00;RUN;7750000;125;85;110;0;0;6;3;9;9;9;8;1;0;0;0;0;0;0;0;0;9;9;EURUSD;PERIOD_M15;FOREX;USD5_PER_LOT_PER_SIDE;;D044_V100_RUN_EURUSD_TRADES.csv;D044_V100_RUN_EURUSD_STATS.csv;C:\Users\<REDACTED>\AppData\Roaming\MetaQuotes\Terminal\Common\Files\D044_V100_RUN_EURUSD_TRADES.csv;C:\Users\<REDACTED>\AppData\Roaming\MetaQuotes\Terminal\Common\Files\D044_V100_RUN_EURUSD_STATS.csv
PROGRESS;D044_TurtleSoup20D_H24_TickPath_M15_v1_00.mq5;1.00;RUN;8000000;129;87;114;0;0;7;3;10;10;10;9;1;0;0;0;0;0;0;0;0;10;10;EURUSD;PERIOD_M15;FOREX;USD5_PER_LOT_PER_SIDE;;D044_V100_RUN_EURUSD_TRADES.csv;D044_V100_RUN_EURUSD_STATS.csv;C:\Users\<REDACTED>\AppData\Roaming\MetaQuotes\Terminal\Common\Files\D044_V100_RUN_EURUSD_TRADES.csv;C:\Users\<REDACTED>\AppData\Roaming\MetaQuotes\Terminal\Common\Files\D044_V100_RUN_EURUSD_STATS.csv
PROGRESS;D044_TurtleSoup20D_H24_TickPath_M15_v1_00.mq5;1.00;RUN;8250000;132;89;117;0;0;7;3;10;10;10;9;1;0;0;0;0;0;0;0;0;10;10;EURUSD;PERIOD_M15;FOREX;USD5_PER_LOT_PER_SIDE;;D044_V100_RUN_EURUSD_TRADES.csv;D044_V100_RUN_EURUSD_STATS.csv;C:\Users\<REDACTED>\AppData\Roaming\MetaQuotes\Terminal\Common\Files\D044_V100_RUN_EURUSD_TRADES.csv;C:\Users\<REDACTED>\AppData\Roaming\MetaQuotes\Terminal\Common\Files\D044_V100_RUN_EURUSD_STATS.csv
PROGRESS;D044_TurtleSoup20D_H24_TickPath_M15_v1_00.mq5;1.00;RUN;8500000;136;93;121;0;0;7;3;10;10;10;9;1;0;0;0;0;0;0;0;0;10;10;EURUSD;PERIOD_M15;FOREX;USD5_PER_LOT_PER_SIDE;;D044_V100_RUN_EURUSD_TRADES.csv;D044_V100_RUN_EURUSD_STATS.csv;C:\Users\<REDACTED>\AppData\Roaming\MetaQuotes\Terminal\Common\Files\D044_V100_RUN_EURUSD_TRADES.csv;C:\Users\<REDACTED>\AppData\Roaming\MetaQuotes\Terminal\Common\Files\D044_V100_RUN_EURUSD_STATS.csv
PROGRESS;D044_TurtleSoup20D_H24_TickPath_M15_v1_00.mq5;1.00;RUN;8750000;139;96;122;0;0;7;3;10;10;10;9;1;0;0;0;0;0;0;0;0;10;10;EURUSD;PERIOD_M15;FOREX;USD5_PER_LOT_PER_SIDE;;D044_V100_RUN_EURUSD_TRADES.csv;D044_V100_RUN_EURUSD_STATS.csv;C:\Users\<REDACTED>\AppData\Roaming\MetaQuotes\Terminal\Common\Files\D044_V100_RUN_EURUSD_TRADES.csv;C:\Users\<REDACTED>\AppData\Roaming\MetaQuotes\Terminal\Common\Files\D044_V100_RUN_EURUSD_STATS.csv
PROGRESS;D044_TurtleSoup20D_H24_TickPath_M15_v1_00.mq5;1.00;RUN;9000000;143;100;122;0;0;7;3;10;10;10;9;1;0;0;0;0;0;0;0;0;10;10;EURUSD;PERIOD_M15;FOREX;USD5_PER_LOT_PER_SIDE;;D044_V100_RUN_EURUSD_TRADES.csv;D044_V100_RUN_EURUSD_STATS.csv;C:\Users\<REDACTED>\AppData\Roaming\MetaQuotes\Terminal\Common\Files\D044_V100_RUN_EURUSD_TRADES.csv;C:\Users\<REDACTED>\AppData\Roaming\MetaQuotes\Terminal\Common\Files\D044_V100_RUN_EURUSD_STATS.csv
PROGRESS;D044_TurtleSoup20D_H24_TickPath_M15_v1_00.mq5;1.00;RUN;9250000;146;103;124;0;0;7;3;10;10;10;9;1;0;0;0;0;0;0;0;0;10;10;EURUSD;PERIOD_M15;FOREX;USD5_PER_LOT_PER_SIDE;;D044_V100_RUN_EURUSD_TRADES.csv;D044_V100_RUN_EURUSD_STATS.csv;C:\Users\<REDACTED>\AppData\Roaming\MetaQuotes\Terminal\Common\Files\D044_V100_RUN_EURUSD_TRADES.csv;C:\Users\<REDACTED>\AppData\Roaming\MetaQuotes\Terminal\Common\Files\D044_V100_RUN_EURUSD_STATS.csv
PROGRESS;D044_TurtleSoup20D_H24_TickPath_M15_v1_00.mq5;1.00;RUN;9500000;149;106;127;0;0;7;3;10;10;10;9;1;0;0;0;0;0;0;0;0;10;10;EURUSD;PERIOD_M15;FOREX;USD5_PER_LOT_PER_SIDE;;D044_V100_RUN_EURUSD_TRADES.csv;D044_V100_RUN_EURUSD_STATS.csv;C:\Users\<REDACTED>\AppData\Roaming\MetaQuotes\Terminal\Common\Files\D044_V100_RUN_EURUSD_TRADES.csv;C:\Users\<REDACTED>\AppData\Roaming\MetaQuotes\Terminal\Common\Files\D044_V100_RUN_EURUSD_STATS.csv
PROGRESS;D044_TurtleSoup20D_H24_TickPath_M15_v1_00.mq5;1.00;RUN;9750000;151;108;129;0;0;7;3;10;10;10;9;1;0;0;0;0;0;0;0;0;10;10;EURUSD;PERIOD_M15;FOREX;USD5_PER_LOT_PER_SIDE;;D044_V100_RUN_EURUSD_TRADES.csv;D044_V100_RUN_EURUSD_STATS.csv;C:\Users\<REDACTED>\AppData\Roaming\MetaQuotes\Terminal\Common\Files\D044_V100_RUN_EURUSD_TRADES.csv;C:\Users\<REDACTED>\AppData\Roaming\MetaQuotes\Terminal\Common\Files\D044_V100_RUN_EURUSD_STATS.csv
PROGRESS;D044_TurtleSoup20D_H24_TickPath_M15_v1_00.mq5;1.00;RUN;10000000;153;109;131;0;0;7;3;10;10;10;9;1;0;0;0;0;0;0;0;0;10;10;EURUSD;PERIOD_M15;FOREX;USD5_PER_LOT_PER_SIDE;;D044_V100_RUN_EURUSD_TRADES.csv;D044_V100_RUN_EURUSD_STATS.csv;C:\Users\<REDACTED>\AppData\Roaming\MetaQuotes\Terminal\Common\Files\D044_V100_RUN_EURUSD_TRADES.csv;C:\Users\<REDACTED>\AppData\Roaming\MetaQuotes\Terminal\Common\Files\D044_V100_RUN_EURUSD_STATS.csv
PROGRESS;D044_TurtleSoup20D_H24_TickPath_M15_v1_00.mq5;1.00;RUN;10250000;154;109;132;0;0;7;4;11;11;11;10;1;0;0;0;0;0;0;0;0;11;11;EURUSD;PERIOD_M15;FOREX;USD5_PER_LOT_PER_SIDE;;D044_V100_RUN_EURUSD_TRADES.csv;D044_V100_RUN_EURUSD_STATS.csv;C:\Users\<REDACTED>\AppData\Roaming\MetaQuotes\Terminal\Common\Files\D044_V100_RUN_EURUSD_TRADES.csv;C:\Users\<REDACTED>\AppData\Roaming\MetaQuotes\Terminal\Common\Files\D044_V100_RUN_EURUSD_STATS.csv
PROGRESS;D044_TurtleSoup20D_H24_TickPath_M15_v1_00.mq5;1.00;RUN;10500000;156;110;132;0;0;7;4;11;11;11;10;1;0;0;0;0;0;0;0;0;11;11;EURUSD;PERIOD_M15;FOREX;USD5_PER_LOT_PER_SIDE;;D044_V100_RUN_EURUSD_TRADES.csv;D044_V100_RUN_EURUSD_STATS.csv;C:\Users\<REDACTED>\AppData\Roaming\MetaQuotes\Terminal\Common\Files\D044_V100_RUN_EURUSD_TRADES.csv;C:\Users\<REDACTED>\AppData\Roaming\MetaQuotes\Terminal\Common\Files\D044_V100_RUN_EURUSD_STATS.csv
PROGRESS;D044_TurtleSoup20D_H24_TickPath_M15_v1_00.mq5;1.00;RUN;10750000;158;112;133;0;0;7;4;11;11;11;10;1;0;0;0;0;0;0;0;0;11;11;EURUSD;PERIOD_M15;FOREX;USD5_PER_LOT_PER_SIDE;;D044_V100_RUN_EURUSD_TRADES.csv;D044_V100_RUN_EURUSD_STATS.csv;C:\Users\<REDACTED>\AppData\Roaming\MetaQuotes\Terminal\Common\Files\D044_V100_RUN_EURUSD_TRADES.csv;C:\Users\<REDACTED>\AppData\Roaming\MetaQuotes\Terminal\Common\Files\D044_V100_RUN_EURUSD_STATS.csv
PROGRESS;D044_TurtleSoup20D_H24_TickPath_M15_v1_00.mq5;1.00;RUN;11000000;161;115;136;0;0;7;5;12;12;12;11;1;0;0;0;0;0;0;0;0;12;12;EURUSD;PERIOD_M15;FOREX;USD5_PER_LOT_PER_SIDE;;D044_V100_RUN_EURUSD_TRADES.csv;D044_V100_RUN_EURUSD_STATS.csv;C:\Users\<REDACTED>\AppData\Roaming\MetaQuotes\Terminal\Common\Files\D044_V100_RUN_EURUSD_TRADES.csv;C:\Users\<REDACTED>\AppData\Roaming\MetaQuotes\Terminal\Common\Files\D044_V100_RUN_EURUSD_STATS.csv
PROGRESS;D044_TurtleSoup20D_H24_TickPath_M15_v1_00.mq5;1.00;RUN;11250000;164;118;136;0;0;7;5;12;12;12;11;1;0;0;0;0;0;0;0;0;12;12;EURUSD;PERIOD_M15;FOREX;USD5_PER_LOT_PER_SIDE;;D044_V100_RUN_EURUSD_TRADES.csv;D044_V100_RUN_EURUSD_STATS.csv;C:\Users\<REDACTED>\AppData\Roaming\MetaQuotes\Terminal\Common\Files\D044_V100_RUN_EURUSD_TRADES.csv;C:\Users\<REDACTED>\AppData\Roaming\MetaQuotes\Terminal\Common\Files\D044_V100_RUN_EURUSD_STATS.csv
PROGRESS;D044_TurtleSoup20D_H24_TickPath_M15_v1_00.mq5;1.00;RUN;11500000;167;121;136;0;0;7;5;12;12;12;11;1;0;0;0;0;0;0;0;0;12;12;EURUSD;PERIOD_M15;FOREX;USD5_PER_LOT_PER_SIDE;;D044_V100_RUN_EURUSD_TRADES.csv;D044_V100_RUN_EURUSD_STATS.csv;C:\Users\<REDACTED>\AppData\Roaming\MetaQuotes\Terminal\Common\Files\D044_V100_RUN_EURUSD_TRADES.csv;C:\Users\<REDACTED>\AppData\Roaming\MetaQuotes\Terminal\Common\Files\D044_V100_RUN_EURUSD_STATS.csv
PROGRESS;D044_TurtleSoup20D_H24_TickPath_M15_v1_00.mq5;1.00;RUN;11750000;170;124;136;0;0;7;5;12;12;12;11;1;0;0;0;0;0;0;0;0;12;12;EURUSD;PERIOD_M15;FOREX;USD5_PER_LOT_PER_SIDE;;D044_V100_RUN_EURUSD_TRADES.csv;D044_V100_RUN_EURUSD_STATS.csv;C:\Users\<REDACTED>\AppData\Roaming\MetaQuotes\Terminal\Common\Files\D044_V100_RUN_EURUSD_TRADES.csv;C:\Users\<REDACTED>\AppData\Roaming\MetaQuotes\Terminal\Common\Files\D044_V100_RUN_EURUSD_STATS.csv
PROGRESS;D044_TurtleSoup20D_H24_TickPath_M15_v1_00.mq5;1.00;RUN;12000000;172;126;136;0;0;7;5;12;12;12;11;1;0;0;0;0;0;0;0;0;12;12;EURUSD;PERIOD_M15;FOREX;USD5_PER_LOT_PER_SIDE;;D044_V100_RUN_EURUSD_TRADES.csv;D044_V100_RUN_EURUSD_STATS.csv;C:\Users\<REDACTED>\AppData\Roaming\MetaQuotes\Terminal\Common\Files\D044_V100_RUN_EURUSD_TRADES.csv;C:\Users\<REDACTED>\AppData\Roaming\MetaQuotes\Terminal\Common\Files\D044_V100_RUN_EURUSD_STATS.csv
PROGRESS;D044_TurtleSoup20D_H24_TickPath_M15_v1_00.mq5;1.00;RUN;12250000;175;129;139;0;0;7;5;12;12;12;11;1;0;0;0;0;0;0;0;0;12;12;EURUSD;PERIOD_M15;FOREX;USD5_PER_LOT_PER_SIDE;;D044_V100_RUN_EURUSD_TRADES.csv;D044_V100_RUN_EURUSD_STATS.csv;C:\Users\<REDACTED>\AppData\Roaming\MetaQuotes\Terminal\Common\Files\D044_V100_RUN_EURUSD_TRADES.csv;C:\Users\<REDACTED>\AppData\Roaming\MetaQuotes\Terminal\Common\Files\D044_V100_RUN_EURUSD_STATS.csv
PROGRESS;D044_TurtleSoup20D_H24_TickPath_M15_v1_00.mq5;1.00;RUN;12500000;177;131;141;0;0;7;5;12;12;12;11;1;0;0;0;0;0;0;0;0;12;12;EURUSD;PERIOD_M15;FOREX;USD5_PER_LOT_PER_SIDE;;D044_V100_RUN_EURUSD_TRADES.csv;D044_V100_RUN_EURUSD_STATS.csv;C:\Users\<REDACTED>\AppData\Roaming\MetaQuotes\Terminal\Common\Files\D044_V100_RUN_EURUSD_TRADES.csv;C:\Users\<REDACTED>\AppData\Roaming\MetaQuotes\Terminal\Common\Files\D044_V100_RUN_EURUSD_STATS.csv
PROGRESS;D044_TurtleSoup20D_H24_TickPath_M15_v1_00.mq5;1.00;RUN;12750000;179;133;143;0;0;7;5;12;12;12;11;1;0;0;0;0;0;0;0;0;12;12;EURUSD;PERIOD_M15;FOREX;USD5_PER_LOT_PER_SIDE;;D044_V100_RUN_EURUSD_TRADES.csv;D044_V100_RUN_EURUSD_STATS.csv;C:\Users\<REDACTED>\AppData\Roaming\MetaQuotes\Terminal\Common\Files\D044_V100_RUN_EURUSD_TRADES.csv;C:\Users\<REDACTED>\AppData\Roaming\MetaQuotes\Terminal\Common\Files\D044_V100_RUN_EURUSD_STATS.csv
PROGRESS;D044_TurtleSoup20D_H24_TickPath_M15_v1_00.mq5;1.00;RUN;13000000;182;136;146;0;0;7;5;12;12;12;11;1;0;0;0;0;0;0;0;0;12;12;EURUSD;PERIOD_M15;FOREX;USD5_PER_LOT_PER_SIDE;;D044_V100_RUN_EURUSD_TRADES.csv;D044_V100_RUN_EURUSD_STATS.csv;C:\Users\<REDACTED>\AppData\Roaming\MetaQuotes\Terminal\Common\Files\D044_V100_RUN_EURUSD_TRADES.csv;C:\Users\<REDACTED>\AppData\Roaming\MetaQuotes\Terminal\Common\Files\D044_V100_RUN_EURUSD_STATS.csv
PROGRESS;D044_TurtleSoup20D_H24_TickPath_M15_v1_00.mq5;1.00;RUN;13250000;185;138;149;0;0;7;5;12;12;12;11;1;0;0;0;0;0;0;0;0;12;12;EURUSD;PERIOD_M15;FOREX;USD5_PER_LOT_PER_SIDE;;D044_V100_RUN_EURUSD_TRADES.csv;D044_V100_RUN_EURUSD_STATS.csv;C:\Users\<REDACTED>\AppData\Roaming\MetaQuotes\Terminal\Common\Files\D044_V100_RUN_EURUSD_TRADES.csv;C:\Users\<REDACTED>\AppData\Roaming\MetaQuotes\Terminal\Common\Files\D044_V100_RUN_EURUSD_STATS.csv
PROGRESS;D044_TurtleSoup20D_H24_TickPath_M15_v1_00.mq5;1.00;RUN;13500000;187;140;151;0;0;7;5;12;12;12;11;1;0;0;0;0;0;0;0;0;12;12;EURUSD;PERIOD_M15;FOREX;USD5_PER_LOT_PER_SIDE;;D044_V100_RUN_EURUSD_TRADES.csv;D044_V100_RUN_EURUSD_STATS.csv;C:\Users\<REDACTED>\AppData\Roaming\MetaQuotes\Terminal\Common\Files\D044_V100_RUN_EURUSD_TRADES.csv;C:\Users\<REDACTED>\AppData\Roaming\MetaQuotes\Terminal\Common\Files\D044_V100_RUN_EURUSD_STATS.csv
PROGRESS;D044_TurtleSoup20D_H24_TickPath_M15_v1_00.mq5;1.00;RUN;13750000;188;141;152;0;0;7;5;12;12;12;11;1;0;0;0;0;0;0;0;0;12;12;EURUSD;PERIOD_M15;FOREX;USD5_PER_LOT_PER_SIDE;;D044_V100_RUN_EURUSD_TRADES.csv;D044_V100_RUN_EURUSD_STATS.csv;C:\Users\<REDACTED>\AppData\Roaming\MetaQuotes\Terminal\Common\Files\D044_V100_RUN_EURUSD_TRADES.csv;C:\Users\<REDACTED>\AppData\Roaming\MetaQuotes\Terminal\Common\Files\D044_V100_RUN_EURUSD_STATS.csv
PROGRESS;D044_TurtleSoup20D_H24_TickPath_M15_v1_00.mq5;1.00;RUN;14000000;191;144;155;0;0;7;6;13;13;13;12;1;0;0;0;0;0;0;0;0;13;13;EURUSD;PERIOD_M15;FOREX;USD5_PER_LOT_PER_SIDE;;D044_V100_RUN_EURUSD_TRADES.csv;D044_V100_RUN_EURUSD_STATS.csv;C:\Users\<REDACTED>\AppData\Roaming\MetaQuotes\Terminal\Common\Files\D044_V100_RUN_EURUSD_TRADES.csv;C:\Users\<REDACTED>\AppData\Roaming\MetaQuotes\Terminal\Common\Files\D044_V100_RUN_EURUSD_STATS.csv
PROGRESS;D044_TurtleSoup20D_H24_TickPath_M15_v1_00.mq5;1.00;RUN;14250000;193;146;155;0;0;7;6;13;13;13;12;1;0;0;0;0;0;0;0;0;13;13;EURUSD;PERIOD_M15;FOREX;USD5_PER_LOT_PER_SIDE;;D044_V100_RUN_EURUSD_TRADES.csv;D044_V100_RUN_EURUSD_STATS.csv;C:\Users\<REDACTED>\AppData\Roaming\MetaQuotes\Terminal\Common\Files\D044_V100_RUN_EURUSD_TRADES.csv;C:\Users\<REDACTED>\AppData\Roaming\MetaQuotes\Terminal\Common\Files\D044_V100_RUN_EURUSD_STATS.csv
PROGRESS;D044_TurtleSoup20D_H24_TickPath_M15_v1_00.mq5;1.00;RUN;14500000;195;148;156;0;0;7;6;13;13;13;12;1;0;0;0;0;0;0;0;0;13;13;EURUSD;PERIOD_M15;FOREX;USD5_PER_LOT_PER_SIDE;;D044_V100_RUN_EURUSD_TRADES.csv;D044_V100_RUN_EURUSD_STATS.csv;C:\Users\<REDACTED>\AppData\Roaming\MetaQuotes\Terminal\Common\Files\D044_V100_RUN_EURUSD_TRADES.csv;C:\Users\<REDACTED>\AppData\Roaming\MetaQuotes\Terminal\Common\Files\D044_V100_RUN_EURUSD_STATS.csv
PROGRESS;D044_TurtleSoup20D_H24_TickPath_M15_v1_00.mq5;1.00;RUN;14750000;197;150;158;0;0;7;6;13;13;13;12;1;0;0;0;0;0;0;0;0;13;13;EURUSD;PERIOD_M15;FOREX;USD5_PER_LOT_PER_SIDE;;D044_V100_RUN_EURUSD_TRADES.csv;D044_V100_RUN_EURUSD_STATS.csv;C:\Users\<REDACTED>\AppData\Roaming\MetaQuotes\Terminal\Common\Files\D044_V100_RUN_EURUSD_TRADES.csv;C:\Users\<REDACTED>\AppData\Roaming\MetaQuotes\Terminal\Common\Files\D044_V100_RUN_EURUSD_STATS.csv
PROGRESS;D044_TurtleSoup20D_H24_TickPath_M15_v1_00.mq5;1.00;RUN;15000000;199;151;160;0;0;8;6;13;13;13;12;1;0;0;0;0;0;0;0;0;13;13;EURUSD;PERIOD_M15;FOREX;USD5_PER_LOT_PER_SIDE;;D044_V100_RUN_EURUSD_TRADES.csv;D044_V100_RUN_EURUSD_STATS.csv;C:\Users\<REDACTED>\AppData\Roaming\MetaQuotes\Terminal\Common\Files\D044_V100_RUN_EURUSD_TRADES.csv;C:\Users\<REDACTED>\AppData\Roaming\MetaQuotes\Terminal\Common\Files\D044_V100_RUN_EURUSD_STATS.csv
PROGRESS;D044_TurtleSoup20D_H24_TickPath_M15_v1_00.mq5;1.00;RUN;15250000;201;151;162;0;0;8;6;13;13;13;12;1;0;0;0;0;0;0;0;0;13;13;EURUSD;PERIOD_M15;FOREX;USD5_PER_LOT_PER_SIDE;;D044_V100_RUN_EURUSD_TRADES.csv;D044_V100_RUN_EURUSD_STATS.csv;C:\Users\<REDACTED>\AppData\Roaming\MetaQuotes\Terminal\Common\Files\D044_V100_RUN_EURUSD_TRADES.csv;C:\Users\<REDACTED>\AppData\Roaming\MetaQuotes\Terminal\Common\Files\D044_V100_RUN_EURUSD_STATS.csv
PROGRESS;D044_TurtleSoup20D_H24_TickPath_M15_v1_00.mq5;1.00;RUN;15500000;204;151;165;0;0;8;6;13;13;13;12;1;0;0;0;0;0;0;0;0;13;13;EURUSD;PERIOD_M15;FOREX;USD5_PER_LOT_PER_SIDE;;D044_V100_RUN_EURUSD_TRADES.csv;D044_V100_RUN_EURUSD_STATS.csv;C:\Users\<REDACTED>\AppData\Roaming\MetaQuotes\Terminal\Common\Files\D044_V100_RUN_EURUSD_TRADES.csv;C:\Users\<REDACTED>\AppData\Roaming\MetaQuotes\Terminal\Common\Files\D044_V100_RUN_EURUSD_STATS.csv
PROGRESS;D044_TurtleSoup20D_H24_TickPath_M15_v1_00.mq5;1.00;RUN;15750000;207;151;168;0;0;8;6;13;13;13;12;1;0;0;0;0;0;0;0;0;13;13;EURUSD;PERIOD_M15;FOREX;USD5_PER_LOT_PER_SIDE;;D044_V100_RUN_EURUSD_TRADES.csv;D044_V100_RUN_EURUSD_STATS.csv;C:\Users\<REDACTED>\AppData\Roaming\MetaQuotes\Terminal\Common\Files\D044_V100_RUN_EURUSD_TRADES.csv;C:\Users\<REDACTED>\AppData\Roaming\MetaQuotes\Terminal\Common\Files\D044_V100_RUN_EURUSD_STATS.csv
PROGRESS;D044_TurtleSoup20D_H24_TickPath_M15_v1_00.mq5;1.00;RUN;16000000;210;151;171;0;0;8;6;13;13;13;12;1;0;0;0;0;0;0;0;0;13;13;EURUSD;PERIOD_M15;FOREX;USD5_PER_LOT_PER_SIDE;;D044_V100_RUN_EURUSD_TRADES.csv;D044_V100_RUN_EURUSD_STATS.csv;C:\Users\<REDACTED>\AppData\Roaming\MetaQuotes\Terminal\Common\Files\D044_V100_RUN_EURUSD_TRADES.csv;C:\Users\<REDACTED>\AppData\Roaming\MetaQuotes\Terminal\Common\Files\D044_V100_RUN_EURUSD_STATS.csv
PROGRESS;D044_TurtleSoup20D_H24_TickPath_M15_v1_00.mq5;1.00;RUN;16250000;213;151;174;0;0;8;6;13;13;13;12;1;0;0;0;0;0;0;0;0;13;13;EURUSD;PERIOD_M15;FOREX;USD5_PER_LOT_PER_SIDE;;D044_V100_RUN_EURUSD_TRADES.csv;D044_V100_RUN_EURUSD_STATS.csv;C:\Users\<REDACTED>\AppData\Roaming\MetaQuotes\Terminal\Common\Files\D044_V100_RUN_EURUSD_TRADES.csv;C:\Users\<REDACTED>\AppData\Roaming\MetaQuotes\Terminal\Common\Files\D044_V100_RUN_EURUSD_STATS.csv
PROGRESS;D044_TurtleSoup20D_H24_TickPath_M15_v1_00.mq5;1.00;RUN;16500000;216;153;177;0;0;8;6;13;13;13;12;1;0;0;0;0;0;0;0;0;13;13;EURUSD;PERIOD_M15;FOREX;USD5_PER_LOT_PER_SIDE;;D044_V100_RUN_EURUSD_TRADES.csv;D044_V100_RUN_EURUSD_STATS.csv;C:\Users\<REDACTED>\AppData\Roaming\MetaQuotes\Terminal\Common\Files\D044_V100_RUN_EURUSD_TRADES.csv;C:\Users\<REDACTED>\AppData\Roaming\MetaQuotes\Terminal\Common\Files\D044_V100_RUN_EURUSD_STATS.csv
PROGRESS;D044_TurtleSoup20D_H24_TickPath_M15_v1_00.mq5;1.00;RUN;16750000;218;155;179;0;0;8;6;13;13;13;12;1;0;0;0;0;0;0;0;0;13;13;EURUSD;PERIOD_M15;FOREX;USD5_PER_LOT_PER_SIDE;;D044_V100_RUN_EURUSD_TRADES.csv;D044_V100_RUN_EURUSD_STATS.csv;C:\Users\<REDACTED>\AppData\Roaming\MetaQuotes\Terminal\Common\Files\D044_V100_RUN_EURUSD_TRADES.csv;C:\Users\<REDACTED>\AppData\Roaming\MetaQuotes\Terminal\Common\Files\D044_V100_RUN_EURUSD_STATS.csv
PROGRESS;D044_TurtleSoup20D_H24_TickPath_M15_v1_00.mq5;1.00;RUN;17000000;220;157;181;0;0;8;6;13;13;13;12;1;0;0;0;0;0;0;0;0;13;13;EURUSD;PERIOD_M15;FOREX;USD5_PER_LOT_PER_SIDE;;D044_V100_RUN_EURUSD_TRADES.csv;D044_V100_RUN_EURUSD_STATS.csv;C:\Users\<REDACTED>\AppData\Roaming\MetaQuotes\Terminal\Common\Files\D044_V100_RUN_EURUSD_TRADES.csv;C:\Users\<REDACTED>\AppData\Roaming\MetaQuotes\Terminal\Common\Files\D044_V100_RUN_EURUSD_STATS.csv
PROGRESS;D044_TurtleSoup20D_H24_TickPath_M15_v1_00.mq5;1.00;RUN;17250000;221;158;182;0;0;9;6;14;14;14;13;1;0;0;0;0;0;0;0;0;14;14;EURUSD;PERIOD_M15;FOREX;USD5_PER_LOT_PER_SIDE;;D044_V100_RUN_EURUSD_TRADES.csv;D044_V100_RUN_EURUSD_STATS.csv;C:\Users\<REDACTED>\AppData\Roaming\MetaQuotes\Terminal\Common\Files\D044_V100_RUN_EURUSD_TRADES.csv;C:\Users\<REDACTED>\AppData\Roaming\MetaQuotes\Terminal\Common\Files\D044_V100_RUN_EURUSD_STATS.csv
PROGRESS;D044_TurtleSoup20D_H24_TickPath_M15_v1_00.mq5;1.00;RUN;17500000;222;158;183;0;0;9;6;14;14;14;13;1;0;0;0;0;0;0;0;0;14;14;EURUSD;PERIOD_M15;FOREX;USD5_PER_LOT_PER_SIDE;;D044_V100_RUN_EURUSD_TRADES.csv;D044_V100_RUN_EURUSD_STATS.csv;C:\Users\<REDACTED>\AppData\Roaming\MetaQuotes\Terminal\Common\Files\D044_V100_RUN_EURUSD_TRADES.csv;C:\Users\<REDACTED>\AppData\Roaming\MetaQuotes\Terminal\Common\Files\D044_V100_RUN_EURUSD_STATS.csv
PROGRESS;D044_TurtleSoup20D_H24_TickPath_M15_v1_00.mq5;1.00;RUN;17750000;224;158;184;0;0;9;6;14;14;14;13;1;0;0;0;0;0;0;0;0;14;14;EURUSD;PERIOD_M15;FOREX;USD5_PER_LOT_PER_SIDE;;D044_V100_RUN_EURUSD_TRADES.csv;D044_V100_RUN_EURUSD_STATS.csv;C:\Users\<REDACTED>\AppData\Roaming\MetaQuotes\Terminal\Common\Files\D044_V100_RUN_EURUSD_TRADES.csv;C:\Users\<REDACTED>\AppData\Roaming\MetaQuotes\Terminal\Common\Files\D044_V100_RUN_EURUSD_STATS.csv
PROGRESS;D044_TurtleSoup20D_H24_TickPath_M15_v1_00.mq5;1.00;RUN;18000000;226;158;186;0;0;9;6;14;14;14;13;1;0;0;0;0;0;0;0;0;14;14;EURUSD;PERIOD_M15;FOREX;USD5_PER_LOT_PER_SIDE;;D044_V100_RUN_EURUSD_TRADES.csv;D044_V100_RUN_EURUSD_STATS.csv;C:\Users\<REDACTED>\AppData\Roaming\MetaQuotes\Terminal\Common\Files\D044_V100_RUN_EURUSD_TRADES.csv;C:\Users\<REDACTED>\AppData\Roaming\MetaQuotes\Terminal\Common\Files\D044_V100_RUN_EURUSD_STATS.csv
PROGRESS;D044_TurtleSoup20D_H24_TickPath_M15_v1_00.mq5;1.00;RUN;18250000;227;158;187;0;0;9;6;14;14;14;13;1;0;0;0;0;0;0;0;0;14;14;EURUSD;PERIOD_M15;FOREX;USD5_PER_LOT_PER_SIDE;;D044_V100_RUN_EURUSD_TRADES.csv;D044_V100_RUN_EURUSD_STATS.csv;C:\Users\<REDACTED>\AppData\Roaming\MetaQuotes\Terminal\Common\Files\D044_V100_RUN_EURUSD_TRADES.csv;C:\Users\<REDACTED>\AppData\Roaming\MetaQuotes\Terminal\Common\Files\D044_V100_RUN_EURUSD_STATS.csv
PROGRESS;D044_TurtleSoup20D_H24_TickPath_M15_v1_00.mq5;1.00;RUN;18500000;229;158;189;0;0;9;6;14;14;14;13;1;0;0;0;0;0;0;0;0;14;14;EURUSD;PERIOD_M15;FOREX;USD5_PER_LOT_PER_SIDE;;D044_V100_RUN_EURUSD_TRADES.csv;D044_V100_RUN_EURUSD_STATS.csv;C:\Users\<REDACTED>\AppData\Roaming\MetaQuotes\Terminal\Common\Files\D044_V100_RUN_EURUSD_TRADES.csv;C:\Users\<REDACTED>\AppData\Roaming\MetaQuotes\Terminal\Common\Files\D044_V100_RUN_EURUSD_STATS.csv
PROGRESS;D044_TurtleSoup20D_H24_TickPath_M15_v1_00.mq5;1.00;RUN;18750000;231;159;191;0;0;9;6;14;14;14;13;1;0;0;0;0;0;0;0;0;14;14;EURUSD;PERIOD_M15;FOREX;USD5_PER_LOT_PER_SIDE;;D044_V100_RUN_EURUSD_TRADES.csv;D044_V100_RUN_EURUSD_STATS.csv;C:\Users\<REDACTED>\AppData\Roaming\MetaQuotes\Terminal\Common\Files\D044_V100_RUN_EURUSD_TRADES.csv;C:\Users\<REDACTED>\AppData\Roaming\MetaQuotes\Terminal\Common\Files\D044_V100_RUN_EURUSD_STATS.csv
PROGRESS;D044_TurtleSoup20D_H24_TickPath_M15_v1_00.mq5;1.00;RUN;19000000;233;160;193;0;0;10;6;14;14;14;13;1;0;0;0;0;0;0;0;0;14;14;EURUSD;PERIOD_M15;FOREX;USD5_PER_LOT_PER_SIDE;;D044_V100_RUN_EURUSD_TRADES.csv;D044_V100_RUN_EURUSD_STATS.csv;C:\Users\<REDACTED>\AppData\Roaming\MetaQuotes\Terminal\Common\Files\D044_V100_RUN_EURUSD_TRADES.csv;C:\Users\<REDACTED>\AppData\Roaming\MetaQuotes\Terminal\Common\Files\D044_V100_RUN_EURUSD_STATS.csv
PROGRESS;D044_TurtleSoup20D_H24_TickPath_M15_v1_00.mq5;1.00;RUN;19250000;234;160;194;0;0;10;6;14;14;14;13;1;0;0;0;0;0;0;0;0;14;14;EURUSD;PERIOD_M15;FOREX;USD5_PER_LOT_PER_SIDE;;D044_V100_RUN_EURUSD_TRADES.csv;D044_V100_RUN_EURUSD_STATS.csv;C:\Users\<REDACTED>\AppData\Roaming\MetaQuotes\Terminal\Common\Files\D044_V100_RUN_EURUSD_TRADES.csv;C:\Users\<REDACTED>\AppData\Roaming\MetaQuotes\Terminal\Common\Files\D044_V100_RUN_EURUSD_STATS.csv
PROGRESS;D044_TurtleSoup20D_H24_TickPath_M15_v1_00.mq5;1.00;RUN;19500000;235;160;195;0;0;10;6;14;14;14;13;1;0;0;0;0;0;0;0;0;14;14;EURUSD;PERIOD_M15;FOREX;USD5_PER_LOT_PER_SIDE;;D044_V100_RUN_EURUSD_TRADES.csv;D044_V100_RUN_EURUSD_STATS.csv;C:\Users\<REDACTED>\AppData\Roaming\MetaQuotes\Terminal\Common\Files\D044_V100_RUN_EURUSD_TRADES.csv;C:\Users\<REDACTED>\AppData\Roaming\MetaQuotes\Terminal\Common\Files\D044_V100_RUN_EURUSD_STATS.csv
PROGRESS;D044_TurtleSoup20D_H24_TickPath_M15_v1_00.mq5;1.00;RUN;19750000;237;161;197;0;0;10;6;14;14;14;13;1;0;0;0;0;0;0;0;0;14;14;EURUSD;PERIOD_M15;FOREX;USD5_PER_LOT_PER_SIDE;;D044_V100_RUN_EURUSD_TRADES.csv;D044_V100_RUN_EURUSD_STATS.csv;C:\Users\<REDACTED>\AppData\Roaming\MetaQuotes\Terminal\Common\Files\D044_V100_RUN_EURUSD_TRADES.csv;C:\Users\<REDACTED>\AppData\Roaming\MetaQuotes\Terminal\Common\Files\D044_V100_RUN_EURUSD_STATS.csv
PROGRESS;D044_TurtleSoup20D_H24_TickPath_M15_v1_00.mq5;1.00;RUN;20000000;238;162;198;0;0;10;6;14;14;14;13;1;0;0;0;0;0;0;0;0;14;14;EURUSD;PERIOD_M15;FOREX;USD5_PER_LOT_PER_SIDE;;D044_V100_RUN_EURUSD_TRADES.csv;D044_V100_RUN_EURUSD_STATS.csv;C:\Users\<REDACTED>\AppData\Roaming\MetaQuotes\Terminal\Common\Files\D044_V100_RUN_EURUSD_TRADES.csv;C:\Users\<REDACTED>\AppData\Roaming\MetaQuotes\Terminal\Common\Files\D044_V100_RUN_EURUSD_STATS.csv
PROGRESS;D044_TurtleSoup20D_H24_TickPath_M15_v1_00.mq5;1.00;RUN;20250000;240;164;200;0;0;10;6;14;14;14;13;1;0;0;0;0;0;0;0;0;14;14;EURUSD;PERIOD_M15;FOREX;USD5_PER_LOT_PER_SIDE;;D044_V100_RUN_EURUSD_TRADES.csv;D044_V100_RUN_EURUSD_STATS.csv;C:\Users\<REDACTED>\AppData\Roaming\MetaQuotes\Terminal\Common\Files\D044_V100_RUN_EURUSD_TRADES.csv;C:\Users\<REDACTED>\AppData\Roaming\MetaQuotes\Terminal\Common\Files\D044_V100_RUN_EURUSD_STATS.csv
PROGRESS;D044_TurtleSoup20D_H24_TickPath_M15_v1_00.mq5;1.00;RUN;20500000;241;165;201;0;0;10;6;14;14;14;13;1;0;0;0;0;0;0;0;0;14;14;EURUSD;PERIOD_M15;FOREX;USD5_PER_LOT_PER_SIDE;;D044_V100_RUN_EURUSD_TRADES.csv;D044_V100_RUN_EURUSD_STATS.csv;C:\Users\<REDACTED>\AppData\Roaming\MetaQuotes\Terminal\Common\Files\D044_V100_RUN_EURUSD_TRADES.csv;C:\Users\<REDACTED>\AppData\Roaming\MetaQuotes\Terminal\Common\Files\D044_V100_RUN_EURUSD_STATS.csv
PROGRESS;D044_TurtleSoup20D_H24_TickPath_M15_v1_00.mq5;1.00;RUN;20750000;243;167;203;0;0;10;6;14;14;14;13;1;0;0;0;0;0;0;0;0;14;14;EURUSD;PERIOD_M15;FOREX;USD5_PER_LOT_PER_SIDE;;D044_V100_RUN_EURUSD_TRADES.csv;D044_V100_RUN_EURUSD_STATS.csv;C:\Users\<REDACTED>\AppData\Roaming\MetaQuotes\Terminal\Common\Files\D044_V100_RUN_EURUSD_TRADES.csv;C:\Users\<REDACTED>\AppData\Roaming\MetaQuotes\Terminal\Common\Files\D044_V100_RUN_EURUSD_STATS.csv
PROGRESS;D044_TurtleSoup20D_H24_TickPath_M15_v1_00.mq5;1.00;RUN;21000000;245;169;205;0;0;10;6;14;14;14;13;1;0;0;0;0;0;0;0;0;14;14;EURUSD;PERIOD_M15;FOREX;USD5_PER_LOT_PER_SIDE;;D044_V100_RUN_EURUSD_TRADES.csv;D044_V100_RUN_EURUSD_STATS.csv;C:\Users\<REDACTED>\AppData\Roaming\MetaQuotes\Terminal\Common\Files\D044_V100_RUN_EURUSD_TRADES.csv;C:\Users\<REDACTED>\AppData\Roaming\MetaQuotes\Terminal\Common\Files\D044_V100_RUN_EURUSD_STATS.csv
PROGRESS;D044_TurtleSoup20D_H24_TickPath_M15_v1_00.mq5;1.00;RUN;21250000;246;170;206;0;0;10;6;14;14;14;13;1;0;0;0;0;0;0;0;0;14;14;EURUSD;PERIOD_M15;FOREX;USD5_PER_LOT_PER_SIDE;;D044_V100_RUN_EURUSD_TRADES.csv;D044_V100_RUN_EURUSD_STATS.csv;C:\Users\<REDACTED>\AppData\Roaming\MetaQuotes\Terminal\Common\Files\D044_V100_RUN_EURUSD_TRADES.csv;C:\Users\<REDACTED>\AppData\Roaming\MetaQuotes\Terminal\Common\Files\D044_V100_RUN_EURUSD_STATS.csv
PROGRESS;D044_TurtleSoup20D_H24_TickPath_M15_v1_00.mq5;1.00;RUN;21500000;248;172;208;0;0;10;6;14;14;14;13;1;0;0;0;0;0;0;0;0;14;14;EURUSD;PERIOD_M15;FOREX;USD5_PER_LOT_PER_SIDE;;D044_V100_RUN_EURUSD_TRADES.csv;D044_V100_RUN_EURUSD_STATS.csv;C:\Users\<REDACTED>\AppData\Roaming\MetaQuotes\Terminal\Common\Files\D044_V100_RUN_EURUSD_TRADES.csv;C:\Users\<REDACTED>\AppData\Roaming\MetaQuotes\Terminal\Common\Files\D044_V100_RUN_EURUSD_STATS.csv
PROGRESS;D044_TurtleSoup20D_H24_TickPath_M15_v1_00.mq5;1.00;RUN;21750000;249;173;209;0;0;10;6;14;14;14;13;1;0;0;0;0;0;0;0;0;14;14;EURUSD;PERIOD_M15;FOREX;USD5_PER_LOT_PER_SIDE;;D044_V100_RUN_EURUSD_TRADES.csv;D044_V100_RUN_EURUSD_STATS.csv;C:\Users\<REDACTED>\AppData\Roaming\MetaQuotes\Terminal\Common\Files\D044_V100_RUN_EURUSD_TRADES.csv;C:\Users\<REDACTED>\AppData\Roaming\MetaQuotes\Terminal\Common\Files\D044_V100_RUN_EURUSD_STATS.csv
PROGRESS;D044_TurtleSoup20D_H24_TickPath_M15_v1_00.mq5;1.00;RUN;22000000;251;175;211;0;0;10;6;14;14;14;13;1;0;0;0;0;0;0;0;0;14;14;EURUSD;PERIOD_M15;FOREX;USD5_PER_LOT_PER_SIDE;;D044_V100_RUN_EURUSD_TRADES.csv;D044_V100_RUN_EURUSD_STATS.csv;C:\Users\<REDACTED>\AppData\Roaming\MetaQuotes\Terminal\Common\Files\D044_V100_RUN_EURUSD_TRADES.csv;C:\Users\<REDACTED>\AppData\Roaming\MetaQuotes\Terminal\Common\Files\D044_V100_RUN_EURUSD_STATS.csv
PROGRESS;D044_TurtleSoup20D_H24_TickPath_M15_v1_00.mq5;1.00;RUN;22250000;251;175;211;0;0;10;6;14;14;14;13;1;0;0;0;0;0;0;0;0;14;14;EURUSD;PERIOD_M15;FOREX;USD5_PER_LOT_PER_SIDE;;D044_V100_RUN_EURUSD_TRADES.csv;D044_V100_RUN_EURUSD_STATS.csv;C:\Users\<REDACTED>\AppData\Roaming\MetaQuotes\Terminal\Common\Files\D044_V100_RUN_EURUSD_TRADES.csv;C:\Users\<REDACTED>\AppData\Roaming\MetaQuotes\Terminal\Common\Files\D044_V100_RUN_EURUSD_STATS.csv
PROGRESS;D044_TurtleSoup20D_H24_TickPath_M15_v1_00.mq5;1.00;RUN;22500000;252;176;212;0;0;10;6;14;14;14;13;1;0;0;0;0;0;0;0;0;14;14;EURUSD;PERIOD_M15;FOREX;USD5_PER_LOT_PER_SIDE;;D044_V100_RUN_EURUSD_TRADES.csv;D044_V100_RUN_EURUSD_STATS.csv;C:\Users\<REDACTED>\AppData\Roaming\MetaQuotes\Terminal\Common\Files\D044_V100_RUN_EURUSD_TRADES.csv;C:\Users\<REDACTED>\AppData\Roaming\MetaQuotes\Terminal\Common\Files\D044_V100_RUN_EURUSD_STATS.csv
PROGRESS;D044_TurtleSoup20D_H24_TickPath_M15_v1_00.mq5;1.00;RUN;22750000;252;176;212;0;0;10;6;14;14;14;13;1;0;0;0;0;0;0;0;0;14;14;EURUSD;PERIOD_M15;FOREX;USD5_PER_LOT_PER_SIDE;;D044_V100_RUN_EURUSD_TRADES.csv;D044_V100_RUN_EURUSD_STATS.csv;C:\Users\<REDACTED>\AppData\Roaming\MetaQuotes\Terminal\Common\Files\D044_V100_RUN_EURUSD_TRADES.csv;C:\Users\<REDACTED>\AppData\Roaming\MetaQuotes\Terminal\Common\Files\D044_V100_RUN_EURUSD_STATS.csv
PROGRESS;D044_TurtleSoup20D_H24_TickPath_M15_v1_00.mq5;1.00;RUN;23000000;254;177;214;0;0;10;6;14;14;14;13;1;0;0;0;0;0;0;0;0;14;14;EURUSD;PERIOD_M15;FOREX;USD5_PER_LOT_PER_SIDE;;D044_V100_RUN_EURUSD_TRADES.csv;D044_V100_RUN_EURUSD_STATS.csv;C:\Users\<REDACTED>\AppData\Roaming\MetaQuotes\Terminal\Common\Files\D044_V100_RUN_EURUSD_TRADES.csv;C:\Users\<REDACTED>\AppData\Roaming\MetaQuotes\Terminal\Common\Files\D044_V100_RUN_EURUSD_STATS.csv
PROGRESS;D044_TurtleSoup20D_H24_TickPath_M15_v1_00.mq5;1.00;RUN;23250000;258;179;218;0;0;10;6;14;14;14;13;1;0;0;0;0;0;0;0;0;14;14;EURUSD;PERIOD_M15;FOREX;USD5_PER_LOT_PER_SIDE;;D044_V100_RUN_EURUSD_TRADES.csv;D044_V100_RUN_EURUSD_STATS.csv;C:\Users\<REDACTED>\AppData\Roaming\MetaQuotes\Terminal\Common\Files\D044_V100_RUN_EURUSD_TRADES.csv;C:\Users\<REDACTED>\AppData\Roaming\MetaQuotes\Terminal\Common\Files\D044_V100_RUN_EURUSD_STATS.csv
PROGRESS;D044_TurtleSoup20D_H24_TickPath_M15_v1_00.mq5;1.00;RUN;23500000;260;181;220;0;0;10;6;14;14;14;13;1;0;0;0;0;0;0;0;0;14;14;EURUSD;PERIOD_M15;FOREX;USD5_PER_LOT_PER_SIDE;;D044_V100_RUN_EURUSD_TRADES.csv;D044_V100_RUN_EURUSD_STATS.csv;C:\Users\<REDACTED>\AppData\Roaming\MetaQuotes\Terminal\Common\Files\D044_V100_RUN_EURUSD_TRADES.csv;C:\Users\<REDACTED>\AppData\Roaming\MetaQuotes\Terminal\Common\Files\D044_V100_RUN_EURUSD_STATS.csv
PROGRESS;D044_TurtleSoup20D_H24_TickPath_M15_v1_00.mq5;1.00;RUN;23750000;262;181;222;0;0;11;6;15;15;15;14;1;0;0;0;0;0;0;0;0;15;15;EURUSD;PERIOD_M15;FOREX;USD5_PER_LOT_PER_SIDE;;D044_V100_RUN_EURUSD_TRADES.csv;D044_V100_RUN_EURUSD_STATS.csv;C:\Users\<REDACTED>\AppData\Roaming\MetaQuotes\Terminal\Common\Files\D044_V100_RUN_EURUSD_TRADES.csv;C:\Users\<REDACTED>\AppData\Roaming\MetaQuotes\Terminal\Common\Files\D044_V100_RUN_EURUSD_STATS.csv
PROGRESS;D044_TurtleSoup20D_H24_TickPath_M15_v1_00.mq5;1.00;RUN;24000000;263;181;223;0;0;11;6;15;15;15;14;1;0;0;0;0;0;0;0;0;15;15;EURUSD;PERIOD_M15;FOREX;USD5_PER_LOT_PER_SIDE;;D044_V100_RUN_EURUSD_TRADES.csv;D044_V100_RUN_EURUSD_STATS.csv;C:\Users\<REDACTED>\AppData\Roaming\MetaQuotes\Terminal\Common\Files\D044_V100_RUN_EURUSD_TRADES.csv;C:\Users\<REDACTED>\AppData\Roaming\MetaQuotes\Terminal\Common\Files\D044_V100_RUN_EURUSD_STATS.csv
PROGRESS;D044_TurtleSoup20D_H24_TickPath_M15_v1_00.mq5;1.00;RUN;24250000;264;182;224;0;0;11;6;15;15;15;14;1;0;0;0;0;0;0;0;0;15;15;EURUSD;PERIOD_M15;FOREX;USD5_PER_LOT_PER_SIDE;;D044_V100_RUN_EURUSD_TRADES.csv;D044_V100_RUN_EURUSD_STATS.csv;C:\Users\<REDACTED>\AppData\Roaming\MetaQuotes\Terminal\Common\Files\D044_V100_RUN_EURUSD_TRADES.csv;C:\Users\<REDACTED>\AppData\Roaming\MetaQuotes\Terminal\Common\Files\D044_V100_RUN_EURUSD_STATS.csv
PROGRESS;D044_TurtleSoup20D_H24_TickPath_M15_v1_00.mq5;1.00;RUN;24500000;266;184;226;0;0;12;6;16;16;16;15;1;0;0;0;0;0;0;0;0;16;16;EURUSD;PERIOD_M15;FOREX;USD5_PER_LOT_PER_SIDE;;D044_V100_RUN_EURUSD_TRADES.csv;D044_V100_RUN_EURUSD_STATS.csv;C:\Users\<REDACTED>\AppData\Roaming\MetaQuotes\Terminal\Common\Files\D044_V100_RUN_EURUSD_TRADES.csv;C:\Users\<REDACTED>\AppData\Roaming\MetaQuotes\Terminal\Common\Files\D044_V100_RUN_EURUSD_STATS.csv
PROGRESS;D044_TurtleSoup20D_H24_TickPath_M15_v1_00.mq5;1.00;RUN;24750000;268;184;228;0;0;12;6;16;16;16;15;1;0;0;0;0;0;0;0;0;16;16;EURUSD;PERIOD_M15;FOREX;USD5_PER_LOT_PER_SIDE;;D044_V100_RUN_EURUSD_TRADES.csv;D044_V100_RUN_EURUSD_STATS.csv;C:\Users\<REDACTED>\AppData\Roaming\MetaQuotes\Terminal\Common\Files\D044_V100_RUN_EURUSD_TRADES.csv;C:\Users\<REDACTED>\AppData\Roaming\MetaQuotes\Terminal\Common\Files\D044_V100_RUN_EURUSD_STATS.csv
PROGRESS;D044_TurtleSoup20D_H24_TickPath_M15_v1_00.mq5;1.00;RUN;25000000;269;184;229;0;0;12;6;16;16;16;15;1;0;0;0;0;0;0;0;0;16;16;EURUSD;PERIOD_M15;FOREX;USD5_PER_LOT_PER_SIDE;;D044_V100_RUN_EURUSD_TRADES.csv;D044_V100_RUN_EURUSD_STATS.csv;C:\Users\<REDACTED>\AppData\Roaming\MetaQuotes\Terminal\Common\Files\D044_V100_RUN_EURUSD_TRADES.csv;C:\Users\<REDACTED>\AppData\Roaming\MetaQuotes\Terminal\Common\Files\D044_V100_RUN_EURUSD_STATS.csv
PROGRESS;D044_TurtleSoup20D_H24_TickPath_M15_v1_00.mq5;1.00;RUN;25250000;271;185;231;0;0;12;6;16;16;16;15;1;0;0;0;0;0;0;0;0;16;16;EURUSD;PERIOD_M15;FOREX;USD5_PER_LOT_PER_SIDE;;D044_V100_RUN_EURUSD_TRADES.csv;D044_V100_RUN_EURUSD_STATS.csv;C:\Users\<REDACTED>\AppData\Roaming\MetaQuotes\Terminal\Common\Files\D044_V100_RUN_EURUSD_TRADES.csv;C:\Users\<REDACTED>\AppData\Roaming\MetaQuotes\Terminal\Common\Files\D044_V100_RUN_EURUSD_STATS.csv
PROGRESS;D044_TurtleSoup20D_H24_TickPath_M15_v1_00.mq5;1.00;RUN;25500000;272;186;232;0;0;12;6;16;16;16;15;1;0;0;0;0;0;0;0;0;16;16;EURUSD;PERIOD_M15;FOREX;USD5_PER_LOT_PER_SIDE;;D044_V100_RUN_EURUSD_TRADES.csv;D044_V100_RUN_EURUSD_STATS.csv;C:\Users\<REDACTED>\AppData\Roaming\MetaQuotes\Terminal\Common\Files\D044_V100_RUN_EURUSD_TRADES.csv;C:\Users\<REDACTED>\AppData\Roaming\MetaQuotes\Terminal\Common\Files\D044_V100_RUN_EURUSD_STATS.csv
PROGRESS;D044_TurtleSoup20D_H24_TickPath_M15_v1_00.mq5;1.00;RUN;25750000;274;188;234;0;0;12;6;16;16;16;15;1;0;0;0;0;0;0;0;0;16;16;EURUSD;PERIOD_M15;FOREX;USD5_PER_LOT_PER_SIDE;;D044_V100_RUN_EURUSD_TRADES.csv;D044_V100_RUN_EURUSD_STATS.csv;C:\Users\<REDACTED>\AppData\Roaming\MetaQuotes\Terminal\Common\Files\D044_V100_RUN_EURUSD_TRADES.csv;C:\Users\<REDACTED>\AppData\Roaming\MetaQuotes\Terminal\Common\Files\D044_V100_RUN_EURUSD_STATS.csv
PROGRESS;D044_TurtleSoup20D_H24_TickPath_M15_v1_00.mq5;1.00;RUN;26000000;276;190;236;0;0;12;6;16;16;16;15;1;0;0;0;0;0;0;0;0;16;16;EURUSD;PERIOD_M15;FOREX;USD5_PER_LOT_PER_SIDE;;D044_V100_RUN_EURUSD_TRADES.csv;D044_V100_RUN_EURUSD_STATS.csv;C:\Users\<REDACTED>\AppData\Roaming\MetaQuotes\Terminal\Common\Files\D044_V100_RUN_EURUSD_TRADES.csv;C:\Users\<REDACTED>\AppData\Roaming\MetaQuotes\Terminal\Common\Files\D044_V100_RUN_EURUSD_STATS.csv
PROGRESS;D044_TurtleSoup20D_H24_TickPath_M15_v1_00.mq5;1.00;RUN;26250000;277;191;236;0;0;12;7;17;17;17;16;1;0;0;0;0;0;0;0;0;17;17;EURUSD;PERIOD_M15;FOREX;USD5_PER_LOT_PER_SIDE;;D044_V100_RUN_EURUSD_TRADES.csv;D044_V100_RUN_EURUSD_STATS.csv;C:\Users\<REDACTED>\AppData\Roaming\MetaQuotes\Terminal\Common\Files\D044_V100_RUN_EURUSD_TRADES.csv;C:\Users\<REDACTED>\AppData\Roaming\MetaQuotes\Terminal\Common\Files\D044_V100_RUN_EURUSD_STATS.csv
PROGRESS;D044_TurtleSoup20D_H24_TickPath_M15_v1_00.mq5;1.00;RUN;26500000;279;193;236;0;0;12;7;17;17;17;16;1;0;0;0;0;0;0;0;0;17;17;EURUSD;PERIOD_M15;FOREX;USD5_PER_LOT_PER_SIDE;;D044_V100_RUN_EURUSD_TRADES.csv;D044_V100_RUN_EURUSD_STATS.csv;C:\Users\<REDACTED>\AppData\Roaming\MetaQuotes\Terminal\Common\Files\D044_V100_RUN_EURUSD_TRADES.csv;C:\Users\<REDACTED>\AppData\Roaming\MetaQuotes\Terminal\Common\Files\D044_V100_RUN_EURUSD_STATS.csv
PROGRESS;D044_TurtleSoup20D_H24_TickPath_M15_v1_00.mq5;1.00;RUN;26750000;281;195;237;0;0;12;7;17;17;17;16;1;0;0;0;0;0;0;0;0;17;17;EURUSD;PERIOD_M15;FOREX;USD5_PER_LOT_PER_SIDE;;D044_V100_RUN_EURUSD_TRADES.csv;D044_V100_RUN_EURUSD_STATS.csv;C:\Users\<REDACTED>\AppData\Roaming\MetaQuotes\Terminal\Common\Files\D044_V100_RUN_EURUSD_TRADES.csv;C:\Users\<REDACTED>\AppData\Roaming\MetaQuotes\Terminal\Common\Files\D044_V100_RUN_EURUSD_STATS.csv
PROGRESS;D044_TurtleSoup20D_H24_TickPath_M15_v1_00.mq5;1.00;RUN;27000000;282;196;238;0;0;12;7;17;17;17;16;1;0;0;0;0;0;0;0;0;17;17;EURUSD;PERIOD_M15;FOREX;USD5_PER_LOT_PER_SIDE;;D044_V100_RUN_EURUSD_TRADES.csv;D044_V100_RUN_EURUSD_STATS.csv;C:\Users\<REDACTED>\AppData\Roaming\MetaQuotes\Terminal\Common\Files\D044_V100_RUN_EURUSD_TRADES.csv;C:\Users\<REDACTED>\AppData\Roaming\MetaQuotes\Terminal\Common\Files\D044_V100_RUN_EURUSD_STATS.csv
PROGRESS;D044_TurtleSoup20D_H24_TickPath_M15_v1_00.mq5;1.00;RUN;27250000;283;197;239;0;0;12;7;17;17;17;16;1;0;0;0;0;0;0;0;0;17;17;EURUSD;PERIOD_M15;FOREX;USD5_PER_LOT_PER_SIDE;;D044_V100_RUN_EURUSD_TRADES.csv;D044_V100_RUN_EURUSD_STATS.csv;C:\Users\<REDACTED>\AppData\Roaming\MetaQuotes\Terminal\Common\Files\D044_V100_RUN_EURUSD_TRADES.csv;C:\Users\<REDACTED>\AppData\Roaming\MetaQuotes\Terminal\Common\Files\D044_V100_RUN_EURUSD_STATS.csv
PROGRESS;D044_TurtleSoup20D_H24_TickPath_M15_v1_00.mq5;1.00;RUN;27500000;284;198;240;0;0;12;7;17;17;17;16;1;0;0;0;0;0;0;0;0;17;17;EURUSD;PERIOD_M15;FOREX;USD5_PER_LOT_PER_SIDE;;D044_V100_RUN_EURUSD_TRADES.csv;D044_V100_RUN_EURUSD_STATS.csv;C:\Users\<REDACTED>\AppData\Roaming\MetaQuotes\Terminal\Common\Files\D044_V100_RUN_EURUSD_TRADES.csv;C:\Users\<REDACTED>\AppData\Roaming\MetaQuotes\Terminal\Common\Files\D044_V100_RUN_EURUSD_STATS.csv
PROGRESS;D044_TurtleSoup20D_H24_TickPath_M15_v1_00.mq5;1.00;RUN;27750000;286;200;242;0;0;12;7;17;17;17;16;1;0;0;0;0;0;0;0;0;17;17;EURUSD;PERIOD_M15;FOREX;USD5_PER_LOT_PER_SIDE;;D044_V100_RUN_EURUSD_TRADES.csv;D044_V100_RUN_EURUSD_STATS.csv;C:\Users\<REDACTED>\AppData\Roaming\MetaQuotes\Terminal\Common\Files\D044_V100_RUN_EURUSD_TRADES.csv;C:\Users\<REDACTED>\AppData\Roaming\MetaQuotes\Terminal\Common\Files\D044_V100_RUN_EURUSD_STATS.csv
PROGRESS;D044_TurtleSoup20D_H24_TickPath_M15_v1_00.mq5;1.00;RUN;28000000;288;202;244;0;0;12;7;17;17;17;16;1;0;0;0;0;0;0;0;0;17;17;EURUSD;PERIOD_M15;FOREX;USD5_PER_LOT_PER_SIDE;;D044_V100_RUN_EURUSD_TRADES.csv;D044_V100_RUN_EURUSD_STATS.csv;C:\Users\<REDACTED>\AppData\Roaming\MetaQuotes\Terminal\Common\Files\D044_V100_RUN_EURUSD_TRADES.csv;C:\Users\<REDACTED>\AppData\Roaming\MetaQuotes\Terminal\Common\Files\D044_V100_RUN_EURUSD_STATS.csv
PROGRESS;D044_TurtleSoup20D_H24_TickPath_M15_v1_00.mq5;1.00;RUN;28250000;290;204;246;0;0;12;7;17;17;17;16;1;0;0;0;0;0;0;0;0;17;17;EURUSD;PERIOD_M15;FOREX;USD5_PER_LOT_PER_SIDE;;D044_V100_RUN_EURUSD_TRADES.csv;D044_V100_RUN_EURUSD_STATS.csv;C:\Users\<REDACTED>\AppData\Roaming\MetaQuotes\Terminal\Common\Files\D044_V100_RUN_EURUSD_TRADES.csv;C:\Users\<REDACTED>\AppData\Roaming\MetaQuotes\Terminal\Common\Files\D044_V100_RUN_EURUSD_STATS.csv
PROGRESS;D044_TurtleSoup20D_H24_TickPath_M15_v1_00.mq5;1.00;RUN;28500000;292;206;248;0;0;12;7;17;17;17;16;1;0;0;0;0;0;0;0;0;17;17;EURUSD;PERIOD_M15;FOREX;USD5_PER_LOT_PER_SIDE;;D044_V100_RUN_EURUSD_TRADES.csv;D044_V100_RUN_EURUSD_STATS.csv;C:\Users\<REDACTED>\AppData\Roaming\MetaQuotes\Terminal\Common\Files\D044_V100_RUN_EURUSD_TRADES.csv;C:\Users\<REDACTED>\AppData\Roaming\MetaQuotes\Terminal\Common\Files\D044_V100_RUN_EURUSD_STATS.csv
PROGRESS;D044_TurtleSoup20D_H24_TickPath_M15_v1_00.mq5;1.00;RUN;28750000;294;208;250;0;0;12;7;17;17;17;16;1;0;0;0;0;0;0;0;0;17;17;EURUSD;PERIOD_M15;FOREX;USD5_PER_LOT_PER_SIDE;;D044_V100_RUN_EURUSD_TRADES.csv;D044_V100_RUN_EURUSD_STATS.csv;C:\Users\<REDACTED>\AppData\Roaming\MetaQuotes\Terminal\Common\Files\D044_V100_RUN_EURUSD_TRADES.csv;C:\Users\<REDACTED>\AppData\Roaming\MetaQuotes\Terminal\Common\Files\D044_V100_RUN_EURUSD_STATS.csv
PROGRESS;D044_TurtleSoup20D_H24_TickPath_M15_v1_00.mq5;1.00;RUN;29000000;297;211;253;0;0;12;7;17;17;17;16;1;0;0;0;0;0;0;0;0;17;17;EURUSD;PERIOD_M15;FOREX;USD5_PER_LOT_PER_SIDE;;D044_V100_RUN_EURUSD_TRADES.csv;D044_V100_RUN_EURUSD_STATS.csv;C:\Users\<REDACTED>\AppData\Roaming\MetaQuotes\Terminal\Common\Files\D044_V100_RUN_EURUSD_TRADES.csv;C:\Users\<REDACTED>\AppData\Roaming\MetaQuotes\Terminal\Common\Files\D044_V100_RUN_EURUSD_STATS.csv
PROGRESS;D044_TurtleSoup20D_H24_TickPath_M15_v1_00.mq5;1.00;RUN;29250000;299;213;253;0;0;12;7;17;17;17;16;1;0;0;0;0;0;0;0;0;17;17;EURUSD;PERIOD_M15;FOREX;USD5_PER_LOT_PER_SIDE;;D044_V100_RUN_EURUSD_TRADES.csv;D044_V100_RUN_EURUSD_STATS.csv;C:\Users\<REDACTED>\AppData\Roaming\MetaQuotes\Terminal\Common\Files\D044_V100_RUN_EURUSD_TRADES.csv;C:\Users\<REDACTED>\AppData\Roaming\MetaQuotes\Terminal\Common\Files\D044_V100_RUN_EURUSD_STATS.csv
PROGRESS;D044_TurtleSoup20D_H24_TickPath_M15_v1_00.mq5;1.00;RUN;29500000;301;215;253;0;0;12;7;17;17;17;16;1;0;0;0;0;0;0;0;0;17;17;EURUSD;PERIOD_M15;FOREX;USD5_PER_LOT_PER_SIDE;;D044_V100_RUN_EURUSD_TRADES.csv;D044_V100_RUN_EURUSD_STATS.csv;C:\Users\<REDACTED>\AppData\Roaming\MetaQuotes\Terminal\Common\Files\D044_V100_RUN_EURUSD_TRADES.csv;C:\Users\<REDACTED>\AppData\Roaming\MetaQuotes\Terminal\Common\Files\D044_V100_RUN_EURUSD_STATS.csv
PROGRESS;D044_TurtleSoup20D_H24_TickPath_M15_v1_00.mq5;1.00;RUN;29750000;302;216;253;0;0;12;7;17;17;17;16;1;0;0;0;0;0;0;0;0;17;17;EURUSD;PERIOD_M15;FOREX;USD5_PER_LOT_PER_SIDE;;D044_V100_RUN_EURUSD_TRADES.csv;D044_V100_RUN_EURUSD_STATS.csv;C:\Users\<REDACTED>\AppData\Roaming\MetaQuotes\Terminal\Common\Files\D044_V100_RUN_EURUSD_TRADES.csv;C:\Users\<REDACTED>\AppData\Roaming\MetaQuotes\Terminal\Common\Files\D044_V100_RUN_EURUSD_STATS.csv
PROGRESS;D044_TurtleSoup20D_H24_TickPath_M15_v1_00.mq5;1.00;RUN;30000000;303;217;254;0;0;12;8;18;18;18;17;1;0;0;0;0;0;0;0;0;18;18;EURUSD;PERIOD_M15;FOREX;USD5_PER_LOT_PER_SIDE;;D044_V100_RUN_EURUSD_TRADES.csv;D044_V100_RUN_EURUSD_STATS.csv;C:\Users\<REDACTED>\AppData\Roaming\MetaQuotes\Terminal\Common\Files\D044_V100_RUN_EURUSD_TRADES.csv;C:\Users\<REDACTED>\AppData\Roaming\MetaQuotes\Terminal\Common\Files\D044_V100_RUN_EURUSD_STATS.csv
PROGRESS;D044_TurtleSoup20D_H24_TickPath_M15_v1_00.mq5;1.00;RUN;30250000;304;218;254;0;0;12;8;18;18;18;17;1;0;0;0;0;0;0;0;0;18;18;EURUSD;PERIOD_M15;FOREX;USD5_PER_LOT_PER_SIDE;;D044_V100_RUN_EURUSD_TRADES.csv;D044_V100_RUN_EURUSD_STATS.csv;C:\Users\<REDACTED>\AppData\Roaming\MetaQuotes\Terminal\Common\Files\D044_V100_RUN_EURUSD_TRADES.csv;C:\Users\<REDACTED>\AppData\Roaming\MetaQuotes\Terminal\Common\Files\D044_V100_RUN_EURUSD_STATS.csv
PROGRESS;D044_TurtleSoup20D_H24_TickPath_M15_v1_00.mq5;1.00;RUN;30500000;305;219;254;0;0;12;8;18;18;18;17;1;0;0;0;0;0;0;0;0;18;18;EURUSD;PERIOD_M15;FOREX;USD5_PER_LOT_PER_SIDE;;D044_V100_RUN_EURUSD_TRADES.csv;D044_V100_RUN_EURUSD_STATS.csv;C:\Users\<REDACTED>\AppData\Roaming\MetaQuotes\Terminal\Common\Files\D044_V100_RUN_EURUSD_TRADES.csv;C:\Users\<REDACTED>\AppData\Roaming\MetaQuotes\Terminal\Common\Files\D044_V100_RUN_EURUSD_STATS.csv
PROGRESS;D044_TurtleSoup20D_H24_TickPath_M15_v1_00.mq5;1.00;RUN;30750000;307;221;254;0;0;12;8;18;18;18;17;1;0;0;0;0;0;0;0;0;18;18;EURUSD;PERIOD_M15;FOREX;USD5_PER_LOT_PER_SIDE;;D044_V100_RUN_EURUSD_TRADES.csv;D044_V100_RUN_EURUSD_STATS.csv;C:\Users\<REDACTED>\AppData\Roaming\MetaQuotes\Terminal\Common\Files\D044_V100_RUN_EURUSD_TRADES.csv;C:\Users\<REDACTED>\AppData\Roaming\MetaQuotes\Terminal\Common\Files\D044_V100_RUN_EURUSD_STATS.csv
PROGRESS;D044_TurtleSoup20D_H24_TickPath_M15_v1_00.mq5;1.00;RUN;31000000;308;222;254;0;0;12;8;18;18;18;17;1;0;0;0;0;0;0;0;0;18;18;EURUSD;PERIOD_M15;FOREX;USD5_PER_LOT_PER_SIDE;;D044_V100_RUN_EURUSD_TRADES.csv;D044_V100_RUN_EURUSD_STATS.csv;C:\Users\<REDACTED>\AppData\Roaming\MetaQuotes\Terminal\Common\Files\D044_V100_RUN_EURUSD_TRADES.csv;C:\Users\<REDACTED>\AppData\Roaming\MetaQuotes\Terminal\Common\Files\D044_V100_RUN_EURUSD_STATS.csv
PROGRESS;D044_TurtleSoup20D_H24_TickPath_M15_v1_00.mq5;1.00;RUN;31250000;309;223;254;0;0;12;8;18;18;18;17;1;0;0;0;0;0;0;0;0;18;18;EURUSD;PERIOD_M15;FOREX;USD5_PER_LOT_PER_SIDE;;D044_V100_RUN_EURUSD_TRADES.csv;D044_V100_RUN_EURUSD_STATS.csv;C:\Users\<REDACTED>\AppData\Roaming\MetaQuotes\Terminal\Common\Files\D044_V100_RUN_EURUSD_TRADES.csv;C:\Users\<REDACTED>\AppData\Roaming\MetaQuotes\Terminal\Common\Files\D044_V100_RUN_EURUSD_STATS.csv
PROGRESS;D044_TurtleSoup20D_H24_TickPath_M15_v1_00.mq5;1.00;RUN;31500000;311;225;254;0;0;12;8;18;18;18;17;1;0;0;0;0;0;0;0;0;18;18;EURUSD;PERIOD_M15;FOREX;USD5_PER_LOT_PER_SIDE;;D044_V100_RUN_EURUSD_TRADES.csv;D044_V100_RUN_EURUSD_STATS.csv;C:\Users\<REDACTED>\AppData\Roaming\MetaQuotes\Terminal\Common\Files\D044_V100_RUN_EURUSD_TRADES.csv;C:\Users\<REDACTED>\AppData\Roaming\MetaQuotes\Terminal\Common\Files\D044_V100_RUN_EURUSD_STATS.csv
PROGRESS;D044_TurtleSoup20D_H24_TickPath_M15_v1_00.mq5;1.00;RUN;31750000;313;227;256;0;0;12;9;19;19;18;17;1;0;0;0;0;0;0;0;0;18;18;EURUSD;PERIOD_M15;FOREX;USD5_PER_LOT_PER_SIDE;;D044_V100_RUN_EURUSD_TRADES.csv;D044_V100_RUN_EURUSD_STATS.csv;C:\Users\<REDACTED>\AppData\Roaming\MetaQuotes\Terminal\Common\Files\D044_V100_RUN_EURUSD_TRADES.csv;C:\Users\<REDACTED>\AppData\Roaming\MetaQuotes\Terminal\Common\Files\D044_V100_RUN_EURUSD_STATS.csv
PROGRESS;D044_TurtleSoup20D_H24_TickPath_M15_v1_00.mq5;1.00;RUN;32000000;315;229;256;0;0;12;9;19;19;19;17;2;0;0;0;0;0;0;0;0;19;19;EURUSD;PERIOD_M15;FOREX;USD5_PER_LOT_PER_SIDE;;D044_V100_RUN_EURUSD_TRADES.csv;D044_V100_RUN_EURUSD_STATS.csv;C:\Users\<REDACTED>\AppData\Roaming\MetaQuotes\Terminal\Common\Files\D044_V100_RUN_EURUSD_TRADES.csv;C:\Users\<REDACTED>\AppData\Roaming\MetaQuotes\Terminal\Common\Files\D044_V100_RUN_EURUSD_STATS.csv
PROGRESS;D044_TurtleSoup20D_H24_TickPath_M15_v1_00.mq5;1.00;RUN;32250000;317;231;257;0;0;12;9;19;19;19;17;2;0;0;0;0;0;0;0;0;19;19;EURUSD;PERIOD_M15;FOREX;USD5_PER_LOT_PER_SIDE;;D044_V100_RUN_EURUSD_TRADES.csv;D044_V100_RUN_EURUSD_STATS.csv;C:\Users\<REDACTED>\AppData\Roaming\MetaQuotes\Terminal\Common\Files\D044_V100_RUN_EURUSD_TRADES.csv;C:\Users\<REDACTED>\AppData\Roaming\MetaQuotes\Terminal\Common\Files\D044_V100_RUN_EURUSD_STATS.csv
PROGRESS;D044_TurtleSoup20D_H24_TickPath_M15_v1_00.mq5;1.00;RUN;32500000;319;233;259;0;0;12;9;19;19;19;17;2;0;0;0;0;0;0;0;0;19;19;EURUSD;PERIOD_M15;FOREX;USD5_PER_LOT_PER_SIDE;;D044_V100_RUN_EURUSD_TRADES.csv;D044_V100_RUN_EURUSD_STATS.csv;C:\Users\<REDACTED>\AppData\Roaming\MetaQuotes\Terminal\Common\Files\D044_V100_RUN_EURUSD_TRADES.csv;C:\Users\<REDACTED>\AppData\Roaming\MetaQuotes\Terminal\Common\Files\D044_V100_RUN_EURUSD_STATS.csv
PROGRESS;D044_TurtleSoup20D_H24_TickPath_M15_v1_00.mq5;1.00;RUN;32750000;322;236;262;0;0;12;9;19;19;19;17;2;0;0;0;0;0;0;0;0;19;19;EURUSD;PERIOD_M15;FOREX;USD5_PER_LOT_PER_SIDE;;D044_V100_RUN_EURUSD_TRADES.csv;D044_V100_RUN_EURUSD_STATS.csv;C:\Users\<REDACTED>\AppData\Roaming\MetaQuotes\Terminal\Common\Files\D044_V100_RUN_EURUSD_TRADES.csv;C:\Users\<REDACTED>\AppData\Roaming\MetaQuotes\Terminal\Common\Files\D044_V100_RUN_EURUSD_STATS.csv
PROGRESS;D044_TurtleSoup20D_H24_TickPath_M15_v1_00.mq5;1.00;RUN;33000000;324;238;264;0;0;12;9;19;19;19;17;2;0;0;0;0;0;0;0;0;19;19;EURUSD;PERIOD_M15;FOREX;USD5_PER_LOT_PER_SIDE;;D044_V100_RUN_EURUSD_TRADES.csv;D044_V100_RUN_EURUSD_STATS.csv;C:\Users\<REDACTED>\AppData\Roaming\MetaQuotes\Terminal\Common\Files\D044_V100_RUN_EURUSD_TRADES.csv;C:\Users\<REDACTED>\AppData\Roaming\MetaQuotes\Terminal\Common\Files\D044_V100_RUN_EURUSD_STATS.csv
PROGRESS;D044_TurtleSoup20D_H24_TickPath_M15_v1_00.mq5;1.00;RUN;33250000;325;239;265;0;0;12;10;20;20;20;18;2;0;0;0;0;0;0;0;0;20;20;EURUSD;PERIOD_M15;FOREX;USD5_PER_LOT_PER_SIDE;;D044_V100_RUN_EURUSD_TRADES.csv;D044_V100_RUN_EURUSD_STATS.csv;C:\Users\<REDACTED>\AppData\Roaming\MetaQuotes\Terminal\Common\Files\D044_V100_RUN_EURUSD_TRADES.csv;C:\Users\<REDACTED>\AppData\Roaming\MetaQuotes\Terminal\Common\Files\D044_V100_RUN_EURUSD_STATS.csv
PROGRESS;D044_TurtleSoup20D_H24_TickPath_M15_v1_00.mq5;1.00;RUN;33500000;326;240;265;0;0;12;10;20;20;20;18;2;0;0;0;0;0;0;0;0;20;20;EURUSD;PERIOD_M15;FOREX;USD5_PER_LOT_PER_SIDE;;D044_V100_RUN_EURUSD_TRADES.csv;D044_V100_RUN_EURUSD_STATS.csv;C:\Users\<REDACTED>\AppData\Roaming\MetaQuotes\Terminal\Common\Files\D044_V100_RUN_EURUSD_TRADES.csv;C:\Users\<REDACTED>\AppData\Roaming\MetaQuotes\Terminal\Common\Files\D044_V100_RUN_EURUSD_STATS.csv
PROGRESS;D044_TurtleSoup20D_H24_TickPath_M15_v1_00.mq5;1.00;RUN;33750000;326;240;265;0;0;12;10;20;20;20;18;2;0;0;0;0;0;0;0;0;20;20;EURUSD;PERIOD_M15;FOREX;USD5_PER_LOT_PER_SIDE;;D044_V100_RUN_EURUSD_TRADES.csv;D044_V100_RUN_EURUSD_STATS.csv;C:\Users\<REDACTED>\AppData\Roaming\MetaQuotes\Terminal\Common\Files\D044_V100_RUN_EURUSD_TRADES.csv;C:\Users\<REDACTED>\AppData\Roaming\MetaQuotes\Terminal\Common\Files\D044_V100_RUN_EURUSD_STATS.csv
PROGRESS;D044_TurtleSoup20D_H24_TickPath_M15_v1_00.mq5;1.00;RUN;34000000;327;241;265;0;0;12;10;20;20;20;18;2;0;0;0;0;0;0;0;0;20;20;EURUSD;PERIOD_M15;FOREX;USD5_PER_LOT_PER_SIDE;;D044_V100_RUN_EURUSD_TRADES.csv;D044_V100_RUN_EURUSD_STATS.csv;C:\Users\<REDACTED>\AppData\Roaming\MetaQuotes\Terminal\Common\Files\D044_V100_RUN_EURUSD_TRADES.csv;C:\Users\<REDACTED>\AppData\Roaming\MetaQuotes\Terminal\Common\Files\D044_V100_RUN_EURUSD_STATS.csv
PROGRESS;D044_TurtleSoup20D_H24_TickPath_M15_v1_00.mq5;1.00;RUN;34250000;327;241;265;0;0;12;10;20;20;20;18;2;0;0;0;0;0;0;0;0;20;20;EURUSD;PERIOD_M15;FOREX;USD5_PER_LOT_PER_SIDE;;D044_V100_RUN_EURUSD_TRADES.csv;D044_V100_RUN_EURUSD_STATS.csv;C:\Users\<REDACTED>\AppData\Roaming\MetaQuotes\Terminal\Common\Files\D044_V100_RUN_EURUSD_TRADES.csv;C:\Users\<REDACTED>\AppData\Roaming\MetaQuotes\Terminal\Common\Files\D044_V100_RUN_EURUSD_STATS.csv
PROGRESS;D044_TurtleSoup20D_H24_TickPath_M15_v1_00.mq5;1.00;RUN;34500000;328;242;265;0;0;12;10;20;20;20;18;2;0;0;0;0;0;0;0;0;20;20;EURUSD;PERIOD_M15;FOREX;USD5_PER_LOT_PER_SIDE;;D044_V100_RUN_EURUSD_TRADES.csv;D044_V100_RUN_EURUSD_STATS.csv;C:\Users\<REDACTED>\AppData\Roaming\MetaQuotes\Terminal\Common\Files\D044_V100_RUN_EURUSD_TRADES.csv;C:\Users\<REDACTED>\AppData\Roaming\MetaQuotes\Terminal\Common\Files\D044_V100_RUN_EURUSD_STATS.csv
PROGRESS;D044_TurtleSoup20D_H24_TickPath_M15_v1_00.mq5;1.00;RUN;34750000;329;243;266;0;0;12;10;20;20;20;18;2;0;0;0;0;0;0;0;0;20;20;EURUSD;PERIOD_M15;FOREX;USD5_PER_LOT_PER_SIDE;;D044_V100_RUN_EURUSD_TRADES.csv;D044_V100_RUN_EURUSD_STATS.csv;C:\Users\<REDACTED>\AppData\Roaming\MetaQuotes\Terminal\Common\Files\D044_V100_RUN_EURUSD_TRADES.csv;C:\Users\<REDACTED>\AppData\Roaming\MetaQuotes\Terminal\Common\Files\D044_V100_RUN_EURUSD_STATS.csv
PROGRESS;D044_TurtleSoup20D_H24_TickPath_M15_v1_00.mq5;1.00;RUN;35000000;329;243;266;0;0;12;10;20;20;20;18;2;0;0;0;0;0;0;0;0;20;20;EURUSD;PERIOD_M15;FOREX;USD5_PER_LOT_PER_SIDE;;D044_V100_RUN_EURUSD_TRADES.csv;D044_V100_RUN_EURUSD_STATS.csv;C:\Users\<REDACTED>\AppData\Roaming\MetaQuotes\Terminal\Common\Files\D044_V100_RUN_EURUSD_TRADES.csv;C:\Users\<REDACTED>\AppData\Roaming\MetaQuotes\Terminal\Common\Files\D044_V100_RUN_EURUSD_STATS.csv
PROGRESS;D044_TurtleSoup20D_H24_TickPath_M15_v1_00.mq5;1.00;RUN;35250000;330;244;267;0;0;12;11;21;21;21;19;2;0;0;0;0;0;0;0;0;21;21;EURUSD;PERIOD_M15;FOREX;USD5_PER_LOT_PER_SIDE;;D044_V100_RUN_EURUSD_TRADES.csv;D044_V100_RUN_EURUSD_STATS.csv;C:\Users\<REDACTED>\AppData\Roaming\MetaQuotes\Terminal\Common\Files\D044_V100_RUN_EURUSD_TRADES.csv;C:\Users\<REDACTED>\AppData\Roaming\MetaQuotes\Terminal\Common\Files\D044_V100_RUN_EURUSD_STATS.csv
PROGRESS;D044_TurtleSoup20D_H24_TickPath_M15_v1_00.mq5;1.00;RUN;35500000;331;245;267;0;0;12;11;21;21;21;19;2;0;0;0;0;0;0;0;0;21;21;EURUSD;PERIOD_M15;FOREX;USD5_PER_LOT_PER_SIDE;;D044_V100_RUN_EURUSD_TRADES.csv;D044_V100_RUN_EURUSD_STATS.csv;C:\Users\<REDACTED>\AppData\Roaming\MetaQuotes\Terminal\Common\Files\D044_V100_RUN_EURUSD_TRADES.csv;C:\Users\<REDACTED>\AppData\Roaming\MetaQuotes\Terminal\Common\Files\D044_V100_RUN_EURUSD_STATS.csv
PROGRESS;D044_TurtleSoup20D_H24_TickPath_M15_v1_00.mq5;1.00;RUN;35750000;331;245;267;0;0;12;11;21;21;21;19;2;0;0;0;0;0;0;0;0;21;21;EURUSD;PERIOD_M15;FOREX;USD5_PER_LOT_PER_SIDE;;D044_V100_RUN_EURUSD_TRADES.csv;D044_V100_RUN_EURUSD_STATS.csv;C:\Users\<REDACTED>\AppData\Roaming\MetaQuotes\Terminal\Common\Files\D044_V100_RUN_EURUSD_TRADES.csv;C:\Users\<REDACTED>\AppData\Roaming\MetaQuotes\Terminal\Common\Files\D044_V100_RUN_EURUSD_STATS.csv
PROGRESS;D044_TurtleSoup20D_H24_TickPath_M15_v1_00.mq5;1.00;RUN;36000000;332;246;267;0;0;12;11;21;21;21;19;2;0;0;0;0;0;0;0;0;21;21;EURUSD;PERIOD_M15;FOREX;USD5_PER_LOT_PER_SIDE;;D044_V100_RUN_EURUSD_TRADES.csv;D044_V100_RUN_EURUSD_STATS.csv;C:\Users\<REDACTED>\AppData\Roaming\MetaQuotes\Terminal\Common\Files\D044_V100_RUN_EURUSD_TRADES.csv;C:\Users\<REDACTED>\AppData\Roaming\MetaQuotes\Terminal\Common\Files\D044_V100_RUN_EURUSD_STATS.csv
PROGRESS;D044_TurtleSoup20D_H24_TickPath_M15_v1_00.mq5;1.00;RUN;36250000;333;247;267;0;0;12;11;21;21;21;19;2;0;0;0;0;0;0;0;0;21;21;EURUSD;PERIOD_M15;FOREX;USD5_PER_LOT_PER_SIDE;;D044_V100_RUN_EURUSD_TRADES.csv;D044_V100_RUN_EURUSD_STATS.csv;C:\Users\<REDACTED>\AppData\Roaming\MetaQuotes\Terminal\Common\Files\D044_V100_RUN_EURUSD_TRADES.csv;C:\Users\<REDACTED>\AppData\Roaming\MetaQuotes\Terminal\Common\Files\D044_V100_RUN_EURUSD_STATS.csv
PROGRESS;D044_TurtleSoup20D_H24_TickPath_M15_v1_00.mq5;1.00;RUN;36500000;334;248;267;0;0;12;11;21;21;21;19;2;0;0;0;0;0;0;0;0;21;21;EURUSD;PERIOD_M15;FOREX;USD5_PER_LOT_PER_SIDE;;D044_V100_RUN_EURUSD_TRADES.csv;D044_V100_RUN_EURUSD_STATS.csv;C:\Users\<REDACTED>\AppData\Roaming\MetaQuotes\Terminal\Common\Files\D044_V100_RUN_EURUSD_TRADES.csv;C:\Users\<REDACTED>\AppData\Roaming\MetaQuotes\Terminal\Common\Files\D044_V100_RUN_EURUSD_STATS.csv
PROGRESS;D044_TurtleSoup20D_H24_TickPath_M15_v1_00.mq5;1.00;RUN;36750000;335;249;268;0;0;12;11;21;21;21;19;2;0;0;0;0;0;0;0;0;21;21;EURUSD;PERIOD_M15;FOREX;USD5_PER_LOT_PER_SIDE;;D044_V100_RUN_EURUSD_TRADES.csv;D044_V100_RUN_EURUSD_STATS.csv;C:\Users\<REDACTED>\AppData\Roaming\MetaQuotes\Terminal\Common\Files\D044_V100_RUN_EURUSD_TRADES.csv;C:\Users\<REDACTED>\AppData\Roaming\MetaQuotes\Terminal\Common\Files\D044_V100_RUN_EURUSD_STATS.csv
PROGRESS;D044_TurtleSoup20D_H24_TickPath_M15_v1_00.mq5;1.00;RUN;37000000;336;250;269;0;0;12;11;21;21;21;19;2;0;0;0;0;0;0;0;0;21;21;EURUSD;PERIOD_M15;FOREX;USD5_PER_LOT_PER_SIDE;;D044_V100_RUN_EURUSD_TRADES.csv;D044_V100_RUN_EURUSD_STATS.csv;C:\Users\<REDACTED>\AppData\Roaming\MetaQuotes\Terminal\Common\Files\D044_V100_RUN_EURUSD_TRADES.csv;C:\Users\<REDACTED>\AppData\Roaming\MetaQuotes\Terminal\Common\Files\D044_V100_RUN_EURUSD_STATS.csv
PROGRESS;D044_TurtleSoup20D_H24_TickPath_M15_v1_00.mq5;1.00;RUN;37250000;338;252;270;0;0;12;12;22;22;22;20;2;0;0;0;0;0;0;0;0;22;22;EURUSD;PERIOD_M15;FOREX;USD5_PER_LOT_PER_SIDE;;D044_V100_RUN_EURUSD_TRADES.csv;D044_V100_RUN_EURUSD_STATS.csv;C:\Users\<REDACTED>\AppData\Roaming\MetaQuotes\Terminal\Common\Files\D044_V100_RUN_EURUSD_TRADES.csv;C:\Users\<REDACTED>\AppData\Roaming\MetaQuotes\Terminal\Common\Files\D044_V100_RUN_EURUSD_STATS.csv
PROGRESS;D044_TurtleSoup20D_H24_TickPath_M15_v1_00.mq5;1.00;RUN;37500000;340;254;270;0;0;12;12;22;22;22;20;2;0;0;0;0;0;0;0;0;22;22;EURUSD;PERIOD_M15;FOREX;USD5_PER_LOT_PER_SIDE;;D044_V100_RUN_EURUSD_TRADES.csv;D044_V100_RUN_EURUSD_STATS.csv;C:\Users\<REDACTED>\AppData\Roaming\MetaQuotes\Terminal\Common\Files\D044_V100_RUN_EURUSD_TRADES.csv;C:\Users\<REDACTED>\AppData\Roaming\MetaQuotes\Terminal\Common\Files\D044_V100_RUN_EURUSD_STATS.csv
PROGRESS;D044_TurtleSoup20D_H24_TickPath_M15_v1_00.mq5;1.00;RUN;37750000;342;256;272;0;0;12;12;22;22;22;20;2;0;0;0;0;0;0;0;0;22;22;EURUSD;PERIOD_M15;FOREX;USD5_PER_LOT_PER_SIDE;;D044_V100_RUN_EURUSD_TRADES.csv;D044_V100_RUN_EURUSD_STATS.csv;C:\Users\<REDACTED>\AppData\Roaming\MetaQuotes\Terminal\Common\Files\D044_V100_RUN_EURUSD_TRADES.csv;C:\Users\<REDACTED>\AppData\Roaming\MetaQuotes\Terminal\Common\Files\D044_V100_RUN_EURUSD_STATS.csv
PROGRESS;D044_TurtleSoup20D_H24_TickPath_M15_v1_00.mq5;1.00;RUN;38000000;344;258;274;0;0;12;12;22;22;22;20;2;0;0;0;0;0;0;0;0;22;22;EURUSD;PERIOD_M15;FOREX;USD5_PER_LOT_PER_SIDE;;D044_V100_RUN_EURUSD_TRADES.csv;D044_V100_RUN_EURUSD_STATS.csv;C:\Users\<REDACTED>\AppData\Roaming\MetaQuotes\Terminal\Common\Files\D044_V100_RUN_EURUSD_TRADES.csv;C:\Users\<REDACTED>\AppData\Roaming\MetaQuotes\Terminal\Common\Files\D044_V100_RUN_EURUSD_STATS.csv
PROGRESS;D044_TurtleSoup20D_H24_TickPath_M15_v1_00.mq5;1.00;RUN;38250000;347;261;277;0;0;12;12;22;22;22;20;2;0;0;0;0;0;0;0;0;22;22;EURUSD;PERIOD_M15;FOREX;USD5_PER_LOT_PER_SIDE;;D044_V100_RUN_EURUSD_TRADES.csv;D044_V100_RUN_EURUSD_STATS.csv;C:\Users\<REDACTED>\AppData\Roaming\MetaQuotes\Terminal\Common\Files\D044_V100_RUN_EURUSD_TRADES.csv;C:\Users\<REDACTED>\AppData\Roaming\MetaQuotes\Terminal\Common\Files\D044_V100_RUN_EURUSD_STATS.csv
PROGRESS;D044_TurtleSoup20D_H24_TickPath_M15_v1_00.mq5;1.00;RUN;38500000;349;263;279;0;0;12;12;22;22;22;20;2;0;0;0;0;0;0;0;0;22;22;EURUSD;PERIOD_M15;FOREX;USD5_PER_LOT_PER_SIDE;;D044_V100_RUN_EURUSD_TRADES.csv;D044_V100_RUN_EURUSD_STATS.csv;C:\Users\<REDACTED>\AppData\Roaming\MetaQuotes\Terminal\Common\Files\D044_V100_RUN_EURUSD_TRADES.csv;C:\Users\<REDACTED>\AppData\Roaming\MetaQuotes\Terminal\Common\Files\D044_V100_RUN_EURUSD_STATS.csv
PROGRESS;D044_TurtleSoup20D_H24_TickPath_M15_v1_00.mq5;1.00;RUN;38750000;351;265;281;0;0;12;12;22;22;22;20;2;0;0;0;0;0;0;0;0;22;22;EURUSD;PERIOD_M15;FOREX;USD5_PER_LOT_PER_SIDE;;D044_V100_RUN_EURUSD_TRADES.csv;D044_V100_RUN_EURUSD_STATS.csv;C:\Users\<REDACTED>\AppData\Roaming\MetaQuotes\Terminal\Common\Files\D044_V100_RUN_EURUSD_TRADES.csv;C:\Users\<REDACTED>\AppData\Roaming\MetaQuotes\Terminal\Common\Files\D044_V100_RUN_EURUSD_STATS.csv
PROGRESS;D044_TurtleSoup20D_H24_TickPath_M15_v1_00.mq5;1.00;RUN;39000000;354;265;284;0;0;12;12;22;22;22;20;2;0;0;0;0;0;0;0;0;22;22;EURUSD;PERIOD_M15;FOREX;USD5_PER_LOT_PER_SIDE;;D044_V100_RUN_EURUSD_TRADES.csv;D044_V100_RUN_EURUSD_STATS.csv;C:\Users\<REDACTED>\AppData\Roaming\MetaQuotes\Terminal\Common\Files\D044_V100_RUN_EURUSD_TRADES.csv;C:\Users\<REDACTED>\AppData\Roaming\MetaQuotes\Terminal\Common\Files\D044_V100_RUN_EURUSD_STATS.csv
PROGRESS;D044_TurtleSoup20D_H24_TickPath_M15_v1_00.mq5;1.00;RUN;39250000;357;267;287;0;0;12;12;22;22;22;20;2;0;0;0;0;0;0;0;0;22;22;EURUSD;PERIOD_M15;FOREX;USD5_PER_LOT_PER_SIDE;;D044_V100_RUN_EURUSD_TRADES.csv;D044_V100_RUN_EURUSD_STATS.csv;C:\Users\<REDACTED>\AppData\Roaming\MetaQuotes\Terminal\Common\Files\D044_V100_RUN_EURUSD_TRADES.csv;C:\Users\<REDACTED>\AppData\Roaming\MetaQuotes\Terminal\Common\Files\D044_V100_RUN_EURUSD_STATS.csv
PROGRESS;D044_TurtleSoup20D_H24_TickPath_M15_v1_00.mq5;1.00;RUN;39500000;360;270;290;0;0;12;12;22;22;22;20;2;0;0;0;0;0;0;0;0;22;22;EURUSD;PERIOD_M15;FOREX;USD5_PER_LOT_PER_SIDE;;D044_V100_RUN_EURUSD_TRADES.csv;D044_V100_RUN_EURUSD_STATS.csv;C:\Users\<REDACTED>\AppData\Roaming\MetaQuotes\Terminal\Common\Files\D044_V100_RUN_EURUSD_TRADES.csv;C:\Users\<REDACTED>\AppData\Roaming\MetaQuotes\Terminal\Common\Files\D044_V100_RUN_EURUSD_STATS.csv
PROGRESS;D044_TurtleSoup20D_H24_TickPath_M15_v1_00.mq5;1.00;RUN;39750000;362;272;292;0;0;12;12;22;22;22;20;2;0;0;0;0;0;0;0;0;22;22;EURUSD;PERIOD_M15;FOREX;USD5_PER_LOT_PER_SIDE;;D044_V100_RUN_EURUSD_TRADES.csv;D044_V100_RUN_EURUSD_STATS.csv;C:\Users\<REDACTED>\AppData\Roaming\MetaQuotes\Terminal\Common\Files\D044_V100_RUN_EURUSD_TRADES.csv;C:\Users\<REDACTED>\AppData\Roaming\MetaQuotes\Terminal\Common\Files\D044_V100_RUN_EURUSD_STATS.csv
PROGRESS;D044_TurtleSoup20D_H24_TickPath_M15_v1_00.mq5;1.00;RUN;40000000;365;275;293;0;0;12;12;22;22;22;20;2;0;0;0;0;0;0;0;0;22;22;EURUSD;PERIOD_M15;FOREX;USD5_PER_LOT_PER_SIDE;;D044_V100_RUN_EURUSD_TRADES.csv;D044_V100_RUN_EURUSD_STATS.csv;C:\Users\<REDACTED>\AppData\Roaming\MetaQuotes\Terminal\Common\Files\D044_V100_RUN_EURUSD_TRADES.csv;C:\Users\<REDACTED>\AppData\Roaming\MetaQuotes\Terminal\Common\Files\D044_V100_RUN_EURUSD_STATS.csv
PROGRESS;D044_TurtleSoup20D_H24_TickPath_M15_v1_00.mq5;1.00;RUN;40250000;368;278;295;0;0;12;13;23;23;23;21;2;0;0;0;0;0;0;0;0;23;23;EURUSD;PERIOD_M15;FOREX;USD5_PER_LOT_PER_SIDE;;D044_V100_RUN_EURUSD_TRADES.csv;D044_V100_RUN_EURUSD_STATS.csv;C:\Users\<REDACTED>\AppData\Roaming\MetaQuotes\Terminal\Common\Files\D044_V100_RUN_EURUSD_TRADES.csv;C:\Users\<REDACTED>\AppData\Roaming\MetaQuotes\Terminal\Common\Files\D044_V100_RUN_EURUSD_STATS.csv
PROGRESS;D044_TurtleSoup20D_H24_TickPath_M15_v1_00.mq5;1.00;RUN;40500000;371;281;295;0;0;12;13;23;23;23;21;2;0;0;0;0;0;0;0;0;23;23;EURUSD;PERIOD_M15;FOREX;USD5_PER_LOT_PER_SIDE;;D044_V100_RUN_EURUSD_TRADES.csv;D044_V100_RUN_EURUSD_STATS.csv;C:\Users\<REDACTED>\AppData\Roaming\MetaQuotes\Terminal\Common\Files\D044_V100_RUN_EURUSD_TRADES.csv;C:\Users\<REDACTED>\AppData\Roaming\MetaQuotes\Terminal\Common\Files\D044_V100_RUN_EURUSD_STATS.csv
PROGRESS;D044_TurtleSoup20D_H24_TickPath_M15_v1_00.mq5;1.00;RUN;40750000;375;285;296;0;0;12;14;24;24;24;22;2;0;0;0;0;0;0;0;0;24;24;EURUSD;PERIOD_M15;FOREX;USD5_PER_LOT_PER_SIDE;;D044_V100_RUN_EURUSD_TRADES.csv;D044_V100_RUN_EURUSD_STATS.csv;C:\Users\<REDACTED>\AppData\Roaming\MetaQuotes\Terminal\Common\Files\D044_V100_RUN_EURUSD_TRADES.csv;C:\Users\<REDACTED>\AppData\Roaming\MetaQuotes\Terminal\Common\Files\D044_V100_RUN_EURUSD_STATS.csv
PROGRESS;D044_TurtleSoup20D_H24_TickPath_M15_v1_00.mq5;1.00;RUN;41000000;377;287;296;0;0;12;14;24;24;24;22;2;0;0;0;0;0;0;0;0;24;24;EURUSD;PERIOD_M15;FOREX;USD5_PER_LOT_PER_SIDE;;D044_V100_RUN_EURUSD_TRADES.csv;D044_V100_RUN_EURUSD_STATS.csv;C:\Users\<REDACTED>\AppData\Roaming\MetaQuotes\Terminal\Common\Files\D044_V100_RUN_EURUSD_TRADES.csv;C:\Users\<REDACTED>\AppData\Roaming\MetaQuotes\Terminal\Common\Files\D044_V100_RUN_EURUSD_STATS.csv
PROGRESS;D044_TurtleSoup20D_H24_TickPath_M15_v1_00.mq5;1.00;RUN;41250000;380;290;298;0;0;12;14;24;24;24;22;2;0;0;0;0;0;0;0;0;24;24;EURUSD;PERIOD_M15;FOREX;USD5_PER_LOT_PER_SIDE;;D044_V100_RUN_EURUSD_TRADES.csv;D044_V100_RUN_EURUSD_STATS.csv;C:\Users\<REDACTED>\AppData\Roaming\MetaQuotes\Terminal\Common\Files\D044_V100_RUN_EURUSD_TRADES.csv;C:\Users\<REDACTED>\AppData\Roaming\MetaQuotes\Terminal\Common\Files\D044_V100_RUN_EURUSD_STATS.csv
PROGRESS;D044_TurtleSoup20D_H24_TickPath_M15_v1_00.mq5;1.00;RUN;41500000;383;293;301;0;0;12;14;24;24;24;22;2;0;0;0;0;0;0;0;0;24;24;EURUSD;PERIOD_M15;FOREX;USD5_PER_LOT_PER_SIDE;;D044_V100_RUN_EURUSD_TRADES.csv;D044_V100_RUN_EURUSD_STATS.csv;C:\Users\<REDACTED>\AppData\Roaming\MetaQuotes\Terminal\Common\Files\D044_V100_RUN_EURUSD_TRADES.csv;C:\Users\<REDACTED>\AppData\Roaming\MetaQuotes\Terminal\Common\Files\D044_V100_RUN_EURUSD_STATS.csv
PROGRESS;D044_TurtleSoup20D_H24_TickPath_M15_v1_00.mq5;1.00;RUN;41750000;386;296;301;0;0;12;15;25;25;25;23;2;0;0;0;0;0;0;0;0;25;25;EURUSD;PERIOD_M15;FOREX;USD5_PER_LOT_PER_SIDE;;D044_V100_RUN_EURUSD_TRADES.csv;D044_V100_RUN_EURUSD_STATS.csv;C:\Users\<REDACTED>\AppData\Roaming\MetaQuotes\Terminal\Common\Files\D044_V100_RUN_EURUSD_TRADES.csv;C:\Users\<REDACTED>\AppData\Roaming\MetaQuotes\Terminal\Common\Files\D044_V100_RUN_EURUSD_STATS.csv
PROGRESS;D044_TurtleSoup20D_H24_TickPath_M15_v1_00.mq5;1.00;RUN;42000000;390;300;301;0;0;12;15;25;25;25;23;2;0;0;0;0;0;0;0;0;25;25;EURUSD;PERIOD_M15;FOREX;USD5_PER_LOT_PER_SIDE;;D044_V100_RUN_EURUSD_TRADES.csv;D044_V100_RUN_EURUSD_STATS.csv;C:\Users\<REDACTED>\AppData\Roaming\MetaQuotes\Terminal\Common\Files\D044_V100_RUN_EURUSD_TRADES.csv;C:\Users\<REDACTED>\AppData\Roaming\MetaQuotes\Terminal\Common\Files\D044_V100_RUN_EURUSD_STATS.csv
PROGRESS;D044_TurtleSoup20D_H24_TickPath_M15_v1_00.mq5;1.00;RUN;42250000;394;304;304;0;0;12;15;25;25;25;23;2;0;0;0;0;0;0;0;0;25;25;EURUSD;PERIOD_M15;FOREX;USD5_PER_LOT_PER_SIDE;;D044_V100_RUN_EURUSD_TRADES.csv;D044_V100_RUN_EURUSD_STATS.csv;C:\Users\<REDACTED>\AppData\Roaming\MetaQuotes\Terminal\Common\Files\D044_V100_RUN_EURUSD_TRADES.csv;C:\Users\<REDACTED>\AppData\Roaming\MetaQuotes\Terminal\Common\Files\D044_V100_RUN_EURUSD_STATS.csv
PROGRESS;D044_TurtleSoup20D_H24_TickPath_M15_v1_00.mq5;1.00;RUN;42500000;398;308;308;0;0;12;15;25;25;25;23;2;0;0;0;0;0;0;0;0;25;25;EURUSD;PERIOD_M15;FOREX;USD5_PER_LOT_PER_SIDE;;D044_V100_RUN_EURUSD_TRADES.csv;D044_V100_RUN_EURUSD_STATS.csv;C:\Users\<REDACTED>\AppData\Roaming\MetaQuotes\Terminal\Common\Files\D044_V100_RUN_EURUSD_TRADES.csv;C:\Users\<REDACTED>\AppData\Roaming\MetaQuotes\Terminal\Common\Files\D044_V100_RUN_EURUSD_STATS.csv
PROGRESS;D044_TurtleSoup20D_H24_TickPath_M15_v1_00.mq5;1.00;RUN;42750000;403;312;313;0;0;12;15;25;25;25;23;2;0;0;0;0;0;0;0;0;25;25;EURUSD;PERIOD_M15;FOREX;USD5_PER_LOT_PER_SIDE;;D044_V100_RUN_EURUSD_TRADES.csv;D044_V100_RUN_EURUSD_STATS.csv;C:\Users\<REDACTED>\AppData\Roaming\MetaQuotes\Terminal\Common\Files\D044_V100_RUN_EURUSD_TRADES.csv;C:\Users\<REDACTED>\AppData\Roaming\MetaQuotes\Terminal\Common\Files\D044_V100_RUN_EURUSD_STATS.csv
PROGRESS;D044_TurtleSoup20D_H24_TickPath_M15_v1_00.mq5;1.00;RUN;43000000;407;316;317;0;0;12;15;25;25;25;23;2;0;0;0;0;0;0;0;0;25;25;EURUSD;PERIOD_M15;FOREX;USD5_PER_LOT_PER_SIDE;;D044_V100_RUN_EURUSD_TRADES.csv;D044_V100_RUN_EURUSD_STATS.csv;C:\Users\<REDACTED>\AppData\Roaming\MetaQuotes\Terminal\Common\Files\D044_V100_RUN_EURUSD_TRADES.csv;C:\Users\<REDACTED>\AppData\Roaming\MetaQuotes\Terminal\Common\Files\D044_V100_RUN_EURUSD_STATS.csv
PROGRESS;D044_TurtleSoup20D_H24_TickPath_M15_v1_00.mq5;1.00;RUN;43250000;410;317;320;0;0;13;15;26;26;26;24;2;0;0;0;0;0;0;0;0;26;26;EURUSD;PERIOD_M15;FOREX;USD5_PER_LOT_PER_SIDE;;D044_V100_RUN_EURUSD_TRADES.csv;D044_V100_RUN_EURUSD_STATS.csv;C:\Users\<REDACTED>\AppData\Roaming\MetaQuotes\Terminal\Common\Files\D044_V100_RUN_EURUSD_TRADES.csv;C:\Users\<REDACTED>\AppData\Roaming\MetaQuotes\Terminal\Common\Files\D044_V100_RUN_EURUSD_STATS.csv
PROGRESS;D044_TurtleSoup20D_H24_TickPath_M15_v1_00.mq5;1.00;RUN;43500000;413;317;323;0;0;13;15;26;26;26;24;2;0;0;0;0;0;0;0;0;26;26;EURUSD;PERIOD_M15;FOREX;USD5_PER_LOT_PER_SIDE;;D044_V100_RUN_EURUSD_TRADES.csv;D044_V100_RUN_EURUSD_STATS.csv;C:\Users\<REDACTED>\AppData\Roaming\MetaQuotes\Terminal\Common\Files\D044_V100_RUN_EURUSD_TRADES.csv;C:\Users\<REDACTED>\AppData\Roaming\MetaQuotes\Terminal\Common\Files\D044_V100_RUN_EURUSD_STATS.csv
PROGRESS;D044_TurtleSoup20D_H24_TickPath_M15_v1_00.mq5;1.00;RUN;43750000;416;319;326;0;0;13;15;26;26;26;24;2;0;0;0;0;0;0;0;0;26;26;EURUSD;PERIOD_M15;FOREX;USD5_PER_LOT_PER_SIDE;;D044_V100_RUN_EURUSD_TRADES.csv;D044_V100_RUN_EURUSD_STATS.csv;C:\Users\<REDACTED>\AppData\Roaming\MetaQuotes\Terminal\Common\Files\D044_V100_RUN_EURUSD_TRADES.csv;C:\Users\<REDACTED>\AppData\Roaming\MetaQuotes\Terminal\Common\Files\D044_V100_RUN_EURUSD_STATS.csv
PROGRESS;D044_TurtleSoup20D_H24_TickPath_M15_v1_00.mq5;1.00;RUN;44000000;421;324;331;0;0;13;15;26;26;26;24;2;0;0;0;0;0;0;0;0;26;26;EURUSD;PERIOD_M15;FOREX;USD5_PER_LOT_PER_SIDE;;D044_V100_RUN_EURUSD_TRADES.csv;D044_V100_RUN_EURUSD_STATS.csv;C:\Users\<REDACTED>\AppData\Roaming\MetaQuotes\Terminal\Common\Files\D044_V100_RUN_EURUSD_TRADES.csv;C:\Users\<REDACTED>\AppData\Roaming\MetaQuotes\Terminal\Common\Files\D044_V100_RUN_EURUSD_STATS.csv
PROGRESS;D044_TurtleSoup20D_H24_TickPath_M15_v1_00.mq5;1.00;RUN;44250000;426;329;336;0;0;13;15;26;26;26;24;2;0;0;0;0;0;0;0;0;26;26;EURUSD;PERIOD_M15;FOREX;USD5_PER_LOT_PER_SIDE;;D044_V100_RUN_EURUSD_TRADES.csv;D044_V100_RUN_EURUSD_STATS.csv;C:\Users\<REDACTED>\AppData\Roaming\MetaQuotes\Terminal\Common\Files\D044_V100_RUN_EURUSD_TRADES.csv;C:\Users\<REDACTED>\AppData\Roaming\MetaQuotes\Terminal\Common\Files\D044_V100_RUN_EURUSD_STATS.csv
PROGRESS;D044_TurtleSoup20D_H24_TickPath_M15_v1_00.mq5;1.00;RUN;44500000;430;333;338;0;0;13;15;26;26;26;24;2;0;0;0;0;0;0;0;0;26;26;EURUSD;PERIOD_M15;FOREX;USD5_PER_LOT_PER_SIDE;;D044_V100_RUN_EURUSD_TRADES.csv;D044_V100_RUN_EURUSD_STATS.csv;C:\Users\<REDACTED>\AppData\Roaming\MetaQuotes\Terminal\Common\Files\D044_V100_RUN_EURUSD_TRADES.csv;C:\Users\<REDACTED>\AppData\Roaming\MetaQuotes\Terminal\Common\Files\D044_V100_RUN_EURUSD_STATS.csv
PROGRESS;D044_TurtleSoup20D_H24_TickPath_M15_v1_00.mq5;1.00;RUN;44750000;434;337;342;0;0;13;15;26;26;26;24;2;0;0;0;0;0;0;0;0;26;26;EURUSD;PERIOD_M15;FOREX;USD5_PER_LOT_PER_SIDE;;D044_V100_RUN_EURUSD_TRADES.csv;D044_V100_RUN_EURUSD_STATS.csv;C:\Users\<REDACTED>\AppData\Roaming\MetaQuotes\Terminal\Common\Files\D044_V100_RUN_EURUSD_TRADES.csv;C:\Users\<REDACTED>\AppData\Roaming\MetaQuotes\Terminal\Common\Files\D044_V100_RUN_EURUSD_STATS.csv
PROGRESS;D044_TurtleSoup20D_H24_TickPath_M15_v1_00.mq5;1.00;RUN;45000000;438;341;344;0;0;13;16;27;27;27;25;2;0;0;0;0;0;0;0;0;27;27;EURUSD;PERIOD_M15;FOREX;USD5_PER_LOT_PER_SIDE;;D044_V100_RUN_EURUSD_TRADES.csv;D044_V100_RUN_EURUSD_STATS.csv;C:\Users\<REDACTED>\AppData\Roaming\MetaQuotes\Terminal\Common\Files\D044_V100_RUN_EURUSD_TRADES.csv;C:\Users\<REDACTED>\AppData\Roaming\MetaQuotes\Terminal\Common\Files\D044_V100_RUN_EURUSD_STATS.csv
PROGRESS;D044_TurtleSoup20D_H24_TickPath_M15_v1_00.mq5;1.00;RUN;45250000;442;345;345;0;0;13;16;27;27;27;25;2;0;0;0;0;0;0;0;0;27;27;EURUSD;PERIOD_M15;FOREX;USD5_PER_LOT_PER_SIDE;;D044_V100_RUN_EURUSD_TRADES.csv;D044_V100_RUN_EURUSD_STATS.csv;C:\Users\<REDACTED>\AppData\Roaming\MetaQuotes\Terminal\Common\Files\D044_V100_RUN_EURUSD_TRADES.csv;C:\Users\<REDACTED>\AppData\Roaming\MetaQuotes\Terminal\Common\Files\D044_V100_RUN_EURUSD_STATS.csv
PROGRESS;D044_TurtleSoup20D_H24_TickPath_M15_v1_00.mq5;1.00;RUN;45500000;445;348;346;0;0;13;17;28;28;28;26;2;0;0;0;0;0;0;0;0;28;28;EURUSD;PERIOD_M15;FOREX;USD5_PER_LOT_PER_SIDE;;D044_V100_RUN_EURUSD_TRADES.csv;D044_V100_RUN_EURUSD_STATS.csv;C:\Users\<REDACTED>\AppData\Roaming\MetaQuotes\Terminal\Common\Files\D044_V100_RUN_EURUSD_TRADES.csv;C:\Users\<REDACTED>\AppData\Roaming\MetaQuotes\Terminal\Common\Files\D044_V100_RUN_EURUSD_STATS.csv
PROGRESS;D044_TurtleSoup20D_H24_TickPath_M15_v1_00.mq5;1.00;RUN;45750000;449;352;348;0;0;13;17;28;28;28;26;2;0;0;0;0;0;0;0;0;28;28;EURUSD;PERIOD_M15;FOREX;USD5_PER_LOT_PER_SIDE;;D044_V100_RUN_EURUSD_TRADES.csv;D044_V100_RUN_EURUSD_STATS.csv;C:\Users\<REDACTED>\AppData\Roaming\MetaQuotes\Terminal\Common\Files\D044_V100_RUN_EURUSD_TRADES.csv;C:\Users\<REDACTED>\AppData\Roaming\MetaQuotes\Terminal\Common\Files\D044_V100_RUN_EURUSD_STATS.csv
PROGRESS;D044_TurtleSoup20D_H24_TickPath_M15_v1_00.mq5;1.00;RUN;46000000;452;355;351;0;0;13;17;28;28;28;26;2;0;0;0;0;0;0;0;0;28;28;EURUSD;PERIOD_M15;FOREX;USD5_PER_LOT_PER_SIDE;;D044_V100_RUN_EURUSD_TRADES.csv;D044_V100_RUN_EURUSD_STATS.csv;C:\Users\<REDACTED>\AppData\Roaming\MetaQuotes\Terminal\Common\Files\D044_V100_RUN_EURUSD_TRADES.csv;C:\Users\<REDACTED>\AppData\Roaming\MetaQuotes\Terminal\Common\Files\D044_V100_RUN_EURUSD_STATS.csv
PROGRESS;D044_TurtleSoup20D_H24_TickPath_M15_v1_00.mq5;1.00;RUN;46250000;456;359;355;0;0;13;17;28;28;28;26;2;0;0;0;0;0;0;0;0;28;28;EURUSD;PERIOD_M15;FOREX;USD5_PER_LOT_PER_SIDE;;D044_V100_RUN_EURUSD_TRADES.csv;D044_V100_RUN_EURUSD_STATS.csv;C:\Users\<REDACTED>\AppData\Roaming\MetaQuotes\Terminal\Common\Files\D044_V100_RUN_EURUSD_TRADES.csv;C:\Users\<REDACTED>\AppData\Roaming\MetaQuotes\Terminal\Common\Files\D044_V100_RUN_EURUSD_STATS.csv
PROGRESS;D044_TurtleSoup20D_H24_TickPath_M15_v1_00.mq5;1.00;RUN;46500000;460;362;359;0;0;14;17;28;28;28;26;2;0;0;0;0;0;0;0;0;28;28;EURUSD;PERIOD_M15;FOREX;USD5_PER_LOT_PER_SIDE;;D044_V100_RUN_EURUSD_TRADES.csv;D044_V100_RUN_EURUSD_STATS.csv;C:\Users\<REDACTED>\AppData\Roaming\MetaQuotes\Terminal\Common\Files\D044_V100_RUN_EURUSD_TRADES.csv;C:\Users\<REDACTED>\AppData\Roaming\MetaQuotes\Terminal\Common\Files\D044_V100_RUN_EURUSD_STATS.csv
PROGRESS;D044_TurtleSoup20D_H24_TickPath_M15_v1_00.mq5;1.00;RUN;46750000;463;362;362;0;0;14;17;28;28;28;26;2;0;0;0;0;0;0;0;0;28;28;EURUSD;PERIOD_M15;FOREX;USD5_PER_LOT_PER_SIDE;;D044_V100_RUN_EURUSD_TRADES.csv;D044_V100_RUN_EURUSD_STATS.csv;C:\Users\<REDACTED>\AppData\Roaming\MetaQuotes\Terminal\Common\Files\D044_V100_RUN_EURUSD_TRADES.csv;C:\Users\<REDACTED>\AppData\Roaming\MetaQuotes\Terminal\Common\Files\D044_V100_RUN_EURUSD_STATS.csv
PROGRESS;D044_TurtleSoup20D_H24_TickPath_M15_v1_00.mq5;1.00;RUN;47000000;466;365;365;0;0;14;17;28;28;28;26;2;0;0;0;0;0;0;0;0;28;28;EURUSD;PERIOD_M15;FOREX;USD5_PER_LOT_PER_SIDE;;D044_V100_RUN_EURUSD_TRADES.csv;D044_V100_RUN_EURUSD_STATS.csv;C:\Users\<REDACTED>\AppData\Roaming\MetaQuotes\Terminal\Common\Files\D044_V100_RUN_EURUSD_TRADES.csv;C:\Users\<REDACTED>\AppData\Roaming\MetaQuotes\Terminal\Common\Files\D044_V100_RUN_EURUSD_STATS.csv
PROGRESS;D044_TurtleSoup20D_H24_TickPath_M15_v1_00.mq5;1.00;RUN;47250000;469;368;368;0;0;14;17;28;28;28;26;2;0;0;0;0;0;0;0;0;28;28;EURUSD;PERIOD_M15;FOREX;USD5_PER_LOT_PER_SIDE;;D044_V100_RUN_EURUSD_TRADES.csv;D044_V100_RUN_EURUSD_STATS.csv;C:\Users\<REDACTED>\AppData\Roaming\MetaQuotes\Terminal\Common\Files\D044_V100_RUN_EURUSD_TRADES.csv;C:\Users\<REDACTED>\AppData\Roaming\MetaQuotes\Terminal\Common\Files\D044_V100_RUN_EURUSD_STATS.csv
PROGRESS;D044_TurtleSoup20D_H24_TickPath_M15_v1_00.mq5;1.00;RUN;47500000;474;373;373;0;0;14;17;28;28;28;26;2;0;0;0;0;0;0;0;0;28;28;EURUSD;PERIOD_M15;FOREX;USD5_PER_LOT_PER_SIDE;;D044_V100_RUN_EURUSD_TRADES.csv;D044_V100_RUN_EURUSD_STATS.csv;C:\Users\<REDACTED>\AppData\Roaming\MetaQuotes\Terminal\Common\Files\D044_V100_RUN_EURUSD_TRADES.csv;C:\Users\<REDACTED>\AppData\Roaming\MetaQuotes\Terminal\Common\Files\D044_V100_RUN_EURUSD_STATS.csv
PROGRESS;D044_TurtleSoup20D_H24_TickPath_M15_v1_00.mq5;1.00;RUN;47750000;477;375;376;0;0;15;17;29;29;29;27;2;0;0;0;0;0;0;0;0;29;29;EURUSD;PERIOD_M15;FOREX;USD5_PER_LOT_PER_SIDE;;D044_V100_RUN_EURUSD_TRADES.csv;D044_V100_RUN_EURUSD_STATS.csv;C:\Users\<REDACTED>\AppData\Roaming\MetaQuotes\Terminal\Common\Files\D044_V100_RUN_EURUSD_TRADES.csv;C:\Users\<REDACTED>\AppData\Roaming\MetaQuotes\Terminal\Common\Files\D044_V100_RUN_EURUSD_STATS.csv
PROGRESS;D044_TurtleSoup20D_H24_TickPath_M15_v1_00.mq5;1.00;RUN;48000000;481;375;380;0;0;15;17;29;29;29;27;2;0;0;0;0;0;0;0;0;29;29;EURUSD;PERIOD_M15;FOREX;USD5_PER_LOT_PER_SIDE;;D044_V100_RUN_EURUSD_TRADES.csv;D044_V100_RUN_EURUSD_STATS.csv;C:\Users\<REDACTED>\AppData\Roaming\MetaQuotes\Terminal\Common\Files\D044_V100_RUN_EURUSD_TRADES.csv;C:\Users\<REDACTED>\AppData\Roaming\MetaQuotes\Terminal\Common\Files\D044_V100_RUN_EURUSD_STATS.csv
PROGRESS;D044_TurtleSoup20D_H24_TickPath_M15_v1_00.mq5;1.00;RUN;48250000;486;379;385;0;0;15;17;29;29;29;27;2;0;0;0;0;0;0;0;0;29;29;EURUSD;PERIOD_M15;FOREX;USD5_PER_LOT_PER_SIDE;;D044_V100_RUN_EURUSD_TRADES.csv;D044_V100_RUN_EURUSD_STATS.csv;C:\Users\<REDACTED>\AppData\Roaming\MetaQuotes\Terminal\Common\Files\D044_V100_RUN_EURUSD_TRADES.csv;C:\Users\<REDACTED>\AppData\Roaming\MetaQuotes\Terminal\Common\Files\D044_V100_RUN_EURUSD_STATS.csv
PROGRESS;D044_TurtleSoup20D_H24_TickPath_M15_v1_00.mq5;1.00;RUN;48500000;490;383;389;0;0;15;17;29;29;29;27;2;0;0;0;0;0;0;0;0;29;29;EURUSD;PERIOD_M15;FOREX;USD5_PER_LOT_PER_SIDE;;D044_V100_RUN_EURUSD_TRADES.csv;D044_V100_RUN_EURUSD_STATS.csv;C:\Users\<REDACTED>\AppData\Roaming\MetaQuotes\Terminal\Common\Files\D044_V100_RUN_EURUSD_TRADES.csv;C:\Users\<REDACTED>\AppData\Roaming\MetaQuotes\Terminal\Common\Files\D044_V100_RUN_EURUSD_STATS.csv
PROGRESS;D044_TurtleSoup20D_H24_TickPath_M15_v1_00.mq5;1.00;RUN;48750000;494;387;393;0;0;15;17;29;29;29;27;2;0;0;0;0;0;0;0;0;29;29;EURUSD;PERIOD_M15;FOREX;USD5_PER_LOT_PER_SIDE;;D044_V100_RUN_EURUSD_TRADES.csv;D044_V100_RUN_EURUSD_STATS.csv;C:\Users\<REDACTED>\AppData\Roaming\MetaQuotes\Terminal\Common\Files\D044_V100_RUN_EURUSD_TRADES.csv;C:\Users\<REDACTED>\AppData\Roaming\MetaQuotes\Terminal\Common\Files\D044_V100_RUN_EURUSD_STATS.csv
PROGRESS;D044_TurtleSoup20D_H24_TickPath_M15_v1_00.mq5;1.00;RUN;49000000;497;390;396;0;0;15;17;29;29;29;27;2;0;0;0;0;0;0;0;0;29;29;EURUSD;PERIOD_M15;FOREX;USD5_PER_LOT_PER_SIDE;;D044_V100_RUN_EURUSD_TRADES.csv;D044_V100_RUN_EURUSD_STATS.csv;C:\Users\<REDACTED>\AppData\Roaming\MetaQuotes\Terminal\Common\Files\D044_V100_RUN_EURUSD_TRADES.csv;C:\Users\<REDACTED>\AppData\Roaming\MetaQuotes\Terminal\Common\Files\D044_V100_RUN_EURUSD_STATS.csv
PROGRESS;D044_TurtleSoup20D_H24_TickPath_M15_v1_00.mq5;1.00;RUN;49250000;502;395;398;0;0;15;18;30;30;30;28;2;0;0;0;0;0;0;0;0;30;30;EURUSD;PERIOD_M15;FOREX;USD5_PER_LOT_PER_SIDE;;D044_V100_RUN_EURUSD_TRADES.csv;D044_V100_RUN_EURUSD_STATS.csv;C:\Users\<REDACTED>\AppData\Roaming\MetaQuotes\Terminal\Common\Files\D044_V100_RUN_EURUSD_TRADES.csv;C:\Users\<REDACTED>\AppData\Roaming\MetaQuotes\Terminal\Common\Files\D044_V100_RUN_EURUSD_STATS.csv
PROGRESS;D044_TurtleSoup20D_H24_TickPath_M15_v1_00.mq5;1.00;RUN;49500000;506;399;399;0;0;15;19;30;30;30;28;2;0;0;0;0;0;0;0;0;30;30;EURUSD;PERIOD_M15;FOREX;USD5_PER_LOT_PER_SIDE;;D044_V100_RUN_EURUSD_TRADES.csv;D044_V100_RUN_EURUSD_STATS.csv;C:\Users\<REDACTED>\AppData\Roaming\MetaQuotes\Terminal\Common\Files\D044_V100_RUN_EURUSD_TRADES.csv;C:\Users\<REDACTED>\AppData\Roaming\MetaQuotes\Terminal\Common\Files\D044_V100_RUN_EURUSD_STATS.csv
PROGRESS;D044_TurtleSoup20D_H24_TickPath_M15_v1_00.mq5;1.00;RUN;49750000;510;403;399;0;0;15;19;30;30;30;28;2;0;0;0;0;0;0;0;0;30;30;EURUSD;PERIOD_M15;FOREX;USD5_PER_LOT_PER_SIDE;;D044_V100_RUN_EURUSD_TRADES.csv;D044_V100_RUN_EURUSD_STATS.csv;C:\Users\<REDACTED>\AppData\Roaming\MetaQuotes\Terminal\Common\Files\D044_V100_RUN_EURUSD_TRADES.csv;C:\Users\<REDACTED>\AppData\Roaming\MetaQuotes\Terminal\Common\Files\D044_V100_RUN_EURUSD_STATS.csv
PROGRESS;D044_TurtleSoup20D_H24_TickPath_M15_v1_00.mq5;1.00;RUN;50000000;515;408;402;0;0;15;20;31;31;31;29;2;0;0;0;0;0;0;0;0;31;31;EURUSD;PERIOD_M15;FOREX;USD5_PER_LOT_PER_SIDE;;D044_V100_RUN_EURUSD_TRADES.csv;D044_V100_RUN_EURUSD_STATS.csv;C:\Users\<REDACTED>\AppData\Roaming\MetaQuotes\Terminal\Common\Files\D044_V100_RUN_EURUSD_TRADES.csv;C:\Users\<REDACTED>\AppData\Roaming\MetaQuotes\Terminal\Common\Files\D044_V100_RUN_EURUSD_STATS.csv
FINAL;D044_TurtleSoup20D_H24_TickPath_M15_v1_00.mq5;1.00;RUN;50165462;517;410;402;0;0;15;20;31;31;31;29;2;0;0;0;0;0;0;0;0;31;31;EURUSD;PERIOD_M15;FOREX;USD5_PER_LOT_PER_SIDE;;D044_V100_RUN_EURUSD_TRADES.csv;D044_V100_RUN_EURUSD_STATS.csv;C:\Users\<REDACTED>\AppData\Roaming\MetaQuotes\Terminal\Common\Files\D044_V100_RUN_EURUSD_TRADES.csv;C:\Users\<REDACTED>\AppData\Roaming\MetaQuotes\Terminal\Common\Files\D044_V100_RUN_EURUSD_STATS.csv

