close,expected_epoch,high,low,open,present,relation,server_epoch,signal_epoch,timeframe,year
,1705017540,,,,False,previous,,1705017600,M1,2024
2048.48,1705017600,2062.2,2028.54,2028.56,True,signal,1705017600.0,1705017600,M1,2024
,1705017660,,,,False,next,,1705017600,M1,2024
2028.5,1705017300,2028.74,2028.5,2028.64,True,previous,1705017300.0,1705017600,M5,2024
2048.48,1705017600,2062.2,2028.54,2028.56,True,signal,1705017600.0,1705017600,M5,2024
,1705017900,,,,False,next,,1705017600,M5,2024
2022.81,1705622340,2022.94,2022.71,2022.84,True,previous,1705622340.0,1705622400,M1,2024
2029.54,1705622400,2039.36,2020.37,2023.62,True,signal,1705622400.0,1705622400,M1,2024
,1705622460,,,,False,next,,1705622400,M1,2024
2022.81,1705622100,2023.05,2022.71,2022.75,True,previous,1705622100.0,1705622400,M5,2024
2029.54,1705622400,2039.36,2020.37,2023.62,True,signal,1705622400.0,1705622400,M5,2024
,1705622700,,,,False,next,,1705622400,M5,2024
2021.64,1705967940,2021.66,2021.49,2021.51,True,previous,1705967940.0,1705968000,M1,2024
2029.0,1705968000,2037.83,2019.56,2021.78,True,signal,1705968000.0,1705968000,M1,2024
,1705968060,,,,False,next,,1705968000,M1,2024
2021.64,1705967700,2021.66,2021.01,2021.15,True,previous,1705967700.0,1705968000,M5,2024
2029.0,1705968000,2037.83,2019.56,2021.78,True,signal,1705968000.0,1705968000,M5,2024
,1705968300,,,,False,next,,1705968000,M5,2024
,1706486340,,,,False,previous,,1706486400,M1,2024
2032.71,1706486400,2037.54,2019.25,2026.1,True,signal,1706486400.0,1706486400,M1,2024
,1706486460,,,,False,next,,1706486400,M1,2024
,1706486100,,,,False,previous,,1706486400,M5,2024
2032.71,1706486400,2037.54,2019.25,2026.1,True,signal,1706486400.0,1706486400,M5,2024
,1706486700,,,,False,next,,1706486400,M5,2024
2024.66,1707177540,2025.2,2024.65,2024.96,True,previous,1707177540.0,1707177600,M1,2024
2035.83,1707177600,2038.86,2022.85,2025.01,True,signal,1707177600.0,1707177600,M1,2024
,1707177660,,,,False,next,,1707177600,M1,2024
2024.66,1707177300,2025.2,2024.57,2024.74,True,previous,1707177300.0,1707177600,M5,2024
2035.83,1707177600,2038.86,2022.85,2025.01,True,signal,1707177600.0,1707177600,M5,2024
,1707177900,,,,False,next,,1707177600,M5,2024
1992.08,1707955140,1992.12,1991.94,1992.05,True,previous,1707955140.0,1707955200,M1,2024
2004.06,1707955200,2008.24,1990.2,1992.34,True,signal,1707955200.0,1707955200,M1,2024
,1707955260,,,,False,next,,1707955200,M1,2024
1992.08,1707954900,1992.14,1991.84,1992.03,True,previous,1707954900.0,1707955200,M5,2024
2004.06,1707955200,2008.24,1990.2,1992.34,True,signal,1707955200.0,1707955200,M5,2024
,1707955500,,,,False,next,,1707955200,M5,2024
2004.06,1708041540,2004.11,2004.06,2004.11,True,previous,1708041540.0,1708041600,M1,2024
2013.4,1708041600,2015.13,1995.06,2004.2,True,signal,1708041600.0,1708041600,M1,2024
,1708041660,,,,False,next,,1708041600,M1,2024
2004.06,1708041300,2004.18,2003.97,2004.18,True,previous,1708041300.0,1708041600,M5,2024
2013.4,1708041600,2015.13,1995.06,2004.2,True,signal,1708041600.0,1708041600,M5,2024
,1708041900,,,,False,next,,1708041600,M5,2024
,1708300740,,,,False,previous,,1708300800,M1,2024
2017.9,1708300800,2022.95,2011.38,2015.12,True,signal,1708300800.0,1708300800,M1,2024
,1708300860,,,,False,next,,1708300800,M1,2024
,1708300500,,,,False,previous,,1708300800,M5,2024
2017.9,1708300800,2022.95,2011.38,2015.12,True,signal,1708300800.0,1708300800,M5,2024
,1708301100,,,,False,next,,1708300800,M5,2024
,1708387140,,,,False,previous,,1708387200,M1,2024
2024.1,1708387200,2030.86,2014.98,2017.72,True,signal,1708387200.0,1708387200,M1,2024
,1708387260,,,,False,next,,1708387200,M1,2024
,1708386900,,,,False,previous,,1708387200,M5,2024
2024.1,1708387200,2030.86,2014.98,2017.72,True,signal,1708387200.0,1708387200,M5,2024
,1708387500,,,,False,next,,1708387200,M5,2024
2024.18,1708646340,2024.31,2024.08,2024.18,True,previous,1708646340.0,1708646400,M1,2024
2035.98,1708646400,2041.29,2015.98,2024.39,True,signal,1708646400.0,1708646400,M1,2024
,1708646460,,,,False,next,,1708646400,M1,2024
2024.18,1708646100,2024.74,2024.04,2024.48,True,previous,1708646100.0,1708646400,M5,2024
2035.98,1708646400,2041.29,2015.98,2024.39,True,signal,1708646400.0,1708646400,M5,2024
,1708646700,,,,False,next,,1708646400,M5,2024
2034.3,1709164740,2034.34,2034.3,2034.31,True,previous,1709164740.0,1709164800,M1,2024
2044.04,1709164800,2050.72,2028.06,2035.0,True,signal,1709164800.0,1709164800,M1,2024
,1709164860,,,,False,next,,1709164800,M1,2024
2034.3,1709164500,2035.21,2033.33,2034.82,True,previous,1709164500.0,1709164800,M5,2024
2044.04,1709164800,2050.72,2028.06,2035.0,True,signal,1709164800.0,1709164800,M5,2024
,1709165100,,,,False,next,,1709164800,M5,2024
2044.04,1709251140,2044.13,2043.95,2044.09,True,previous,1709251140.0,1709251200,M1,2024
2083.41,1709251200,2088.26,2038.98,2043.82,True,signal,1709251200.0,1709251200,M1,2024
,1709251260,,,,False,next,,1709251200,M1,2024
2044.04,1709250900,2044.13,2043.45,2043.72,True,previous,1709250900.0,1709251200,M5,2024
2083.41,1709251200,2088.26,2038.98,2043.82,True,signal,1709251200.0,1709251200,M5,2024
,1709251500,,,,False,next,,1709251200,M5,2024
,1709510340,,,,False,previous,,1709510400,M1,2024
2114.27,1709510400,2119.84,2079.39,2082.62,True,signal,1709510400.0,1709510400,M1,2024
,1709510460,,,,False,next,,1709510400,M1,2024
,1709510100,,,,False,previous,,1709510400,M5,2024
2114.27,1709510400,2119.84,2079.39,2082.62,True,signal,1709510400.0,1709510400,M5,2024
,1709510700,,,,False,next,,1709510400,M5,2024
2114.27,1709596740,2114.29,2114.24,2114.24,True,previous,1709596740.0,1709596800,M1,2024
2127.94,1709596800,2141.74,2110.42,2114.9,True,signal,1709596800.0,1709596800,M1,2024
,1709596860,,,,False,next,,1709596800,M1,2024
2114.27,1709596500,2114.88,2114.18,2114.88,True,previous,1709596500.0,1709596800,M5,2024
2127.94,1709596800,2141.74,2110.42,2114.9,True,signal,1709596800.0,1709596800,M5,2024
,1709597100,,,,False,next,,1709596800,M5,2024
2127.94,1709683140,2127.97,2127.74,2127.83,True,previous,1709683140.0,1709683200,M1,2024
2147.92,1709683200,2152.14,2123.66,2127.92,True,signal,1709683200.0,1709683200,M1,2024
,1709683260,,,,False,next,,1709683200,M1,2024
2127.94,1709682900,2127.97,2127.5,2127.68,True,previous,1709682900.0,1709683200,M5,2024
2147.92,1709683200,2152.14,2123.66,2127.92,True,signal,1709683200.0,1709683200,M5,2024
,1709683500,,,,False,next,,1709683200,M5,2024
2147.92,1709769540,2148.11,2147.87,2147.96,True,previous,1709769540.0,1709769600,M1,2024
2159.83,1709769600,2164.6,2144.12,2148.98,True,signal,1709769600.0,1709769600,M1,2024
,1709769660,,,,False,next,,1709769600,M1,2024
2147.92,1709769300,2148.36,2147.82,2148.35,True,previous,1709769300.0,1709769600,M5,2024
2159.83,1709769600,2164.6,2144.12,2148.98,True,signal,1709769600.0,1709769600,M5,2024
,1709769900,,,,False,next,,1709769600,M5,2024
2159.83,1709855940,2159.96,2159.76,2159.8,True,previous,1709855940.0,1709856000,M1,2024
2177.13,1709856000,2195.1,2153.94,2159.56,True,signal,1709856000.0,1709856000,M1,2024
,1709856060,,,,False,next,,1709856000,M1,2024
2159.83,1709855700,2159.96,2159.41,2159.5,True,previous,1709855700.0,1709856000,M5,2024
2177.13,1709856000,2195.1,2153.94,2159.56,True,signal,1709856000.0,1709856000,M5,2024
,1709856300,,,,False,next,,1709856000,M5,2024
2158.17,1710287940,2158.28,2158.05,2158.18,True,previous,1710287940.0,1710288000,M1,2024
2174.01,1710288000,2179.79,2155.73,2158.01,True,signal,1710288000.0,1710288000,M1,2024
,1710288060,,,,False,next,,1710288000,M1,2024
2158.17,1710287700,2158.9,2158.04,2158.53,True,previous,1710287700.0,1710288000,M5,2024
2174.01,1710288000,2179.79,2155.73,2158.01,True,signal,1710288000.0,1710288000,M5,2024
,1710288300,,,,False,next,,1710288000,M5,2024
2157.24,1710892740,2157.32,2157.18,2157.32,True,previous,1710892740.0,1710892800,M1,2024
2186.12,1710892800,2188.76,2149.55,2157.68,True,signal,1710892800.0,1710892800,M1,2024
,1710892860,,,,False,next,,1710892800,M1,2024
2157.24,1710892500,2157.55,2157.18,2157.47,True,previous,1710892500.0,1710892800,M5,2024
2186.12,1710892800,2188.76,2149.55,2157.68,True,signal,1710892800.0,1710892800,M5,2024
,1710893100,,,,False,next,,1710892800,M5,2024
2178.76,1711497540,2178.85,2178.41,2178.48,True,previous,1711497540.0,1711497600,M1,2024
2194.72,1711497600,2197.56,2173.38,2178.68,True,signal,1711497600.0,1711497600,M1,2024
,1711497660,,,,False,next,,1711497600,M1,2024
2178.76,1711497300,2178.85,2177.6,2177.8,True,previous,1711497300.0,1711497600,M5,2024
2194.72,1711497600,2197.56,2173.38,2178.68,True,signal,1711497600.0,1711497600,M5,2024
,1711497900,,,,False,next,,1711497600,M5,2024
2194.72,1711583940,2194.76,2194.61,2194.73,True,previous,1711583940.0,1711584000,M1,2024
2233.82,1711584000,2236.22,2187.33,2194.09,True,signal,1711584000.0,1711584000,M1,2024
,1711584060,,,,False,next,,1711584000,M1,2024
2194.72,1711583700,2194.83,2194.52,2194.75,True,previous,1711583700.0,1711584000,M5,2024
2233.82,1711584000,2236.22,2187.33,2194.09,True,signal,1711584000.0,1711584000,M5,2024
,1711584300,,,,False,next,,1711584000,M5,2024
,1711929540,,,,False,previous,,1711929600,M1,2024
2251.36,1711929600,2265.66,2228.44,2240.21,True,signal,1711929600.0,1711929600,M1,2024
,1711929660,,,,False,next,,1711929600,M1,2024
,1711929300,,,,False,previous,,1711929600,M5,2024
2251.36,1711929600,2265.66,2228.44,2240.21,True,signal,1711929600.0,1711929600,M5,2024
,1711929900,,,,False,next,,1711929600,M5,2024
2251.36,1712015940,2251.52,2251.08,2251.08,True,previous,1712015940.0,1712016000,M1,2024
2280.77,1712016000,2280.99,2246.65,2251.58,True,signal,1712016000.0,1712016000,M1,2024
,1712016060,,,,False,next,,1712016000,M1,2024
2251.36,1712015700,2251.52,2249.61,2249.61,True,previous,1712015700.0,1712016000,M5,2024
2280.77,1712016000,2280.99,2246.65,2251.58,True,signal,1712016000.0,1712016000,M5,2024
,1712016300,,,,False,next,,1712016000,M5,2024
2280.77,1712102340,2280.89,2280.46,2280.46,True,previous,1712102340.0,1712102400,M1,2024
2300.1,1712102400,2301.01,2265.45,2280.0,True,signal,1712102400.0,1712102400,M1,2024
,1712102460,,,,False,next,,1712102400,M1,2024
2280.77,1712102100,2280.89,2279.47,2280.08,True,previous,1712102100.0,1712102400,M5,2024
2300.1,1712102400,2301.01,2265.45,2280.0,True,signal,1712102400.0,1712102400,M5,2024
,1712102700,,,,False,next,,1712102400,M5,2024
2290.7,1712275140,2291.09,2290.7,2290.89,True,previous,1712275140.0,1712275200,M1,2024
2327.6,1712275200,2330.42,2267.74,2290.74,True,signal,1712275200.0,1712275200,M1,2024
,1712275260,,,,False,next,,1712275200,M1,2024
2290.7,1712274900,2291.1,2289.97,2290.42,True,previous,1712274900.0,1712275200,M5,2024
2327.6,1712275200,2330.42,2267.74,2290.74,True,signal,1712275200.0,1712275200,M5,2024
,1712275500,,,,False,next,,1712275200,M5,2024
,1712534340,,,,False,previous,,1712534400,M1,2024
2338.77,1712534400,2353.86,2302.87,2323.0,True,signal,1712534400.0,1712534400,M1,2024
,1712534460,,,,False,next,,1712534400,M1,2024
,1712534100,,,,False,previous,,1712534400,M5,2024
2338.77,1712534400,2353.86,2302.87,2323.0,True,signal,1712534400.0,1712534400,M5,2024
,1712534700,,,,False,next,,1712534400,M5,2024
2338.77,1712620740,2338.94,2338.77,2338.82,True,previous,1712620740.0,1712620800,M1,2024
2352.73,1712620800,2365.26,2336.87,2339.05,True,signal,1712620800.0,1712620800,M1,2024
,1712620860,,,,False,next,,1712620800,M1,2024
2338.77,1712620500,2339.36,2338.39,2338.39,True,previous,1712620500.0,1712620800,M5,2024
2352.73,1712620800,2365.26,2336.87,2339.05,True,signal,1712620800.0,1712620800,M5,2024
,1712621100,,,,False,next,,1712620800,M5,2024
2333.95,1712793540,2334.11,2333.45,2333.45,True,previous,1712793540.0,1712793600,M1,2024
2372.55,1712793600,2377.61,2325.62,2333.45,True,signal,1712793600.0,1712793600,M1,2024
,1712793660,,,,False,next,,1712793600,M1,2024
2333.95,1712793300,2334.11,2331.79,2331.88,True,previous,1712793300.0,1712793600,M5,2024
2372.55,1712793600,2377.61,2325.62,2333.45,True,signal,1712793600.0,1712793600,M5,2024
,1712793900,,,,False,next,,1712793600,M5,2024
2285.82,1714521540,2286.04,2285.8,2286.04,True,previous,1714521540.0,1714521600,M1,2024
2319.44,1714521600,2328.25,2281.55,2286.74,True,signal,1714521600.0,1714521600,M1,2024
,1714521660,,,,False,next,,1714521600,M1,2024
2285.82,1714521300,2286.27,2285.02,2285.77,True,previous,1714521300.0,1714521600,M5,2024
2319.44,1714521600,2328.25,2281.55,2286.74,True,signal,1714521600.0,1714521600,M5,2024
,1714521900,,,,False,next,,1714521600,M5,2024
,1714953540,,,,False,previous,,1714953600,M1,2024
2323.64,1714953600,2332.0,2291.8,2304.68,True,signal,1714953600.0,1714953600,M1,2024
,1714953660,,,,False,next,,1714953600,M1,2024
,1714953300,,,,False,previous,,1714953600,M5,2024
2323.64,1714953600,2332.0,2291.8,2304.68,True,signal,1714953600.0,1714953600,M5,2024
,1714953900,,,,False,next,,1714953600,M5,2024
2308.37,1715212740,2308.68,2308.37,2308.68,True,previous,1715212740.0,1715212800,M1,2024
2346.26,1715212800,2347.2,2306.69,2309.52,True,signal,1715212800.0,1715212800,M1,2024
,1715212860,,,,False,next,,1715212800,M1,2024
2308.37,1715212500,2309.01,2308.37,2308.57,True,previous,1715212500.0,1715212800,M5,2024
2346.26,1715212800,2347.2,2306.69,2309.52,True,signal,1715212800.0,1715212800,M5,2024
,1715213100,,,,False,next,,1715212800,M5,2024
2346.26,1715299140,2346.26,2345.94,2345.98,True,previous,1715299140.0,1715299200,M1,2024
2361.48,1715299200,2378.37,2345.21,2346.22,True,signal,1715299200.0,1715299200,M1,2024
,1715299260,,,,False,next,,1715299200,M1,2024
2346.26,1715298900,2346.61,2345.11,2345.21,True,previous,1715298900.0,1715299200,M5,2024
2361.48,1715299200,2378.37,2345.21,2346.22,True,signal,1715299200.0,1715299200,M5,2024
,1715299500,,,,False,next,,1715299200,M5,2024
2335.92,1715644740,2336.06,2335.92,2336.02,True,previous,1715644740.0,1715644800,M1,2024
2357.91,1715644800,2359.56,2334.76,2336.74,True,signal,1715644800.0,1715644800,M1,2024
,1715644860,,,,False,next,,1715644800,M1,2024
2335.92,1715644500,2336.69,2335.65,2336.47,True,previous,1715644500.0,1715644800,M5,2024
2357.91,1715644800,2359.56,2334.76,2336.74,True,signal,1715644800.0,1715644800,M5,2024
,1715645100,,,,False,next,,1715644800,M5,2024
2357.91,1715731140,2357.92,2357.88,2357.88,True,previous,1715731140.0,1715731200,M1,2024
2385.87,1715731200,2390.2,2351.83,2357.91,True,signal,1715731200.0,1715731200,M1,2024
,1715731260,,,,False,next,,1715731200,M1,2024
2357.91,1715730900,2358.32,2357.58,2357.79,True,previous,1715730900.0,1715731200,M5,2024
2385.87,1715731200,2390.2,2351.83,2357.91,True,signal,1715731200.0,1715731200,M5,2024
,1715731500,,,,False,next,,1715731200,M5,2024
2376.56,1715903940,2376.79,2376.47,2376.79,True,previous,1715903940.0,1715904000,M1,2024
2417.65,1715904000,2422.67,2373.91,2377.04,True,signal,1715904000.0,1715904000,M1,2024
,1715904060,,,,False,next,,1715904000,M1,2024
2376.56,1715903700,2376.8,2375.83,2376.03,True,previous,1715903700.0,1715904000,M5,2024
2417.65,1715904000,2422.67,2373.91,2377.04,True,signal,1715904000.0,1715904000,M5,2024
,1715904300,,,,False,next,,1715904000,M5,2024
,1716163140,,,,False,previous,,1716163200,M1,2024
2426.16,1716163200,2450.01,2407.3,2417.76,True,signal,1716163200.0,1716163200,M1,2024
,1716163260,,,,False,next,,1716163200,M1,2024
,1716162900,,,,False,previous,,1716163200,M5,2024
2426.16,1716163200,2450.01,2407.3,2417.76,True,signal,1716163200.0,1716163200,M5,2024
,1716163500,,,,False,next,,1716163200,M5,2024
,1716767940,,,,False,previous,,1716768000,M1,2024
2352.57,1716768000,2358.42,2332.26,2337.22,True,signal,1716768000.0,1716768000,M1,2024
,1716768060,,,,False,next,,1716768000,M1,2024
,1716767700,,,,False,previous,,1716768000,M5,2024
2352.57,1716768000,2358.42,2332.26,2337.22,True,signal,1716768000.0,1716768000,M5,2024
,1716768300,,,,False,next,,1716768000,M5,2024
,1716854340,,,,False,previous,,1716854400,M1,2024
2360.9,1716854400,2364.03,2340.27,2351.6,True,signal,1716854400.0,1716854400,M1,2024
,1716854460,,,,False,next,,1716854400,M1,2024
,1716854100,,,,False,previous,,1716854400,M5,2024
2360.9,1716854400,2364.03,2340.27,2351.6,True,signal,1716854400.0,1716854400,M5,2024
,1716854700,,,,False,next,,1716854400,M5,2024
2326.84,1717545540,2326.84,2326.67,2326.69,True,previous,1717545540.0,1717545600,M1,2024
2355.04,1717545600,2357.34,2325.85,2326.6,True,signal,1717545600.0,1717545600,M1,2024
,1717545660,,,,False,next,,1717545600,M1,2024
2326.84,1717545300,2326.97,2326.5,2326.68,True,previous,1717545300.0,1717545600,M5,2024
2355.04,1717545600,2357.34,2325.85,2326.6,True,signal,1717545600.0,1717545600,M5,2024
,1717545900,,,,False,next,,1717545600,M5,2024
2355.04,1717631940,2355.26,2354.9,2355.04,True,previous,1717631940.0,1717632000,M1,2024
2375.94,1717632000,2378.46,2353.43,2356.48,True,signal,1717632000.0,1717632000,M1,2024
,1717632060,,,,False,next,,1717632000,M1,2024
2355.04,1717631700,2355.26,2354.54,2354.7,True,previous,1717631700.0,1717632000,M5,2024
2375.94,1717632000,2378.46,2353.43,2356.48,True,signal,1717632000.0,1717632000,M5,2024
,1717632300,,,,False,next,,1717632000,M5,2024
2310.77,1718063940,2310.81,2310.56,2310.81,True,previous,1718063940.0,1718064000,M1,2024
2316.4,1718064000,2319.84,2297.72,2311.68,True,signal,1718064000.0,1718064000,M1,2024
,1718064060,,,,False,next,,1718064000,M1,2024
2310.77,1718063700,2310.91,2310.32,2310.4,True,previous,1718063700.0,1718064000,M5,2024
2316.4,1718064000,2319.84,2297.72,2311.68,True,signal,1718064000.0,1718064000,M5,2024
,1718064300,,,,False,next,,1718064000,M5,2024
2316.4,1718150340,2316.72,2316.4,2316.67,True,previous,1718150340.0,1718150400,M1,2024
2324.64,1718150400,2341.59,2310.66,2317.02,True,signal,1718150400.0,1718150400,M1,2024
,1718150460,,,,False,next,,1718150400,M1,2024
2316.4,1718150100,2316.91,2316.29,2316.49,True,previous,1718150100.0,1718150400,M5,2024
2324.64,1718150400,2341.59,2310.66,2317.02,True,signal,1718150400.0,1718150400,M5,2024
,1718150700,,,,False,next,,1718150400,M5,2024
2303.86,1718323140,2303.92,2303.83,2303.9,True,previous,1718323140.0,1718323200,M1,2024
2332.16,1718323200,2336.62,2301.48,2304.08,True,signal,1718323200.0,1718323200,M1,2024
,1718323260,,,,False,next,,1718323200,M1,2024
2303.86,1718322900,2304.1,2303.61,2303.9,True,previous,1718322900.0,1718323200,M5,2024
2332.16,1718323200,2336.62,2301.48,2304.08,True,signal,1718323200.0,1718323200,M5,2024
,1718323500,,,,False,next,,1718323200,M5,2024
2318.89,1718668740,2319.21,2318.8,2319.0,True,previous,1718668740.0,1718668800,M1,2024
2329.18,1718668800,2333.1,2306.55,2319.1,True,signal,1718668800.0,1718668800,M1,2024
,1718668860,,,,False,next,,1718668800,M1,2024
2318.89,1718668500,2319.22,2318.68,2318.68,True,previous,1718668500.0,1718668800,M5,2024
2329.18,1718668800,2333.1,2306.55,2319.1,True,signal,1718668800.0,1718668800,M5,2024
,1718669100,,,,False,next,,1718668800,M5,2024
,1718841540,,,,False,previous,,1718841600,M1,2024
2359.67,1718841600,2365.43,2327.7,2328.92,True,signal,1718841600.0,1718841600,M1,2024
,1718841660,,,,False,next,,1718841600,M1,2024
,1718841300,,,,False,previous,,1718841600,M5,2024
2359.67,1718841600,2365.43,2327.7,2328.92,True,signal,1718841600.0,1718841600,M5,2024
,1718841900,,,,False,next,,1718841600,M5,2024
2298.0,1719446340,2298.27,2297.92,2297.92,True,previous,1719446340.0,1719446400,M1,2024
2327.7,1719446400,2330.98,2296.54,2298.5,True,signal,1719446400.0,1719446400,M1,2024
,1719446460,,,,False,next,,1719446400,M1,2024
2298.0,1719446100,2298.27,2297.63,2297.74,True,previous,1719446100.0,1719446400,M5,2024
2327.7,1719446400,2330.98,2296.54,2298.5,True,signal,1719446400.0,1719446400,M5,2024
,1719446700,,,,False,next,,1719446400,M5,2024
2329.36,1719964740,2329.37,2329.08,2329.14,True,previous,1719964740.0,1719964800,M1,2024
2355.79,1719964800,2364.95,2326.86,2329.64,True,signal,1719964800.0,1719964800,M1,2024
,1719964860,,,,False,next,,1719964800,M1,2024
2329.36,1719964500,2329.79,2329.08,2329.79,True,previous,1719964500.0,1719964800,M5,2024
2355.79,1719964800,2364.95,2326.86,2329.64,True,signal,1719964800.0,1719964800,M5,2024
,1719965100,,,,False,next,,1719964800,M5,2024
,1720137540,,,,False,previous,,1720137600,M1,2024
2391.28,1720137600,2392.9,2352.23,2356.69,True,signal,1720137600.0,1720137600,M1,2024
,1720137660,,,,False,next,,1720137600,M1,2024
,1720137300,,,,False,previous,,1720137600,M5,2024
2391.28,1720137600,2392.9,2352.23,2356.69,True,signal,1720137600.0,1720137600,M5,2024
,1720137900,,,,False,next,,1720137600,M5,2024
2370.98,1720655940,2371.16,2370.93,2371.11,True,previous,1720655940.0,1720656000,M1,2024
2415.6,1720656000,2424.56,2371.04,2371.38,True,signal,1720656000.0,1720656000,M1,2024
,1720656060,,,,False,next,,1720656000,M1,2024
2370.98,1720655700,2371.39,2370.81,2371.39,True,previous,1720655700.0,1720656000,M5,2024
2415.6,1720656000,2424.56,2371.04,2371.38,True,signal,1720656000.0,1720656000,M5,2024
,1720656300,,,,False,next,,1720656000,M5,2024
,1721001540,,,,False,previous,,1721001600,M1,2024
2422.31,1721001600,2439.75,2401.35,2412.0,True,signal,1721001600.0,1721001600,M1,2024
,1721001660,,,,False,next,,1721001600,M1,2024
,1721001300,,,,False,previous,,1721001600,M5,2024
2422.31,1721001600,2439.75,2401.35,2412.0,True,signal,1721001600.0,1721001600,M5,2024
,1721001900,,,,False,next,,1721001600,M5,2024
2422.31,1721087940,2422.34,2421.98,2422.17,True,previous,1721087940.0,1721088000,M1,2024
2468.94,1721088000,2469.67,2420.04,2422.4,True,signal,1721088000.0,1721088000,M1,2024
,1721088060,,,,False,next,,1721088000,M1,2024
2422.31,1721087700,2422.34,2421.73,2421.78,True,previous,1721087700.0,1721088000,M5,2024
2468.94,1721088000,2469.67,2420.04,2422.4,True,signal,1721088000.0,1721088000,M5,2024
,1721088300,,,,False,next,,1721088000,M5,2024
2396.47,1721692740,2396.57,2396.1,2396.29,True,previous,1721692740.0,1721692800,M1,2024
2409.24,1721692800,2412.01,2388.3,2396.39,True,signal,1721692800.0,1721692800,M1,2024
,1721692860,,,,False,next,,1721692800,M1,2024
2396.47,1721692500,2396.64,2395.79,2395.9,True,previous,1721692500.0,1721692800,M5,2024
2409.24,1721692800,2412.01,2388.3,2396.39,True,signal,1721692800.0,1721692800,M5,2024
,1721693100,,,,False,next,,1721692800,M5,2024
2364.19,1721951940,2364.44,2363.87,2364.41,True,previous,1721951940.0,1721952000,M1,2024
2386.86,1721952000,2390.81,2355.83,2364.27,True,signal,1721952000.0,1721952000,M1,2024
,1721952060,,,,False,next,,1721952000,M1,2024
2364.19,1721951700,2365.21,2363.42,2364.41,True,previous,1721951700.0,1721952000,M5,2024
2386.86,1721952000,2390.81,2355.83,2364.27,True,signal,1721952000.0,1721952000,M5,2024
,1721952300,,,,False,next,,1721952000,M5,2024
2384.16,1722297540,2384.16,2383.44,2383.47,True,previous,1722297540.0,1722297600,M1,2024
2410.58,1722297600,2412.75,2376.53,2383.62,True,signal,1722297600.0,1722297600,M1,2024
,1722297660,,,,False,next,,1722297600,M1,2024
2384.16,1722297300,2384.53,2383.41,2384.04,True,previous,1722297300.0,1722297600,M5,2024
2410.58,1722297600,2412.75,2376.53,2383.62,True,signal,1722297600.0,1722297600,M5,2024
,1722297900,,,,False,next,,1722297600,M5,2024
2410.58,1722383940,2410.89,2410.56,2410.73,True,previous,1722383940.0,1722384000,M1,2024
2447.2,1722384000,2450.94,2403.88,2410.3,True,signal,1722384000.0,1722384000,M1,2024
,1722384060,,,,False,next,,1722384000,M1,2024
2410.58,1722383700,2411.29,2410.37,2410.53,True,previous,1722383700.0,1722384000,M5,2024
2447.2,1722384000,2450.94,2403.88,2410.3,True,signal,1722384000.0,1722384000,M5,2024
,1722384300,,,,False,next,,1722384000,M5,2024
2382.64,1723075140,2383.0,2382.56,2382.85,True,previous,1723075140.0,1723075200,M1,2024
2427.12,1723075200,2427.54,2380.4,2382.49,True,signal,1723075200.0,1723075200,M1,2024
,1723075260,,,,False,next,,1723075200,M1,2024
2382.64,1723074900,2383.07,2382.26,2382.35,True,previous,1723074900.0,1723075200,M5,2024
2427.12,1723075200,2427.54,2380.4,2382.49,True,signal,1723075200.0,1723075200,M5,2024
,1723075500,,,,False,next,,1723075200,M5,2024
2427.12,1723161540,2427.17,2426.96,2427.08,True,previous,1723161540.0,1723161600,M1,2024
2430.96,1723161600,2437.03,2416.9,2427.02,True,signal,1723161600.0,1723161600,M1,2024
,1723161660,,,,False,next,,1723161600,M1,2024
2427.12,1723161300,2427.43,2426.42,2427.11,True,previous,1723161300.0,1723161600,M5,2024
2430.96,1723161600,2437.03,2416.9,2427.02,True,signal,1723161600.0,1723161600,M5,2024
,1723161900,,,,False,next,,1723161600,M5,2024
,1723420740,,,,False,previous,,1723420800,M1,2024
2472.26,1723420800,2473.09,2423.86,2429.8,True,signal,1723420800.0,1723420800,M1,2024
,1723420860,,,,False,next,,1723420800,M1,2024
,1723420500,,,,False,previous,,1723420800,M5,2024
2472.26,1723420800,2473.09,2423.86,2429.8,True,signal,1723420800.0,1723420800,M5,2024
,1723421100,,,,False,next,,1723420800,M5,2024
2456.24,1723766340,2456.44,2456.21,2456.23,True,previous,1723766340.0,1723766400,M1,2024
2507.64,1723766400,2509.74,2450.75,2456.52,True,signal,1723766400.0,1723766400,M1,2024
,1723766460,,,,False,next,,1723766400,M1,2024
2456.24,1723766100,2456.64,2455.88,2456.2,True,previous,1723766100.0,1723766400,M5,2024
2507.64,1723766400,2509.74,2450.75,2456.52,True,signal,1723766400.0,1723766400,M5,2024
,1723766700,,,,False,next,,1723766400,M5,2024
2503.85,1724111940,2503.96,2503.85,2503.96,True,previous,1724111940.0,1724112000,M1,2024
2513.58,1724112000,2531.65,2497.34,2503.34,True,signal,1724112000.0,1724112000,M1,2024
,1724112060,,,,False,next,,1724112000,M1,2024
2503.85,1724111700,2504.33,2503.81,2504.18,True,previous,1724111700.0,1724112000,M5,2024
2513.58,1724112000,2531.65,2497.34,2503.34,True,signal,1724112000.0,1724112000,M5,2024
,1724112300,,,,False,next,,1724112000,M5,2024
2484.48,1724371140,2484.71,2484.22,2484.71,True,previous,1724371140.0,1724371200,M1,2024
2512.15,1724371200,2518.35,2483.96,2484.92,True,signal,1724371200.0,1724371200,M1,2024
,1724371260,,,,False,next,,1724371200,M1,2024
2484.48,1724370900,2484.71,2484.19,2484.42,True,previous,1724370900.0,1724371200,M5,2024
2512.15,1724371200,2518.35,2483.96,2484.92,True,signal,1724371200.0,1724371200,M5,2024
,1724371500,,,,False,next,,1724371200,M5,2024
2504.26,1724889540,2504.68,2504.25,2504.64,True,previous,1724889540.0,1724889600,M1,2024
2521.04,1724889600,2528.69,2503.65,2504.44,True,signal,1724889600.0,1724889600,M1,2024
,1724889660,,,,False,next,,1724889600,M1,2024
2504.26,1724889300,2504.84,2504.16,2504.54,True,previous,1724889300.0,1724889600,M5,2024
2521.04,1724889600,2528.69,2503.65,2504.44,True,signal,1724889600.0,1724889600,M5,2024
,1724889900,,,,False,next,,1724889600,M5,2024
2495.1,1725494340,2495.45,2495.1,2495.36,True,previous,1725494340.0,1725494400,M1,2024
2516.52,1725494400,2523.51,2493.85,2495.3,True,signal,1725494400.0,1725494400,M1,2024
,1725494460,,,,False,next,,1725494400,M1,2024
2495.1,1725494100,2496.85,2495.1,2496.49,True,previous,1725494100.0,1725494400,M5,2024
2516.52,1725494400,2523.51,2493.85,2495.3,True,signal,1725494400.0,1725494400,M5,2024
,1725494700,,,,False,next,,1725494400,M5,2024
2506.12,1725926340,2506.18,2506.06,2506.08,True,previous,1725926340.0,1725926400,M1,2024
2516.44,1725926400,2518.43,2500.13,2506.17,True,signal,1725926400.0,1725926400,M1,2024
,1725926460,,,,False,next,,1725926400,M1,2024
2506.12,1725926100,2506.54,2505.64,2505.69,True,previous,1725926100.0,1725926400,M5,2024
2516.44,1725926400,2518.43,2500.13,2506.17,True,signal,1725926400.0,1725926400,M5,2024
,1725926700,,,,False,next,,1725926400,M5,2024
2511.56,1726099140,2511.59,2511.2,2511.32,True,previous,1726099140.0,1726099200,M1,2024
2558.6,1726099200,2560.07,2511.03,2511.92,True,signal,1726099200.0,1726099200,M1,2024
,1726099260,,,,False,next,,1726099200,M1,2024
2511.56,1726098900,2512.27,2511.16,2512.27,True,previous,1726098900.0,1726099200,M5,2024
2558.6,1726099200,2560.07,2511.03,2511.92,True,signal,1726099200.0,1726099200,M5,2024
,1726099500,,,,False,next,,1726099200,M5,2024
2558.6,1726185540,2558.6,2558.54,2558.55,True,previous,1726185540.0,1726185600,M1,2024
2578.74,1726185600,2586.06,2556.67,2558.62,True,signal,1726185600.0,1726185600,M1,2024
,1726185660,,,,False,next,,1726185600,M1,2024
2558.6,1726185300,2558.95,2558.24,2558.83,True,previous,1726185300.0,1726185600,M5,2024
2578.74,1726185600,2586.06,2556.67,2558.62,True,signal,1726185600.0,1726185600,M5,2024
,1726185900,,,,False,next,,1726185600,M5,2024
2586.56,1726790340,2586.66,2586.56,2586.6,True,previous,1726790340.0,1726790400,M1,2024
2621.98,1726790400,2625.79,2584.81,2586.7,True,signal,1726790400.0,1726790400,M1,2024
,1726790460,,,,False,next,,1726790400,M1,2024
2586.56,1726790100,2586.67,2585.88,2585.94,True,previous,1726790100.0,1726790400,M5,2024
2621.98,1726790400,2625.79,2584.81,2586.7,True,signal,1726790400.0,1726790400,M5,2024
,1726790700,,,,False,next,,1726790400,M5,2024
,1727049540,,,,False,previous,,1727049600,M1,2024
2628.55,1727049600,2634.88,2613.86,2621.22,True,signal,1727049600.0,1727049600,M1,2024
,1727049660,,,,False,next,,1727049600,M1,2024
,1727049300,,,,False,previous,,1727049600,M5,2024
2628.55,1727049600,2634.88,2613.86,2621.22,True,signal,1727049600.0,1727049600,M5,2024
,1727049900,,,,False,next,,1727049600,M5,2024
2628.55,1727135940,2628.58,2628.28,2628.28,True,previous,1727135940.0,1727136000,M1,2024
2657.03,1727136000,2664.33,2622.63,2628.8,True,signal,1727136000.0,1727136000,M1,2024
,1727136060,,,,False,next,,1727136000,M1,2024
2628.55,1727135700,2628.58,2628.12,2628.36,True,previous,1727135700.0,1727136000,M5,2024
2657.03,1727136000,2664.33,2622.63,2628.8,True,signal,1727136000.0,1727136000,M5,2024
,1727136300,,,,False,next,,1727136000,M5,2024
2656.99,1727308740,2656.99,2656.59,2656.84,True,previous,1727308740.0,1727308800,M1,2024
2672.22,1727308800,2685.59,2654.84,2657.12,True,signal,1727308800.0,1727308800,M1,2024
,1727308860,,,,False,next,,1727308800,M1,2024
2656.99,1727308500,2657.31,2656.37,2656.38,True,previous,1727308500.0,1727308800,M5,2024
2672.22,1727308800,2685.59,2654.84,2657.12,True,signal,1727308800.0,1727308800,M5,2024
,1727309100,,,,False,next,,1727308800,M5,2024
2634.42,1727740740,2634.45,2634.42,2634.42,True,previous,1727740740.0,1727740800,M1,2024
2663.18,1727740800,2673.16,2632.27,2634.28,True,signal,1727740800.0,1727740800,M1,2024
,1727740860,,,,False,next,,1727740800,M1,2024
2634.42,1727740500,2635.02,2634.4,2634.44,True,previous,1727740500.0,1727740800,M5,2024
2663.18,1727740800,2673.16,2632.27,2634.28,True,signal,1727740800.0,1727740800,M5,2024
,1727741100,,,,False,next,,1727740800,M5,2024
2607.42,1728518340,2607.52,2607.4,2607.48,True,previous,1728518340.0,1728518400,M1,2024
2629.76,1728518400,2631.54,2603.39,2607.54,True,signal,1728518400.0,1728518400,M1,2024
,1728518460,,,,False,next,,1728518400,M1,2024
2607.42,1728518100,2608.48,2607.4,2608.29,True,previous,1728518100.0,1728518400,M5,2024
2629.76,1728518400,2631.54,2603.39,2607.54,True,signal,1728518400.0,1728518400,M5,2024
,1728518700,,,,False,next,,1728518400,M5,2024
2629.76,1728604740,2629.88,2629.69,2629.88,True,previous,1728604740.0,1728604800,M1,2024
2657.09,1728604800,2661.4,2628.13,2629.78,True,signal,1728604800.0,1728604800,M1,2024
,1728604860,,,,False,next,,1728604800,M1,2024
2629.76,1728604500,2630.0,2629.06,2629.4,True,previous,1728604500.0,1728604800,M5,2024
2657.09,1728604800,2661.4,2628.13,2629.78,True,signal,1728604800.0,1728604800,M5,2024
,1728605100,,,,False,next,,1728604800,M5,2024
2648.86,1728950340,2648.86,2648.59,2648.59,True,previous,1728950340.0,1728950400,M1,2024
2662.41,1728950400,2668.91,2638.05,2648.39,True,signal,1728950400.0,1728950400,M1,2024
,1728950460,,,,False,next,,1728950400,M1,2024
2648.86,1728950100,2648.98,2647.66,2647.73,True,previous,1728950100.0,1728950400,M5,2024
2662.41,1728950400,2668.91,2638.05,2648.39,True,signal,1728950400.0,1728950400,M5,2024
,1728950700,,,,False,next,,1728950400,M5,2024
2662.41,1729036740,2662.71,2662.37,2662.59,True,previous,1729036740.0,1729036800,M1,2024
2673.73,1729036800,2685.4,2658.68,2662.49,True,signal,1729036800.0,1729036800,M1,2024
,1729036860,,,,False,next,,1729036800,M1,2024
2662.41,1729036500,2662.87,2662.08,2662.42,True,previous,1729036500.0,1729036800,M5,2024
2673.73,1729036800,2685.4,2658.68,2662.49,True,signal,1729036800.0,1729036800,M5,2024
,1729037100,,,,False,next,,1729036800,M5,2024
2673.73,1729123140,2673.77,2673.52,2673.58,True,previous,1729123140.0,1729123200,M1,2024
2692.75,1729123200,2696.77,2673.13,2673.85,True,signal,1729123200.0,1729123200,M1,2024
,1729123260,,,,False,next,,1729123200,M1,2024
2673.73,1729122900,2673.82,2673.36,2673.45,True,previous,1729122900.0,1729123200,M5,2024
2692.75,1729123200,2696.77,2673.13,2673.85,True,signal,1729123200.0,1729123200,M5,2024
,1729123500,,,,False,next,,1729123200,M5,2024
2692.75,1729209540,2692.77,2692.63,2692.72,True,previous,1729209540.0,1729209600,M1,2024
2721.23,1729209600,2722.51,2692.26,2692.75,True,signal,1729209600.0,1729209600,M1,2024
,1729209660,,,,False,next,,1729209600,M1,2024
2692.75,1729209300,2692.89,2692.37,2692.67,True,previous,1729209300.0,1729209600,M5,2024
2721.23,1729209600,2722.51,2692.26,2692.75,True,signal,1729209600.0,1729209600,M5,2024
,1729209900,,,,False,next,,1729209600,M5,2024
2719.44,1729555140,2719.61,2719.41,2719.45,True,previous,1729555140.0,1729555200,M1,2024
2748.69,1729555200,2748.86,2718.89,2720.23,True,signal,1729555200.0,1729555200,M1,2024
,1729555260,,,,False,next,,1729555200,M1,2024
2719.44,1729554900,2719.8,2718.77,2719.37,True,previous,1729554900.0,1729555200,M5,2024
2748.69,1729555200,2748.86,2718.89,2720.23,True,signal,1729555200.0,1729555200,M5,2024
,1729555500,,,,False,next,,1729555200,M5,2024
2736.03,1729814340,2736.07,2735.77,2735.77,True,previous,1729814340.0,1729814400,M1,2024
2747.21,1729814400,2747.71,2717.06,2735.97,True,signal,1729814400.0,1729814400,M1,2024
,1729814460,,,,False,next,,1729814400,M1,2024
2736.03,1729814100,2736.07,2735.66,2735.81,True,previous,1729814100.0,1729814400,M5,2024
2747.21,1729814400,2747.71,2717.06,2735.97,True,signal,1729814400.0,1729814400,M5,2024
,1729814700,,,,False,next,,1729814400,M5,2024
2742.2,1730159940,2742.24,2742.05,2742.08,True,previous,1730159940.0,1730160000,M1,2024
2774.35,1730160000,2774.77,2739.83,2742.33,True,signal,1730160000.0,1730160000,M1,2024
,1730160060,,,,False,next,,1730160000,M1,2024
2742.2,1730159700,2742.55,2741.99,2742.38,True,previous,1730159700.0,1730160000,M5,2024
2774.35,1730160000,2774.77,2739.83,2742.33,True,signal,1730160000.0,1730160000,M5,2024
,1730160300,,,,False,next,,1730160000,M5,2024
2774.35,1730246340,2774.37,2774.19,2774.28,True,previous,1730246340.0,1730246400,M1,2024
2787.3,1730246400,2790.01,2770.91,2774.45,True,signal,1730246400.0,1730246400,M1,2024
,1730246460,,,,False,next,,1730246400,M1,2024
2774.35,1730246100,2774.55,2773.51,2773.92,True,previous,1730246100.0,1730246400,M5,2024
2787.3,1730246400,2790.01,2770.91,2774.45,True,signal,1730246400.0,1730246400,M5,2024
,1730246700,,,,False,next,,1730246400,M5,2024
2658.99,1730937540,2658.99,2658.88,2658.88,True,previous,1730937540.0,1730937600,M1,2024
2706.03,1730937600,2710.32,2643.23,2658.62,True,signal,1730937600.0,1730937600,M1,2024
,1730937660,,,,False,next,,1730937600,M1,2024
2658.99,1730937300,2659.43,2658.88,2659.31,True,previous,1730937300.0,1730937600,M5,2024
2706.03,1730937600,2710.32,2643.23,2658.62,True,signal,1730937600.0,1730937600,M5,2024
,1730937900,,,,False,next,,1730937600,M5,2024
,1731887940,,,,False,previous,,1731888000,M1,2024
2611.87,1731888000,2615.08,2563.81,2564.27,True,signal,1731888000.0,1731888000,M1,2024
,1731888060,,,,False,next,,1731888000,M1,2024
,1731887700,,,,False,previous,,1731888000,M5,2024
2611.87,1731888000,2615.08,2563.81,2564.27,True,signal,1731888000.0,1731888000,M5,2024
,1731888300,,,,False,next,,1731888000,M5,2024
2611.87,1731974340,2611.97,2611.79,2611.9,True,previous,1731974340.0,1731974400,M1,2024
2632.05,1731974400,2639.44,2610.43,2611.96,True,signal,1731974400.0,1731974400,M1,2024
,1731974460,,,,False,next,,1731974400,M1,2024
2611.87,1731974100,2612.33,2611.5,2612.31,True,previous,1731974100.0,1731974400,M5,2024
2632.05,1731974400,2639.44,2610.43,2611.96,True,signal,1731974400.0,1731974400,M5,2024
,1731974700,,,,False,next,,1731974400,M5,2024
2632.05,1732060740,2632.22,2632.01,2632.17,True,previous,1732060740.0,1732060800,M1,2024
2650.55,1732060800,2655.41,2618.84,2632.16,True,signal,1732060800.0,1732060800,M1,2024
,1732060860,,,,False,next,,1732060800,M1,2024
2632.05,1732060500,2632.69,2632.0,2632.5,True,previous,1732060500.0,1732060800,M5,2024
2650.55,1732060800,2655.41,2618.84,2632.16,True,signal,1732060800.0,1732060800,M5,2024
,1732061100,,,,False,next,,1732060800,M5,2024
2650.55,1732147140,2650.56,2650.28,2650.28,True,previous,1732147140.0,1732147200,M1,2024
2669.53,1732147200,2673.55,2648.82,2650.14,True,signal,1732147200.0,1732147200,M1,2024
,1732147260,,,,False,next,,1732147200,M1,2024
2650.55,1732146900,2650.56,2649.31,2649.31,True,previous,1732146900.0,1732147200,M5,2024
2669.53,1732147200,2673.55,2648.82,2650.14,True,signal,1732147200.0,1732147200,M5,2024
,1732147500,,,,False,next,,1732147200,M5,2024
2669.53,1732233540,2669.58,2669.44,2669.5,True,previous,1732233540.0,1732233600,M1,2024
2716.05,1732233600,2716.3,2668.09,2669.58,True,signal,1732233600.0,1732233600,M1,2024
,1732233660,,,,False,next,,1732233600,M1,2024
2669.53,1732233300,2670.03,2669.44,2669.65,True,previous,1732233300.0,1732233600,M5,2024
2716.05,1732233600,2716.3,2668.09,2669.58,True,signal,1732233600.0,1732233600,M5,2024
,1732233900,,,,False,next,,1732233600,M5,2024
2633.01,1732665540,2633.1,2632.9,2633.01,True,previous,1732665540.0,1732665600,M1,2024
2636.02,1732665600,2658.22,2627.07,2632.8,True,signal,1732665600.0,1732665600,M1,2024
,1732665660,,,,False,next,,1732665600,M1,2024
2633.01,1732665300,2633.1,2632.24,2632.36,True,previous,1732665300.0,1732665600,M5,2024
2636.02,1732665600,2658.22,2627.07,2632.8,True,signal,1732665600.0,1732665600,M5,2024
,1732665900,,,,False,next,,1732665600,M5,2024
,1732838340,,,,False,previous,,1732838400,M1,2024
2650.4,1732838400,2666.28,2634.05,2637.76,True,signal,1732838400.0,1732838400,M1,2024
,1732838460,,,,False,next,,1732838400,M1,2024
,1732838100,,,,False,previous,,1732838400,M5,2024
2650.4,1732838400,2666.28,2634.05,2637.76,True,signal,1732838400.0,1732838400,M5,2024
,1732838700,,,,False,next,,1732838400,M5,2024
,1733702340,,,,False,previous,,1733702400,M1,2024
2660.47,1733702400,2676.4,2627.5,2644.68,True,signal,1733702400.0,1733702400,M1,2024
,1733702460,,,,False,next,,1733702400,M1,2024
,1733702100,,,,False,previous,,1733702400,M5,2024
2660.47,1733702400,2676.4,2627.5,2644.68,True,signal,1733702400.0,1733702400,M5,2024
,1733702700,,,,False,next,,1733702400,M5,2024
2660.47,1733788740,2660.62,2660.44,2660.46,True,previous,1733788740.0,1733788800,M1,2024
2693.91,1733788800,2695.55,2657.92,2660.71,True,signal,1733788800.0,1733788800,M1,2024
,1733788860,,,,False,next,,1733788800,M1,2024
2660.47,1733788500,2660.62,2659.63,2659.76,True,previous,1733788500.0,1733788800,M5,2024
2693.91,1733788800,2695.55,2657.92,2660.71,True,signal,1733788800.0,1733788800,M5,2024
,1733789100,,,,False,next,,1733788800,M5,2024
2693.91,1733875140,2693.94,2693.79,2693.8,True,previous,1733875140.0,1733875200,M1,2024
2718.35,1733875200,2721.23,2675.55,2694.08,True,signal,1733875200.0,1733875200,M1,2024
,1733875260,,,,False,next,,1733875200,M1,2024
2693.91,1733874900,2693.94,2693.52,2693.78,True,previous,1733874900.0,1733875200,M5,2024
2718.35,1733875200,2721.23,2675.55,2694.08,True,signal,1733875200.0,1733875200,M5,2024
,1733875500,,,,False,next,,1733875200,M5,2024
2594.34,1734652740,2594.62,2594.3,2594.44,True,previous,1734652740.0,1734652800,M1,2024
2623.28,1734652800,2631.87,2589.62,2594.27,True,signal,1734652800.0,1734652800,M1,2024
,1734652860,,,,False,next,,1734652800,M1,2024
2594.34,1734652500,2594.62,2593.69,2593.76,True,previous,1734652500.0,1734652800,M5,2024
2623.28,1734652800,2631.87,2589.62,2594.27,True,signal,1734652800.0,1734652800,M5,2024
,1734653100,,,,False,next,,1734652800,M5,2024
,1735171140,,,,False,previous,,1735171200,M1,2024
2633.96,1735171200,2639.13,2615.09,2615.26,True,signal,1735171200.0,1735171200,M1,2024
,1735171260,,,,False,next,,1735171200,M1,2024
,1735170900,,,,False,previous,,1735171200,M5,2024
2633.96,1735171200,2639.13,2615.09,2615.26,True,signal,1735171200.0,1735171200,M5,2024
,1735171500,,,,False,next,,1735171200,M5,2024
2605.95,1735603140,2605.96,2605.75,2605.9,True,previous,1735603140.0,1735603200,M1,2024
2624.19,1735603200,2627.49,2602.63,2605.18,True,signal,1735603200.0,1735603200,M1,2024
,1735603260,,,,False,next,,1735603200,M1,2024
2605.95,1735602900,2606.74,2605.71,2606.38,True,previous,1735602900.0,1735603200,M5,2024
2624.19,1735603200,2627.49,2602.63,2605.18,True,signal,1735603200.0,1735603200,M5,2024
,1735603500,,,,False,next,,1735603200,M5,2024
2636.13,1736207940,2636.24,2635.9,2635.93,True,previous,1736207940.0,1736208000,M1,2025
2648.61,1736208000,2664.23,2632.91,2636.29,True,signal,1736208000.0,1736208000,M1,2025
,1736208060,,,,False,next,,1736208000,M1,2025
2636.13,1736207700,2636.24,2635.63,2635.68,True,previous,1736207700.0,1736208000,M5,2025
2648.61,1736208000,2664.23,2632.91,2636.29,True,signal,1736208000.0,1736208000,M5,2025
,1736208300,,,,False,next,,1736208000,M5,2025
2669.66,1736467140,2669.66,2669.65,2669.65,True,previous,1736467140.0,1736467200,M1,2025
2689.99,1736467200,2697.85,2664.04,2670.94,True,signal,1736467200.0,1736467200,M1,2025
,1736467260,,,,False,next,,1736467200,M1,2025
2669.66,1736466900,2669.66,2669.65,2669.66,True,previous,1736466900.0,1736467200,M5,2025
2689.99,1736467200,2697.85,2664.04,2670.94,True,signal,1736467200.0,1736467200,M5,2025
,1736467500,,,,False,next,,1736467200,M5,2025
2663.02,1736812740,2663.06,2662.83,2663.04,True,previous,1736812740.0,1736812800,M1,2025
2677.48,1736812800,2678.2,2659.85,2663.44,True,signal,1736812800.0,1736812800,M1,2025
,1736812860,,,,False,next,,1736812800,M1,2025
2663.02,1736812500,2664.27,2662.83,2663.62,True,previous,1736812500.0,1736812800,M5,2025
2677.48,1736812800,2678.2,2659.85,2663.44,True,signal,1736812800.0,1736812800,M5,2025
,1736813100,,,,False,next,,1736812800,M5,2025
2677.48,1736899140,2677.58,2677.31,2677.35,True,previous,1736899140.0,1736899200,M1,2025
2696.48,1736899200,2697.32,2669.29,2678.02,True,signal,1736899200.0,1736899200,M1,2025
,1736899260,,,,False,next,,1736899200,M1,2025
2677.48,1736898900,2677.9,2676.93,2677.83,True,previous,1736898900.0,1736899200,M5,2025
2696.48,1736899200,2697.32,2669.29,2678.02,True,signal,1736899200.0,1736899200,M5,2025
,1736899500,,,,False,next,,1736899200,M5,2025
2696.48,1736985540,2696.55,2696.43,2696.47,True,previous,1736985540.0,1736985600,M1,2025
2714.59,1736985600,2724.75,2689.93,2697.0,True,signal,1736985600.0,1736985600,M1,2025
,1736985660,,,,False,next,,1736985600,M1,2025
2696.48,1736985300,2696.92,2696.35,2696.48,True,previous,1736985300.0,1736985600,M5,2025
2714.59,1736985600,2724.75,2689.93,2697.0,True,signal,1736985600.0,1736985600,M5,2025
,1736985900,,,,False,next,,1736985600,M5,2025
,1737417540,,,,False,previous,,1737417600,M1,2025
2744.72,1737417600,2745.93,2702.69,2707.54,True,signal,1737417600.0,1737417600,M1,2025
,1737417660,,,,False,next,,1737417600,M1,2025
,1737417300,,,,False,previous,,1737417600,M5,2025
2744.72,1737417600,2745.93,2702.69,2707.54,True,signal,1737417600.0,1737417600,M5,2025
,1737417900,,,,False,next,,1737417600,M5,2025
2744.72,1737503940,2744.91,2744.63,2744.82,True,previous,1737503940.0,1737504000,M1,2025
2756.3,1737504000,2763.38,2741.91,2744.86,True,signal,1737504000.0,1737504000,M1,2025
,1737504060,,,,False,next,,1737504000,M1,2025
2744.72,1737503700,2745.22,2744.39,2745.11,True,previous,1737503700.0,1737504000,M5,2025
2756.3,1737504000,2763.38,2741.91,2744.86,True,signal,1737504000.0,1737504000,M5,2025
,1737504300,,,,False,next,,1737504000,M5,2025
2754.72,1737676740,2754.83,2754.6,2754.6,True,previous,1737676740.0,1737676800,M1,2025
2771.05,1737676800,2785.99,2753.66,2754.37,True,signal,1737676800.0,1737676800,M1,2025
,1737676860,,,,False,next,,1737676800,M1,2025
2754.72,1737676500,2754.83,2754.24,2754.52,True,previous,1737676500.0,1737676800,M5,2025
2771.05,1737676800,2785.99,2753.66,2754.37,True,signal,1737676800.0,1737676800,M5,2025
,1737677100,,,,False,next,,1737676800,M5,2025
2740.71,1738022340,2740.96,2740.65,2740.66,True,previous,1738022340.0,1738022400,M1,2025
2763.48,1738022400,2764.99,2734.79,2740.27,True,signal,1738022400.0,1738022400,M1,2025
,1738022460,,,,False,next,,1738022400,M1,2025
2740.71,1738022100,2741.16,2740.35,2741.02,True,previous,1738022100.0,1738022400,M5,2025
2763.48,1738022400,2764.99,2734.79,2740.27,True,signal,1738022400.0,1738022400,M5,2025
,1738022700,,,,False,next,,1738022400,M5,2025
2759.6,1738195140,2759.85,2759.59,2759.8,True,previous,1738195140.0,1738195200,M1,2025
2794.79,1738195200,2798.54,2758.23,2759.43,True,signal,1738195200.0,1738195200,M1,2025
,1738195260,,,,False,next,,1738195200,M1,2025
2759.6,1738194900,2759.87,2759.06,2759.37,True,previous,1738194900.0,1738195200,M5,2025
2794.79,1738195200,2798.54,2758.23,2759.43,True,signal,1738195200.0,1738195200,M5,2025
,1738195500,,,,False,next,,1738195200,M5,2025
2814.81,1738627140,2814.94,2814.37,2814.69,True,previous,1738627140.0,1738627200,M1,2025
2842.12,1738627200,2845.46,2807.22,2814.27,True,signal,1738627200.0,1738627200,M1,2025
,1738627260,,,,False,next,,1738627200,M1,2025
2814.81,1738626900,2814.98,2812.84,2813.54,True,previous,1738626900.0,1738627200,M5,2025
2842.12,1738627200,2845.46,2807.22,2814.27,True,signal,1738627200.0,1738627200,M5,2025
,1738627500,,,,False,next,,1738627200,M5,2025
2842.12,1738713540,2842.16,2841.95,2841.98,True,previous,1738713540.0,1738713600,M1,2025
2867.07,1738713600,2882.31,2839.74,2841.87,True,signal,1738713600.0,1738713600,M1,2025
,1738713660,,,,False,next,,1738713600,M1,2025
2842.12,1738713300,2842.3,2841.76,2842.1,True,previous,1738713300.0,1738713600,M5,2025
2867.07,1738713600,2882.31,2839.74,2841.87,True,signal,1738713600.0,1738713600,M5,2025
,1738713900,,,,False,next,,1738713600,M5,2025
,1739145540,,,,False,previous,,1739145600,M1,2025
2908.07,1739145600,2911.93,2854.16,2857.78,True,signal,1739145600.0,1739145600,M1,2025
,1739145660,,,,False,next,,1739145600,M1,2025
,1739145300,,,,False,previous,,1739145600,M5,2025
2908.07,1739145600,2911.93,2854.16,2857.78,True,signal,1739145600.0,1739145600,M5,2025
,1739145900,,,,False,next,,1739145600,M5,2025
2903.93,1739404740,2904.2,2903.89,2904.11,True,previous,1739404740.0,1739404800,M1,2025
2928.21,1739404800,2929.53,2900.47,2904.13,True,signal,1739404800.0,1739404800,M1,2025
,1739404860,,,,False,next,,1739404800,M1,2025
2903.93,1739404500,2904.24,2903.53,2903.96,True,previous,1739404500.0,1739404800,M5,2025
2928.21,1739404800,2929.53,2900.47,2904.13,True,signal,1739404800.0,1739404800,M5,2025
,1739405100,,,,False,next,,1739404800,M5,2025
,1739836740,,,,False,previous,,1739836800,M1,2025
2935.05,1739836800,2936.84,2891.94,2898.53,True,signal,1739836800.0,1739836800,M1,2025
,1739836860,,,,False,next,,1739836800,M1,2025
,1739836500,,,,False,previous,,1739836800,M5,2025
2935.05,1739836800,2936.84,2891.94,2898.53,True,signal,1739836800.0,1739836800,M5,2025
,1739837100,,,,False,next,,1739836800,M5,2025
,1740355140,,,,False,previous,,1740355200,M1,2025
2952.61,1740355200,2956.2,2921.35,2934.95,True,signal,1740355200.0,1740355200,M1,2025
,1740355260,,,,False,next,,1740355200,M1,2025
,1740354900,,,,False,previous,,1740355200,M5,2025
2952.61,1740355200,2956.2,2921.35,2934.95,True,signal,1740355200.0,1740355200,M5,2025
,1740355500,,,,False,next,,1740355200,M5,2025
,1740959940,,,,False,previous,,1740960000,M1,2025
2892.91,1740960000,2895.24,2855.64,2856.18,True,signal,1740960000.0,1740960000,M1,2025
,1740960060,,,,False,next,,1740960000,M1,2025
,1740959700,,,,False,previous,,1740960000,M5,2025
2892.91,1740960000,2895.24,2855.64,2856.18,True,signal,1740960000.0,1740960000,M5,2025
,1740960300,,,,False,next,,1740960000,M5,2025
2892.91,1741046340,2893.21,2892.84,2893.06,True,previous,1741046340.0,1741046400,M1,2025
2918.14,1741046400,2927.81,2881.86,2892.85,True,signal,1741046400.0,1741046400,M1,2025
,1741046460,,,,False,next,,1741046400,M1,2025
2892.91,1741046100,2893.78,2892.84,2893.28,True,previous,1741046100.0,1741046400,M5,2025
2918.14,1741046400,2927.81,2881.86,2892.85,True,signal,1741046400.0,1741046400,M5,2025
,1741046700,,,,False,next,,1741046400,M5,2025
2889.29,1741651140,2889.29,2889.29,2889.29,True,previous,1741651140.0,1741651200,M1,2025
2915.52,1741651200,2922.09,2880.3,2888.97,True,signal,1741651200.0,1741651200,M1,2025
,1741651260,,,,False,next,,1741651200,M1,2025
2889.29,1741650900,2889.49,2887.77,2887.94,True,previous,1741650900.0,1741651200,M5,2025
2915.52,1741651200,2922.09,2880.3,2888.97,True,signal,1741651200.0,1741651200,M5,2025
,1741651500,,,,False,next,,1741651200,M5,2025
,1741737540,,,,False,previous,,1741737600,M1,2025
2933.36,1741737600,2940.54,2906.09,2915.86,True,signal,1741737600.0,1741737600,M1,2025
,1741737660,,,,False,next,,1741737600,M1,2025
2915.52,1741737300,2916.26,2915.42,2915.47,True,previous,1741737300.0,1741737600,M5,2025
2933.36,1741737600,2940.54,2906.09,2915.86,True,signal,1741737600.0,1741737600,M5,2025
,1741737900,,,,False,next,,1741737600,M5,2025
,1741823940,,,,False,previous,,1741824000,M1,2025
2988.91,1741824000,2989.26,2932.89,2934.26,True,signal,1741824000.0,1741824000,M1,2025
,1741824060,,,,False,next,,1741824000,M1,2025
2933.36,1741823700,2933.87,2933.02,2933.28,True,previous,1741823700.0,1741824000,M5,2025
2988.91,1741824000,2989.26,2932.89,2934.26,True,signal,1741824000.0,1741824000,M5,2025
,1741824300,,,,False,next,,1741824000,M5,2025
,1742169540,,,,False,previous,,1742169600,M1,2025
3000.9,1742169600,3001.84,2982.25,2985.02,True,signal,1742169600.0,1742169600,M1,2025
,1742169660,,,,False,next,,1742169600,M1,2025
,1742169300,,,,False,previous,,1742169600,M5,2025
3000.9,1742169600,3001.84,2982.25,2985.02,True,signal,1742169600.0,1742169600,M5,2025
,1742169900,,,,False,next,,1742169600,M5,2025
3000.9,1742255940,3000.94,3000.83,3000.83,True,previous,1742255940.0,1742256000,M1,2025
3034.0,1742256000,3038.3,2999.34,3000.94,True,signal,1742256000.0,1742256000,M1,2025
,1742256060,,,,False,next,,1742256000,M1,2025
3000.9,1742255700,3001.54,3000.8,3001.1,True,previous,1742255700.0,1742256000,M5,2025
3034.0,1742256000,3038.3,2999.34,3000.94,True,signal,1742256000.0,1742256000,M5,2025
,1742256300,,,,False,next,,1742256000,M5,2025
3034.0,1742342340,3034.03,3034.0,3034.03,True,previous,1742342340.0,1742342400,M1,2025
3047.17,1742342400,3052.1,3022.8,3034.07,True,signal,1742342400.0,1742342400,M1,2025
,1742342460,,,,False,next,,1742342400,M1,2025
3034.0,1742342100,3034.69,3033.91,3034.68,True,previous,1742342100.0,1742342400,M5,2025
3047.17,1742342400,3052.1,3022.8,3034.07,True,signal,1742342400.0,1742342400,M5,2025
,1742342700,,,,False,next,,1742342400,M5,2025
,1743033540,,,,False,previous,,1743033600,M1,2025
3056.65,1743033600,3059.88,3017.61,3019.36,True,signal,1743033600.0,1743033600,M1,2025
,1743033660,,,,False,next,,1743033600,M1,2025
3019.19,1743033300,3019.77,3018.69,3019.54,True,previous,1743033300.0,1743033600,M5,2025
3056.65,1743033600,3059.88,3017.61,3019.36,True,signal,1743033600.0,1743033600,M5,2025
,1743033900,,,,False,next,,1743033600,M5,2025
3056.65,1743119940,3056.65,3056.65,3056.65,True,previous,1743119940.0,1743120000,M1,2025
3085.2,1743120000,3086.8,3054.2,3056.49,True,signal,1743120000.0,1743120000,M1,2025
,1743120060,,,,False,next,,1743120000,M1,2025
3056.65,1743119700,3056.86,3056.34,3056.69,True,previous,1743119700.0,1743120000,M5,2025
3085.2,1743120000,3086.8,3054.2,3056.49,True,signal,1743120000.0,1743120000,M5,2025
,1743120300,,,,False,next,,1743120000,M5,2025
,1743379140,,,,False,previous,,1743379200,M1,2025
3123.95,1743379200,3127.97,3076.7,3086.25,True,signal,1743379200.0,1743379200,M1,2025
,1743379260,,,,False,next,,1743379200,M1,2025
,1743378900,,,,False,previous,,1743379200,M5,2025
3123.95,1743379200,3127.97,3076.7,3086.25,True,signal,1743379200.0,1743379200,M5,2025
,1743379500,,,,False,next,,1743379200,M5,2025
,1744156740,,,,False,previous,,1744156800,M1,2025
3082.93,1744156800,3099.51,2969.91,2983.43,True,signal,1744156800.0,1744156800,M1,2025
,1744156860,,,,False,next,,1744156800,M1,2025
2982.04,1744156500,2983.02,2981.9,2982.57,True,previous,1744156500.0,1744156800,M5,2025
3082.93,1744156800,3099.51,2969.91,2983.43,True,signal,1744156800.0,1744156800,M5,2025
,1744157100,,,,False,next,,1744156800,M5,2025
,1744243140,,,,False,previous,,1744243200,M1,2025
3175.43,1744243200,3176.35,3071.43,3083.93,True,signal,1744243200.0,1744243200,M1,2025
,1744243260,,,,False,next,,1744243200,M1,2025
3082.93,1744242900,3083.21,3079.64,3080.06,True,previous,1744242900.0,1744243200,M5,2025
3175.43,1744243200,3176.35,3071.43,3083.93,True,signal,1744243200.0,1744243200,M5,2025
,1744243500,,,,False,next,,1744243200,M5,2025
,1744329540,,,,False,previous,,1744329600,M1,2025
3237.9,1744329600,3245.37,3175.55,3175.73,True,signal,1744329600.0,1744329600,M1,2025
,1744329660,,,,False,next,,1744329600,M1,2025
3175.43,1744329300,3176.02,3174.42,3174.84,True,previous,1744329300.0,1744329600,M5,2025
3237.9,1744329600,3245.37,3175.55,3175.73,True,signal,1744329600.0,1744329600,M5,2025
,1744329900,,,,False,next,,1744329600,M5,2025
,1744675140,,,,False,previous,,1744675200,M1,2025
3229.43,1744675200,3233.57,3210.01,3211.19,True,signal,1744675200.0,1744675200,M1,2025
,1744675260,,,,False,next,,1744675200,M1,2025
3210.59,1744674900,3211.18,3210.27,3211.06,True,previous,1744674900.0,1744675200,M5,2025
3229.43,1744675200,3233.57,3210.01,3211.19,True,signal,1744675200.0,1744675200,M5,2025
,1744675500,,,,False,next,,1744675200,M5,2025
,1744761540,,,,False,previous,,1744761600,M1,2025
3343.01,1744761600,3343.14,3229.9,3230.41,True,signal,1744761600.0,1744761600,M1,2025
,1744761660,,,,False,next,,1744761600,M1,2025
3229.43,1744761300,3230.54,3229.29,3230.36,True,previous,1744761300.0,1744761600,M5,2025
3343.01,1744761600,3343.14,3229.9,3230.41,True,signal,1744761600.0,1744761600,M5,2025
,1744761900,,,,False,next,,1744761600,M5,2025
,1745193540,,,,False,previous,,1745193600,M1,2025
3424.17,1745193600,3430.48,3328.9,3332.66,True,signal,1745193600.0,1745193600,M1,2025
,1745193660,,,,False,next,,1745193600,M1,2025
,1745193300,,,,False,previous,,1745193600,M5,2025
3424.17,1745193600,3430.48,3328.9,3332.66,True,signal,1745193600.0,1745193600,M5,2025
,1745193900,,,,False,next,,1745193600,M5,2025
,1745452740,,,,False,previous,,1745452800,M1,2025
3348.43,1745452800,3367.61,3288.52,3288.59,True,signal,1745452800.0,1745452800,M1,2025
,1745452860,,,,False,next,,1745452800,M1,2025
3288.26,1745452500,3289.73,3287.97,3289.35,True,previous,1745452500.0,1745452800,M5,2025
3348.43,1745452800,3367.61,3288.52,3288.59,True,signal,1745452800.0,1745452800,M5,2025
,1745453100,,,,False,next,,1745452800,M5,2025
,1745798340,,,,False,previous,,1745798400,M1,2025
3344.14,1745798400,3352.97,3267.91,3324.82,True,signal,1745798400.0,1745798400,M1,2025
,1745798460,,,,False,next,,1745798400,M1,2025
,1745798100,,,,False,previous,,1745798400,M5,2025
3344.14,1745798400,3352.97,3267.91,3324.82,True,signal,1745798400.0,1745798400,M5,2025
,1745798700,,,,False,next,,1745798400,M5,2025
,1746143940,,,,False,previous,,1746144000,M1,2025
3240.93,1746144000,3269.25,3222.85,3239.32,True,signal,1746144000.0,1746144000,M1,2025
,1746144060,,,,False,next,,1746144000,M1,2025
3237.84,1746143700,3238.39,3235.49,3235.55,True,previous,1746143700.0,1746144000,M5,2025
3240.93,1746144000,3269.25,3222.85,3239.32,True,signal,1746144000.0,1746144000,M5,2025
,1746144300,,,,False,next,,1746144000,M5,2025
,1746403140,,,,False,previous,,1746403200,M1,2025
3333.71,1746403200,3337.57,3237.63,3240.02,True,signal,1746403200.0,1746403200,M1,2025
,1746403260,,,,False,next,,1746403200,M1,2025
,1746402900,,,,False,previous,,1746403200,M5,2025
3333.71,1746403200,3337.57,3237.63,3240.02,True,signal,1746403200.0,1746403200,M5,2025
,1746403500,,,,False,next,,1746403200,M5,2025
,1746489540,,,,False,previous,,1746489600,M1,2025
3430.51,1746489600,3434.92,3323.38,3335.57,True,signal,1746489600.0,1746489600,M1,2025
,1746489660,,,,False,next,,1746489600,M1,2025
3333.71,1746489300,3334.63,3332.9,3333.26,True,previous,1746489300.0,1746489600,M5,2025
3430.51,1746489600,3434.92,3323.38,3335.57,True,signal,1746489600.0,1746489600,M5,2025
,1746489900,,,,False,next,,1746489600,M5,2025
,1747094340,,,,False,previous,,1747094400,M1,2025
3250.12,1747094400,3265.64,3215.86,3236.56,True,signal,1747094400.0,1747094400,M1,2025
,1747094460,,,,False,next,,1747094400,M1,2025
3234.9,1747094100,3235.06,3234.14,3234.14,True,previous,1747094100.0,1747094400,M5,2025
3250.12,1747094400,3265.64,3215.86,3236.56,True,signal,1747094400.0,1747094400,M5,2025
,1747094700,,,,False,next,,1747094400,M5,2025
,1747267140,,,,False,previous,,1747267200,M1,2025
3239.97,1747267200,3240.62,3120.66,3177.61,True,signal,1747267200.0,1747267200,M1,2025
,1747267260,,,,False,next,,1747267200,M1,2025
3177.43,1747266900,3179.59,3176.97,3179.4,True,previous,1747266900.0,1747267200,M5,2025
3239.97,1747267200,3240.62,3120.66,3177.61,True,signal,1747267200.0,1747267200,M5,2025
,1747267500,,,,False,next,,1747267200,M5,2025
,1747612740,,,,False,previous,,1747612800,M1,2025
3229.75,1747612800,3249.78,3206.29,3217.22,True,signal,1747612800.0,1747612800,M1,2025
,1747612860,,,,False,next,,1747612800,M1,2025
,1747612500,,,,False,previous,,1747612800,M5,2025
3229.75,1747612800,3249.78,3206.29,3217.22,True,signal,1747612800.0,1747612800,M5,2025
,1747613100,,,,False,next,,1747612800,M5,2025
3229.75,1747699140,3230.32,3229.55,3230.32,True,previous,1747699140.0,1747699200,M1,2025
3289.99,1747699200,3295.74,3204.62,3230.36,True,signal,1747699200.0,1747699200,M1,2025
,1747699260,,,,False,next,,1747699200,M1,2025
3229.75,1747698900,3230.95,3229.55,3230.69,True,previous,1747698900.0,1747699200,M5,2025
3289.99,1747699200,3295.74,3204.62,3230.36,True,signal,1747699200.0,1747699200,M5,2025
,1747699500,,,,False,next,,1747699200,M5,2025
3289.99,1747785540,3289.99,3289.73,3289.89,True,previous,1747785540.0,1747785600,M1,2025
3315.1,1747785600,3324.83,3285.33,3290.21,True,signal,1747785600.0,1747785600,M1,2025
,1747785660,,,,False,next,,1747785600,M1,2025
3289.99,1747785300,3290.51,3289.57,3290.3,True,previous,1747785300.0,1747785600,M5,2025
3315.1,1747785600,3324.83,3285.33,3290.21,True,signal,1747785600.0,1747785600,M5,2025
,1747785900,,,,False,next,,1747785600,M5,2025
3295.14,1747958340,3295.27,3294.72,3294.72,True,previous,1747958340.0,1747958400,M1,2025
3357.7,1747958400,3365.97,3286.95,3294.97,True,signal,1747958400.0,1747958400,M1,2025
,1747958460,,,,False,next,,1747958400,M1,2025
3295.14,1747958100,3295.43,3294.4,3295.37,True,previous,1747958100.0,1747958400,M5,2025
3357.7,1747958400,3365.97,3286.95,3294.97,True,signal,1747958400.0,1747958400,M5,2025
,1747958700,,,,False,next,,1747958400,M5,2025
3287.6,1748476740,3288.66,3287.57,3288.6,True,previous,1748476740.0,1748476800,M1,2025
3317.47,1748476800,3331.11,3245.51,3287.15,True,signal,1748476800.0,1748476800,M1,2025
,1748476860,,,,False,next,,1748476800,M1,2025
3287.6,1748476500,3288.82,3284.12,3287.33,True,previous,1748476500.0,1748476800,M5,2025
3317.47,1748476800,3331.11,3245.51,3287.15,True,signal,1748476800.0,1748476800,M5,2025
,1748477100,,,,False,next,,1748476800,M5,2025
,1748822340,,,,False,previous,,1748822400,M1,2025
3381.61,1748822400,3382.89,3295.7,3299.0,True,signal,1748822400.0,1748822400,M1,2025
,1748822460,,,,False,next,,1748822400,M1,2025
,1748822100,,,,False,previous,,1748822400,M5,2025
3381.61,1748822400,3382.89,3295.7,3299.0,True,signal,1748822400.0,1748822400,M5,2025
,1748822700,,,,False,next,,1748822400,M5,2025
3353.16,1748995140,3353.39,3353.11,3353.37,True,previous,1748995140.0,1748995200,M1,2025
3372.13,1748995200,3384.72,3343.74,3354.09,True,signal,1748995200.0,1748995200,M1,2025
,1748995260,,,,False,next,,1748995200,M1,2025
3353.16,1748994900,3354.22,3353.11,3354.12,True,previous,1748994900.0,1748995200,M5,2025
3372.13,1748995200,3384.72,3343.74,3354.09,True,signal,1748995200.0,1748995200,M5,2025
,1748995500,,,,False,next,,1748995200,M5,2025
3322.97,1749599940,3323.08,3322.4,3322.45,True,previous,1749599940.0,1749600000,M1,2025
3355.12,1749600000,3360.72,3315.54,3322.75,True,signal,1749600000.0,1749600000,M1,2025
,1749600060,,,,False,next,,1749600000,M1,2025
3322.97,1749599700,3323.42,3322.4,3322.68,True,previous,1749599700.0,1749600000,M5,2025
3355.12,1749600000,3360.72,3315.54,3322.75,True,signal,1749600000.0,1749600000,M5,2025
,1749600300,,,,False,next,,1749600000,M5,2025
3355.12,1749686340,3355.21,3354.83,3354.9,True,previous,1749686340.0,1749686400,M1,2025
3386.24,1749686400,3398.92,3338.66,3356.53,True,signal,1749686400.0,1749686400,M1,2025
,1749686460,,,,False,next,,1749686400,M1,2025
3355.12,1749686100,3355.54,3353.05,3353.37,True,previous,1749686100.0,1749686400,M5,2025
3386.24,1749686400,3398.92,3338.66,3356.53,True,signal,1749686400.0,1749686400,M5,2025
,1749686700,,,,False,next,,1749686400,M5,2025
3386.24,1749772740,3386.78,3386.21,3386.67,True,previous,1749772740.0,1749772800,M1,2025
3433.08,1749772800,3446.79,3379.57,3386.16,True,signal,1749772800.0,1749772800,M1,2025
,1749772860,,,,False,next,,1749772800,M1,2025
3386.24,1749772500,3386.79,3385.79,3386.73,True,previous,1749772500.0,1749772800,M5,2025
3433.08,1749772800,3446.79,3379.57,3386.16,True,signal,1749772800.0,1749772800,M5,2025
,1749773100,,,,False,next,,1749772800,M5,2025
3323.36,1750809540,3323.36,3322.97,3322.97,True,previous,1750809540.0,1750809600,M1,2025
3332.04,1750809600,3337.14,3311.93,3324.16,True,signal,1750809600.0,1750809600,M1,2025
,1750809660,,,,False,next,,1750809600,M1,2025
3323.36,1750809300,3323.48,3322.48,3322.76,True,previous,1750809300.0,1750809600,M5,2025
3332.04,1750809600,3337.14,3311.93,3324.16,True,signal,1750809600.0,1750809600,M5,2025
,1750809900,,,,False,next,,1750809600,M5,2025
,1751241540,,,,False,previous,,1751241600,M1,2025
3302.72,1751241600,3309.46,3249.15,3273.17,True,signal,1751241600.0,1751241600,M1,2025
,1751241660,,,,False,next,,1751241600,M1,2025
,1751241300,,,,False,previous,,1751241600,M5,2025
3302.72,1751241600,3309.46,3249.15,3273.17,True,signal,1751241600.0,1751241600,M5,2025
,1751241900,,,,False,next,,1751241600,M5,2025
3302.72,1751327940,3303.09,3302.72,3302.82,True,previous,1751327940.0,1751328000,M1,2025
3338.38,1751328000,3357.98,3302.36,3303.47,True,signal,1751328000.0,1751328000,M1,2025
,1751328060,,,,False,next,,1751328000,M1,2025
3302.72,1751327700,3303.41,3302.65,3303.06,True,previous,1751327700.0,1751328000,M5,2025
3338.38,1751328000,3357.98,3302.36,3303.47,True,signal,1751328000.0,1751328000,M5,2025
,1751328300,,,,False,next,,1751328000,M5,2025
3338.38,1751414340,3338.79,3338.31,3338.79,True,previous,1751414340.0,1751414400,M1,2025
3357.52,1751414400,3360.1,3327.54,3338.95,True,signal,1751414400.0,1751414400,M1,2025
,1751414460,,,,False,next,,1751414400,M1,2025
3338.38,1751414100,3339.28,3338.31,3339.13,True,previous,1751414100.0,1751414400,M5,2025
3357.52,1751414400,3360.1,3327.54,3338.95,True,signal,1751414400.0,1751414400,M5,2025
,1751414700,,,,False,next,,1751414400,M5,2025
3313.51,1752105540,3313.82,3313.51,3313.58,True,previous,1752105540.0,1752105600,M1,2025
3323.87,1752105600,3330.27,3310.03,3314.0,True,signal,1752105600.0,1752105600,M1,2025
,1752105660,,,,False,next,,1752105600,M1,2025
3313.51,1752105300,3314.32,3313.24,3313.92,True,previous,1752105300.0,1752105600,M5,2025
3323.87,1752105600,3330.27,3310.03,3314.0,True,signal,1752105600.0,1752105600,M5,2025
,1752105900,,,,False,next,,1752105600,M5,2025
3323.87,1752191940,3324.1,3323.87,3323.9,True,previous,1752191940.0,1752192000,M1,2025
3355.5,1752192000,3368.7,3321.87,3324.47,True,signal,1752192000.0,1752192000,M1,2025
,1752192060,,,,False,next,,1752192000,M1,2025
3323.87,1752191700,3324.47,3323.82,3323.87,True,previous,1752191700.0,1752192000,M5,2025
3355.5,1752192000,3368.7,3321.87,3324.47,True,signal,1752192000.0,1752192000,M5,2025
,1752192300,,,,False,next,,1752192000,M5,2025
3338.92,1752796740,3339.0,3338.82,3338.92,True,previous,1752796740.0,1752796800,M1,2025
3349.99,1752796800,3361.25,3331.83,3340.47,True,signal,1752796800.0,1752796800,M1,2025
,1752796860,,,,False,next,,1752796800,M1,2025
3338.92,1752796500,3339.13,3337.91,3338.01,True,previous,1752796500.0,1752796800,M5,2025
3349.99,1752796800,3361.25,3331.83,3340.47,True,signal,1752796800.0,1752796800,M5,2025
,1752797100,,,,False,next,,1752796800,M5,2025
,1753055940,,,,False,previous,,1753056000,M1,2025
3396.65,1753056000,3401.51,3345.02,3349.66,True,signal,1753056000.0,1753056000,M1,2025
,1753056060,,,,False,next,,1753056000,M1,2025
,1753055700,,,,False,previous,,1753056000,M5,2025
3396.65,1753056000,3401.51,3345.02,3349.66,True,signal,1753056000.0,1753056000,M5,2025
,1753056300,,,,False,next,,1753056000,M5,2025
3396.65,1753142340,3397.03,3396.64,3396.98,True,previous,1753142340.0,1753142400,M1,2025
3431.49,1753142400,3433.44,3383.34,3397.4,True,signal,1753142400.0,1753142400,M1,2025
,1753142460,,,,False,next,,1753142400,M1,2025
3396.65,1753142100,3397.61,3396.64,3397.4,True,previous,1753142100.0,1753142400,M5,2025
3431.49,1753142400,3433.44,3383.34,3397.4,True,signal,1753142400.0,1753142400,M5,2025
,1753142700,,,,False,next,,1753142400,M5,2025
3289.86,1754006340,3290.03,3289.84,3290.01,True,previous,1754006340.0,1754006400,M1,2025
3362.85,1754006400,3363.44,3281.63,3290.54,True,signal,1754006400.0,1754006400,M1,2025
,1754006460,,,,False,next,,1754006400,M1,2025
3289.86,1754006100,3290.78,3289.84,3290.78,True,previous,1754006100.0,1754006400,M5,2025
3362.85,1754006400,3363.44,3281.63,3290.54,True,signal,1754006400.0,1754006400,M5,2025
,1754006700,,,,False,next,,1754006400,M5,2025
,1754265540,,,,False,previous,,1754265600,M1,2025
3373.82,1754265600,3385.43,3345.0,3365.62,True,signal,1754265600.0,1754265600,M1,2025
,1754265660,,,,False,next,,1754265600,M1,2025
,1754265300,,,,False,previous,,1754265600,M5,2025
3373.82,1754265600,3385.43,3345.0,3365.62,True,signal,1754265600.0,1754265600,M5,2025
,1754265900,,,,False,next,,1754265600,M5,2025
3369.26,1754524740,3369.47,3369.22,3369.3,True,previous,1754524740.0,1754524800,M1,2025
3396.47,1754524800,3401.97,3365.26,3369.8,True,signal,1754524800.0,1754524800,M1,2025
,1754524860,,,,False,next,,1754524800,M1,2025
3369.26,1754524500,3369.47,3368.32,3368.56,True,previous,1754524500.0,1754524800,M5,2025
3396.47,1754524800,3401.97,3365.26,3369.8,True,signal,1754524800.0,1754524800,M5,2025
,1754525100,,,,False,next,,1754524800,M5,2025
3315.75,1755647940,3315.75,3315.58,3315.62,True,previous,1755647940.0,1755648000,M1,2025
3348.35,1755648000,3350.24,3311.5,3316.16,True,signal,1755648000.0,1755648000,M1,2025
,1755648060,,,,False,next,,1755648000,M1,2025
3315.75,1755647700,3316.14,3315.09,3315.62,True,previous,1755647700.0,1755648000,M5,2025
3348.35,1755648000,3350.24,3311.5,3316.16,True,signal,1755648000.0,1755648000,M5,2025
,1755648300,,,,False,next,,1755648000,M5,2025
3338.65,1755820740,3338.69,3338.57,3338.57,True,previous,1755820740.0,1755820800,M1,2025
3371.88,1755820800,3378.81,3321.45,3339.33,True,signal,1755820800.0,1755820800,M1,2025
,1755820860,,,,False,next,,1755820800,M1,2025
3338.65,1755820500,3338.71,3338.07,3338.42,True,previous,1755820500.0,1755820800,M5,2025
3371.88,1755820800,3378.81,3321.45,3339.33,True,signal,1755820800.0,1755820800,M5,2025
,1755821100,,,,False,next,,1755820800,M5,2025
3365.82,1756166340,3365.93,3365.56,3365.62,True,previous,1756166340.0,1756166400,M1,2025
3393.47,1756166400,3393.63,3351.32,3365.9,True,signal,1756166400.0,1756166400,M1,2025
,1756166460,,,,False,next,,1756166400,M1,2025
3365.82,1756166100,3365.93,3365.43,3365.78,True,previous,1756166100.0,1756166400,M5,2025
3393.47,1756166400,3393.63,3351.32,3365.9,True,signal,1756166400.0,1756166400,M5,2025
,1756166700,,,,False,next,,1756166400,M5,2025
3393.47,1756252740,3393.62,3393.44,3393.56,True,previous,1756252740.0,1756252800,M1,2025
3397.31,1756252800,3398.87,3373.74,3393.81,True,signal,1756252800.0,1756252800,M1,2025
,1756252860,,,,False,next,,1756252800,M1,2025
3393.47,1756252500,3393.63,3392.93,3393.0,True,previous,1756252500.0,1756252800,M5,2025
3397.31,1756252800,3398.87,3373.74,3393.81,True,signal,1756252800.0,1756252800,M5,2025
,1756253100,,,,False,next,,1756252800,M5,2025
3397.31,1756339140,3397.59,3397.19,3397.42,True,previous,1756339140.0,1756339200,M1,2025
3416.66,1756339200,3423.09,3384.56,3397.55,True,signal,1756339200.0,1756339200,M1,2025
,1756339260,,,,False,next,,1756339200,M1,2025
3397.31,1756338900,3398.16,3396.97,3397.34,True,previous,1756338900.0,1756339200,M5,2025
3416.66,1756339200,3423.09,3384.56,3397.55,True,signal,1756339200.0,1756339200,M5,2025
,1756339500,,,,False,next,,1756339200,M5,2025
3416.66,1756425540,3417.02,3416.5,3417.02,True,previous,1756425540.0,1756425600,M1,2025
3447.94,1756425600,3453.85,3404.31,3417.38,True,signal,1756425600.0,1756425600,M1,2025
,1756425660,,,,False,next,,1756425600,M1,2025
3416.66,1756425300,3417.3,3416.5,3417.28,True,previous,1756425300.0,1756425600,M5,2025
3447.94,1756425600,3453.85,3404.31,3417.38,True,signal,1756425600.0,1756425600,M5,2025
,1756425900,,,,False,next,,1756425600,M5,2025
,1756684740,,,,False,previous,,1756684800,M1,2025
3476.35,1756684800,3489.9,3437.09,3446.85,True,signal,1756684800.0,1756684800,M1,2025
,1756684860,,,,False,next,,1756684800,M1,2025
,1756684500,,,,False,previous,,1756684800,M5,2025
3476.35,1756684800,3489.9,3437.09,3446.85,True,signal,1756684800.0,1756684800,M5,2025
,1756685100,,,,False,next,,1756684800,M5,2025
,1756771140,,,,False,previous,,1756771200,M1,2025
3533.35,1756771200,3540.04,3470.19,3477.53,True,signal,1756771200.0,1756771200,M1,2025
,1756771260,,,,False,next,,1756771200,M1,2025
,1756770900,,,,False,previous,,1756771200,M5,2025
3533.35,1756771200,3540.04,3470.19,3477.53,True,signal,1756771200.0,1756771200,M5,2025
,1756771500,,,,False,next,,1756771200,M5,2025
3533.35,1756857540,3533.62,3533.22,3533.62,True,previous,1756857540.0,1756857600,M1,2025
3559.46,1756857600,3578.41,3526.33,3533.31,True,signal,1756857600.0,1756857600,M1,2025
,1756857660,,,,False,next,,1756857600,M1,2025
3533.35,1756857300,3534.82,3533.22,3534.38,True,previous,1756857300.0,1756857600,M5,2025
3559.46,1756857600,3578.41,3526.33,3533.31,True,signal,1756857600.0,1756857600,M5,2025
,1756857900,,,,False,next,,1756857600,M5,2025
3545.77,1757030340,3545.94,3545.65,3545.72,True,previous,1757030340.0,1757030400,M1,2025
3586.62,1757030400,3600.17,3540.05,3546.65,True,signal,1757030400.0,1757030400,M1,2025
,1757030460,,,,False,next,,1757030400,M1,2025
3545.77,1757030100,3545.94,3544.37,3545.35,True,previous,1757030100.0,1757030400,M5,2025
3586.62,1757030400,3600.17,3540.05,3546.65,True,signal,1757030400.0,1757030400,M5,2025
,1757030700,,,,False,next,,1757030400,M5,2025
,1757289540,,,,False,previous,,1757289600,M1,2025
3636.35,1757289600,3646.41,3577.69,3580.01,True,signal,1757289600.0,1757289600,M1,2025
,1757289660,,,,False,next,,1757289600,M1,2025
,1757289300,,,,False,previous,,1757289600,M5,2025
3636.35,1757289600,3646.41,3577.69,3580.01,True,signal,1757289600.0,1757289600,M5,2025
,1757289900,,,,False,next,,1757289600,M5,2025
3634.06,1757635140,3634.14,3633.89,3633.93,True,previous,1757635140.0,1757635200,M1,2025
3643.33,1757635200,3656.62,3630.48,3633.97,True,signal,1757635200.0,1757635200,M1,2025
,1757635260,,,,False,next,,1757635200,M1,2025
3634.06,1757634900,3634.14,3633.12,3633.53,True,previous,1757634900.0,1757635200,M5,2025
3643.33,1757635200,3656.62,3630.48,3633.97,True,signal,1757635200.0,1757635200,M5,2025
,1757635500,,,,False,next,,1757635200,M5,2025
,1757894340,,,,False,previous,,1757894400,M1,2025
3679.38,1757894400,3685.56,3626.62,3644.28,True,signal,1757894400.0,1757894400,M1,2025
,1757894460,,,,False,next,,1757894400,M1,2025
,1757894100,,,,False,previous,,1757894400,M5,2025
3679.38,1757894400,3685.56,3626.62,3644.28,True,signal,1757894400.0,1757894400,M5,2025
,1757894700,,,,False,next,,1757894400,M5,2025
3679.38,1757980740,3679.52,3678.52,3678.77,True,previous,1757980740.0,1757980800,M1,2025
3690.06,1757980800,3703.2,3674.75,3680.16,True,signal,1757980800.0,1757980800,M1,2025
,1757980860,,,,False,next,,1757980800,M1,2025
3679.38,1757980500,3680.26,3678.52,3680.26,True,previous,1757980500.0,1757980800,M5,2025
3690.06,1757980800,3703.2,3674.75,3680.16,True,signal,1757980800.0,1757980800,M5,2025
,1757981100,,,,False,next,,1757980800,M5,2025
3644.29,1758239940,3644.35,3644.1,3644.1,True,previous,1758239940.0,1758240000,M1,2025
3685.13,1758240000,3685.75,3632.3,3643.67,True,signal,1758240000.0,1758240000,M1,2025
,1758240060,,,,False,next,,1758240000,M1,2025
3644.29,1758239700,3644.69,3643.8,3644.3,True,previous,1758239700.0,1758240000,M5,2025
3685.13,1758240000,3685.75,3632.3,3643.67,True,signal,1758240000.0,1758240000,M5,2025
,1758240300,,,,False,next,,1758240000,M5,2025
,1758499140,,,,False,previous,,1758499200,M1,2025
3746.21,1758499200,3748.8,3683.81,3687.51,True,signal,1758499200.0,1758499200,M1,2025
,1758499260,,,,False,next,,1758499200,M1,2025
,1758498900,,,,False,previous,,1758499200,M5,2025
3746.21,1758499200,3748.8,3683.81,3687.51,True,signal,1758499200.0,1758499200,M5,2025
,1758499500,,,,False,next,,1758499200,M5,2025
3746.21,1758585540,3746.85,3745.59,3746.85,True,previous,1758585540.0,1758585600,M1,2025
3764.18,1758585600,3791.09,3736.68,3746.01,True,signal,1758585600.0,1758585600,M1,2025
,1758585660,,,,False,next,,1758585600,M1,2025
3746.21,1758585300,3747.07,3745.59,3746.98,True,previous,1758585300.0,1758585600,M5,2025
3764.18,1758585600,3791.09,3736.68,3746.01,True,signal,1758585600.0,1758585600,M5,2025
,1758585900,,,,False,next,,1758585600,M5,2025
3749.4,1758844740,3749.77,3749.38,3749.38,True,previous,1758844740.0,1758844800,M1,2025
3759.49,1758844800,3783.78,3734.49,3750.5,True,signal,1758844800.0,1758844800,M1,2025
,1758844860,,,,False,next,,1758844800,M1,2025
3749.4,1758844500,3751.21,3749.33,3751.21,True,previous,1758844500.0,1758844800,M5,2025
3759.49,1758844800,3783.78,3734.49,3750.5,True,signal,1758844800.0,1758844800,M5,2025
,1758845100,,,,False,next,,1758844800,M5,2025
,1759103940,,,,False,previous,,1759104000,M1,2025
3833.48,1759104000,3834.08,3756.49,3756.77,True,signal,1759104000.0,1759104000,M1,2025
,1759104060,,,,False,next,,1759104000,M1,2025
,1759103700,,,,False,previous,,1759104000,M5,2025
3833.48,1759104000,3834.08,3756.49,3756.77,True,signal,1759104000.0,1759104000,M5,2025
,1759104300,,,,False,next,,1759104000,M5,2025
3833.48,1759190340,3833.83,3833.39,3833.82,True,previous,1759190340.0,1759190400,M1,2025
3858.93,1759190400,3871.64,3793.19,3832.92,True,signal,1759190400.0,1759190400,M1,2025
,1759190460,,,,False,next,,1759190400,M1,2025
3833.48,1759190100,3834.08,3832.01,3832.87,True,previous,1759190100.0,1759190400,M5,2025
3858.93,1759190400,3871.64,3793.19,3832.92,True,signal,1759190400.0,1759190400,M5,2025
,1759190700,,,,False,next,,1759190400,M5,2025
3858.93,1759276740,3859.22,3858.35,3858.37,True,previous,1759276740.0,1759276800,M1,2025
3865.62,1759276800,3895.22,3853.45,3859.48,True,signal,1759276800.0,1759276800,M1,2025
,1759276860,,,,False,next,,1759276800,M1,2025
3858.93,1759276500,3859.88,3858.21,3859.57,True,previous,1759276500.0,1759276800,M5,2025
3865.62,1759276800,3895.22,3853.45,3859.48,True,signal,1759276800.0,1759276800,M5,2025
,1759277100,,,,False,next,,1759276800,M5,2025
,1759708740,,,,False,previous,,1759708800,M1,2025
3960.93,1759708800,3970.16,3884.19,3888.83,True,signal,1759708800.0,1759708800,M1,2025
,1759708860,,,,False,next,,1759708800,M1,2025
,1759708500,,,,False,previous,,1759708800,M5,2025
3960.93,1759708800,3970.16,3884.19,3888.83,True,signal,1759708800.0,1759708800,M5,2025
,1759709100,,,,False,next,,1759708800,M5,2025
3960.93,1759795140,3961.08,3960.64,3961.03,True,previous,1759795140.0,1759795200,M1,2025
3984.92,1759795200,3991.06,3940.91,3960.24,True,signal,1759795200.0,1759795200,M1,2025
,1759795260,,,,False,next,,1759795200,M1,2025
3960.93,1759794900,3961.45,3960.62,3961.13,True,previous,1759794900.0,1759795200,M5,2025
3984.92,1759795200,3991.06,3940.91,3960.24,True,signal,1759795200.0,1759795200,M5,2025
,1759795500,,,,False,next,,1759795200,M5,2025
3984.92,1759881540,3985.04,3984.31,3984.55,True,previous,1759881540.0,1759881600,M1,2025
4041.32,1759881600,4059.21,3983.42,3984.58,True,signal,1759881600.0,1759881600,M1,2025
,1759881660,,,,False,next,,1759881600,M1,2025
3984.92,1759881300,3986.43,3984.21,3986.35,True,previous,1759881300.0,1759881600,M5,2025
4041.32,1759881600,4059.21,3983.42,3984.58,True,signal,1759881600.0,1759881600,M5,2025
,1759881900,,,,False,next,,1759881600,M5,2025
,1760313540,,,,False,previous,,1760313600,M1,2025
4109.97,1760313600,4117.06,4003.06,4003.06,True,signal,1760313600.0,1760313600,M1,2025
,1760313660,,,,False,next,,1760313600,M1,2025
,1760313300,,,,False,previous,,1760313600,M5,2025
4109.97,1760313600,4117.06,4003.06,4003.06,True,signal,1760313600.0,1760313600,M5,2025
,1760313900,,,,False,next,,1760313600,M5,2025
4109.97,1760399940,4110.51,4109.97,4110.51,True,previous,1760399940.0,1760400000,M1,2025
4142.83,1760400000,4179.73,4090.47,4110.34,True,signal,1760400000.0,1760400000,M1,2025
,1760400060,,,,False,next,,1760400000,M1,2025
4109.97,1760399700,4112.11,4109.97,4112.11,True,previous,1760399700.0,1760400000,M5,2025
4142.83,1760400000,4179.73,4090.47,4110.34,True,signal,1760400000.0,1760400000,M5,2025
,1760400300,,,,False,next,,1760400000,M5,2025
4142.83,1760486340,4143.29,4142.01,4142.01,True,previous,1760486340.0,1760486400,M1,2025
4207.59,1760486400,4218.16,4140.62,4142.85,True,signal,1760486400.0,1760486400,M1,2025
,1760486460,,,,False,next,,1760486400,M1,2025
4142.83,1760486100,4144.67,4141.98,4144.67,True,previous,1760486100.0,1760486400,M5,2025
4207.59,1760486400,4218.16,4140.62,4142.85,True,signal,1760486400.0,1760486400,M5,2025
,1760486700,,,,False,next,,1760486400,M5,2025
4207.59,1760572740,4208.18,4207.53,4208.18,True,previous,1760572740.0,1760572800,M1,2025
4327.07,1760572800,4330.62,4199.67,4208.77,True,signal,1760572800.0,1760572800,M1,2025
,1760572860,,,,False,next,,1760572800,M1,2025
4207.59,1760572500,4208.56,4207.01,4207.2,True,previous,1760572500.0,1760572800,M5,2025
4327.07,1760572800,4330.62,4199.67,4208.77,True,signal,1760572800.0,1760572800,M5,2025
,1760573100,,,,False,next,,1760572800,M5,2025
,1760918340,,,,False,previous,,1760918400,M1,2025
4356.3,1760918400,4381.35,4218.89,4253.26,True,signal,1760918400.0,1760918400,M1,2025
,1760918460,,,,False,next,,1760918400,M1,2025
,1760918100,,,,False,previous,,1760918400,M5,2025
4356.3,1760918400,4381.35,4218.89,4253.26,True,signal,1760918400.0,1760918400,M5,2025
,1760918700,,,,False,next,,1760918400,M5,2025
4098.14,1761177540,4099.47,4097.9,4098.49,True,previous,1761177540.0,1761177600,M1,2025
4126.64,1761177600,4154.72,4065.87,4095.76,True,signal,1761177600.0,1761177600,M1,2025
,1761177660,,,,False,next,,1761177600,M1,2025
4098.14,1761177300,4101.3,4097.59,4100.49,True,previous,1761177300.0,1761177600,M5,2025
4126.64,1761177600,4154.72,4065.87,4095.76,True,signal,1761177600.0,1761177600,M5,2025
,1761177900,,,,False,next,,1761177600,M5,2025
3931.91,1762300740,3932.28,3931.87,3932.1,True,previous,1762300740.0,1762300800,M1,2025
3980.24,1762300800,3990.47,3929.31,3934.05,True,signal,1762300800.0,1762300800,M1,2025
,1762300860,,,,False,next,,1762300800,M1,2025
3931.91,1762300500,3933.53,3931.6,3933.17,True,previous,1762300500.0,1762300800,M5,2025
3980.24,1762300800,3990.47,3929.31,3934.05,True,signal,1762300800.0,1762300800,M5,2025
,1762301100,,,,False,next,,1762300800,M5,2025
,1762732740,,,,False,previous,,1762732800,M1,2025
4115.51,1762732800,4116.62,3997.88,3998.78,True,signal,1762732800.0,1762732800,M1,2025
,1762732860,,,,False,next,,1762732800,M1,2025
,1762732500,,,,False,previous,,1762732800,M5,2025
4115.51,1762732800,4116.62,3997.88,3998.78,True,signal,1762732800.0,1762732800,M5,2025
,1762733100,,,,False,next,,1762732800,M5,2025
4115.51,1762819140,4115.89,4115.31,4115.89,True,previous,1762819140.0,1762819200,M1,2025
4126.9,1762819200,4148.93,4097.04,4116.03,True,signal,1762819200.0,1762819200,M1,2025
,1762819260,,,,False,next,,1762819200,M1,2025
4115.51,1762818900,4116.09,4114.83,4116.04,True,previous,1762818900.0,1762819200,M5,2025
4126.9,1762819200,4148.93,4097.04,4116.03,True,signal,1762819200.0,1762819200,M5,2025
,1762819500,,,,False,next,,1762819200,M5,2025
4126.9,1762905540,4127.04,4126.72,4126.95,True,previous,1762905540.0,1762905600,M1,2025
4195.15,1762905600,4211.71,4098.87,4127.46,True,signal,1762905600.0,1762905600,M1,2025
,1762905660,,,,False,next,,1762905600,M1,2025
4126.9,1762905300,4127.48,4126.25,4126.79,True,previous,1762905300.0,1762905600,M5,2025
4195.15,1762905600,4211.71,4098.87,4127.46,True,signal,1762905600.0,1762905600,M5,2025
,1762905900,,,,False,next,,1762905600,M5,2025
,1763942340,,,,False,previous,,1763942400,M1,2025
4134.84,1763942400,4140.1,4040.21,4069.03,True,signal,1763942400.0,1763942400,M1,2025
,1763942460,,,,False,next,,1763942400,M1,2025
,1763942100,,,,False,previous,,1763942400,M5,2025
4134.84,1763942400,4140.1,4040.21,4069.03,True,signal,1763942400.0,1763942400,M5,2025
,1763942700,,,,False,next,,1763942400,M5,2025
4130.85,1764115140,4130.85,4130.85,4130.85,True,previous,1764115140.0,1764115200,M1,2025
4163.86,1764115200,4173.46,4129.91,4134.58,True,signal,1764115200.0,1764115200,M1,2025
,1764115260,,,,False,next,,1764115200,M1,2025
4130.85,1764114900,4131.17,4129.52,4131.12,True,previous,1764114900.0,1764115200,M5,2025
4163.86,1764115200,4173.46,4129.91,4134.58,True,signal,1764115200.0,1764115200,M5,2025
,1764115500,,,,False,next,,1764115200,M5,2025
,1764287940,,,,False,previous,,1764288000,M1,2025
4219.19,1764288000,4226.71,4152.36,4158.51,True,signal,1764288000.0,1764288000,M1,2025
,1764288060,,,,False,next,,1764288000,M1,2025
,1764287700,,,,False,previous,,1764288000,M5,2025
4219.19,1764288000,4226.71,4152.36,4158.51,True,signal,1764288000.0,1764288000,M5,2025
,1764288300,,,,False,next,,1764288000,M5,2025
,1764547140,,,,False,previous,,1764547200,M1,2025
4232.36,1764547200,4264.51,4205.87,4223.97,True,signal,1764547200.0,1764547200,M1,2025
,1764547260,,,,False,next,,1764547200,M1,2025
,1764546900,,,,False,previous,,1764547200,M5,2025
4232.36,1764547200,4264.51,4205.87,4223.97,True,signal,1764547200.0,1764547200,M5,2025
,1764547500,,,,False,next,,1764547200,M5,2025
,1765324740,,,,False,previous,,1765324800,M1,2025
4228.51,1765324800,4238.82,4181.99,4208.48,True,signal,1765324800.0,1765324800,M1,2025
,1765324860,,,,False,next,,1765324800,M1,2025
4208.4,1765324500,4209.05,4207.39,4208.48,True,previous,1765324500.0,1765324800,M5,2025
4228.51,1765324800,4238.82,4181.99,4208.48,True,signal,1765324800.0,1765324800,M5,2025
,1765325100,,,,False,next,,1765324800,M5,2025
4228.51,1765411140,4228.66,4228.49,4228.66,True,previous,1765411140.0,1765411200,M1,2025
4279.73,1765411200,4285.84,4204.34,4229.1,True,signal,1765411200.0,1765411200,M1,2025
,1765411260,,,,False,next,,1765411200,M1,2025
4228.51,1765410900,4229.26,4226.92,4227.88,True,previous,1765410900.0,1765411200,M5,2025
4279.73,1765411200,4285.84,4204.34,4229.1,True,signal,1765411200.0,1765411200,M5,2025
,1765411500,,,,False,next,,1765411200,M5,2025
4279.73,1765497540,4279.77,4279.73,4279.77,True,previous,1765497540.0,1765497600,M1,2025
4300.16,1765497600,4353.54,4257.31,4281.06,True,signal,1765497600.0,1765497600,M1,2025
,1765497660,,,,False,next,,1765497600,M1,2025
4279.73,1765497300,4282.18,4278.76,4282.18,True,previous,1765497300.0,1765497600,M5,2025
4300.16,1765497600,4353.54,4257.31,4281.06,True,signal,1765497600.0,1765497600,M5,2025
,1765497900,,,,False,next,,1765497600,M5,2025
4302.34,1765929540,4302.34,4302.34,4302.34,True,previous,1765929540.0,1765929600,M1,2025
4338.28,1765929600,4348.8,4301.37,4303.7,True,signal,1765929600.0,1765929600,M1,2025
,1765929660,,,,False,next,,1765929600,M1,2025
4302.34,1765929300,4302.6,4301.92,4302.35,True,previous,1765929300.0,1765929600,M5,2025
4338.28,1765929600,4348.8,4301.37,4303.7,True,signal,1765929600.0,1765929600,M5,2025
,1765929900,,,,False,next,,1765929600,M5,2025
,1766361540,,,,False,previous,,1766361600,M1,2025
4443.87,1766361600,4448.98,4338.01,4341.5,True,signal,1766361600.0,1766361600,M1,2025
,1766361660,,,,False,next,,1766361600,M1,2025
,1766361300,,,,False,previous,,1766361600,M5,2025
4443.87,1766361600,4448.98,4338.01,4341.5,True,signal,1766361600.0,1766361600,M5,2025
,1766361900,,,,False,next,,1766361600,M5,2025
4443.87,1766447940,4443.9,4443.87,4443.9,True,previous,1766447940.0,1766448000,M1,2025
4484.8,1766448000,4499.71,4430.5,4445.84,True,signal,1766448000.0,1766448000,M1,2025
,1766448060,,,,False,next,,1766448000,M1,2025
4443.87,1766447700,4445.31,4443.27,4445.05,True,previous,1766447700.0,1766448000,M5,2025
4484.8,1766448000,4499.71,4430.5,4445.84,True,signal,1766448000.0,1766448000,M5,2025
,1766448300,,,,False,next,,1766448000,M5,2025
,1766707140,,,,False,previous,,1766707200,M1,2025
4531.2,1766707200,4550.04,4473.0,4492.37,True,signal,1766707200.0,1766707200,M1,2025
,1766707260,,,,False,next,,1766707200,M1,2025
,1766706900,,,,False,previous,,1766707200,M5,2025
4531.2,1766707200,4550.04,4473.0,4492.37,True,signal,1766707200.0,1766707200,M5,2025
,1766707500,,,,False,next,,1766707200,M5,2025
