family,feature,quintile,hour_block,horizon_bars,outcome,n_state,n_comp,effect,state_mean,comp_mean,p,q,confirmation_n_state,confirmation_n_comp,confirmation_effect,confirmation_p,direction,confirmation_q,quarters_same_sign,quarter_details,abs_confirmation_effect
extension_reversion,body_atr,5,0.0,24,move_ge_1atr,4538,53551,-0.6892220329723784,0.258043190832966,0.9472652238053444,0.0,0.0,4450,53561,-0.702774608138699,0.0,-1,0.0,4,"{""1"": {""effect"": -0.6563893078985182, ""n_state"": 1094, ""ok"": true}, ""2"": {""effect"": -0.6834188473412506, ""n_state"": 1073, ""ok"": true}, ""3"": {""effect"": -0.6550933674519401, ""n_state"": 1149, ""ok"": true}, ""4"": {""effect"": -0.6524031761473961, ""n_state"": 1134, ""ok"": true}}",0.702774608138699
wick_rejection,upper_wick_atr,5,0.0,24,move_ge_1atr,4642,53447,-0.672496517486465,0.2746660922016372,0.9471626096881024,0.0,0.0,4462,53549,-0.7007368444551583,0.0,-1,0.0,4,"{""1"": {""effect"": -0.610315943386482, ""n_state"": 1167, ""ok"": true}, ""2"": {""effect"": -0.6959290029608702, ""n_state"": 1056, ""ok"": true}, ""3"": {""effect"": -0.651849882503428, ""n_state"": 1154, ""ok"": true}, ""4"": {""effect"": -0.6851551314658484, ""n_state"": 1085, ""ok"": true}}",0.7007368444551583
compression_expansion,compression6_atr,5,0.0,24,move_ge_1atr,4481,53608,-0.6987160732804055,0.2486052220486498,0.9473212953290554,0.0,0.0,4621,53390,-0.6747295697520692,0.0,-1,0.0,4,"{""1"": {""effect"": -0.5658768196526479, ""n_state"": 1244, ""ok"": true}, ""2"": {""effect"": -0.6602298205520988, ""n_state"": 1106, ""ok"": true}, ""3"": {""effect"": -0.661665550636267, ""n_state"": 1139, ""ok"": true}, ""4"": {""effect"": -0.6537213676021822, ""n_state"": 1132, ""ok"": true}}",0.6747295697520692
extension_reversion,body_atr,5,0.0,12,move_ge_1atr,4547,59418,-0.6615336271547374,0.2573125137453266,0.918846140900064,0.0,0.0,4454,59350,-0.6738671334306052,0.0,-1,0.0,4,"{""1"": {""effect"": -0.6340003329216028, ""n_state"": 1094, ""ok"": true}, ""2"": {""effect"": -0.6591537175338068, ""n_state"": 1073, ""ok"": true}, ""3"": {""effect"": -0.6307678940561612, ""n_state"": 1149, ""ok"": true}, ""4"": {""effect"": -0.6290593414120567, ""n_state"": 1138, ""ok"": true}}",0.6738671334306052
wick_rejection,upper_wick_atr,5,0.0,12,move_ge_1atr,4653,59312,-0.6449329777349223,0.2738018482699333,0.9187348260048556,0.0,0.0,4466,59338,-0.6730283434587591,0.0,-1,0.0,4,"{""1"": {""effect"": -0.586920852524685, ""n_state"": 1167, ""ok"": true}, ""2"": {""effect"": -0.6745566320114513, ""n_state"": 1056, ""ok"": true}, ""3"": {""effect"": -0.6292882385567533, ""n_state"": 1154, ""ok"": true}, ""4"": {""effect"": -0.6626791495657143, ""n_state"": 1089, ""ok"": true}}",0.6730283434587591
abnormal_activity,gap_atr,5,0.0,24,move_ge_1atr,5004,53085,-0.6198826866734926,0.3269384492406075,0.9468211359141,0.0,0.0,4730,53281,-0.6579044733627959,0.0,-1,0.0,4,"{""1"": {""effect"": -0.6232259466367254, ""n_state"": 1146, ""ok"": true}, ""2"": {""effect"": -0.6075826806204813, ""n_state"": 1189, ""ok"": true}, ""3"": {""effect"": -0.5402976981711556, ""n_state"": 1357, ""ok"": true}, ""4"": {""effect"": -0.7204110678529501, ""n_state"": 1038, ""ok"": true}}",0.6579044733627959
compression_expansion,compression6_atr,5,0.0,12,move_ge_1atr,4492,59473,-0.6697444056679551,0.2491095280498664,0.9188539337178216,0.0,0.0,4623,59181,-0.6463019699758288,0.0,-1,0.0,4,"{""1"": {""effect"": -0.5424120689796958, ""n_state"": 1244, ""ok"": true}, ""2"": {""effect"": -0.6359568474775348, ""n_state"": 1106, ""ok"": true}, ""3"": {""effect"": -0.6382363904332072, ""n_state"": 1139, ""ok"": true}, ""4"": {""effect"": -0.6325929978395273, ""n_state"": 1134, ""ok"": true}}",0.6463019699758288
abnormal_activity,gap_atr,5,0.0,12,move_ge_1atr,5013,58952,-0.5944504865447273,0.3239577099541192,0.9184081964988464,0.0,0.0,4733,59071,-0.6324553953724582,0.0,-1,0.0,4,"{""1"": {""effect"": -0.6042943334538246, ""n_state"": 1146, ""ok"": true}, ""2"": {""effect"": -0.5901460773908557, ""n_state"": 1189, ""ok"": true}, ""3"": {""effect"": -0.5196870793153301, ""n_state"": 1357, ""ok"": true}, ""4"": {""effect"": -0.695743527375134, ""n_state"": 1041, ""ok"": true}}",0.6324553953724582
extension_reversion,body_atr,5,0.0,6,move_ge_1atr,4547,62589,-0.5741446559689941,0.2414778975148449,0.815622553483839,0.0,0.0,4455,62476,-0.5807672732187745,0.0,-1,0.0,4,"{""1"": {""effect"": -0.5441785219987794, ""n_state"": 1094, ""ok"": true}, ""2"": {""effect"": -0.5706247820545982, ""n_state"": 1073, ""ok"": true}, ""3"": {""effect"": -0.5391609054238518, ""n_state"": 1149, ""ok"": true}, ""4"": {""effect"": -0.5521328103915648, ""n_state"": 1139, ""ok"": true}}",0.5807672732187745
wick_rejection,upper_wick_atr,5,0.0,6,move_ge_1atr,4653,62483,-0.5533191011191666,0.2617666021921341,0.8150857033113007,0.0,0.0,4469,62462,-0.5768615001966844,0.0,-1,0.0,4,"{""1"": {""effect"": -0.49595830892182463, ""n_state"": 1167, ""ok"": true}, ""2"": {""effect"": -0.5824878097866713, ""n_state"": 1056, ""ok"": true}, ""3"": {""effect"": -0.5402532410266304, ""n_state"": 1154, ""ok"": true}, ""4"": {""effect"": -0.5763108886941266, ""n_state"": 1092, ""ok"": true}}",0.5768615001966844
compression_expansion,compression6_atr,5,0.0,6,move_ge_1atr,4492,62644,-0.5738120421306212,0.2413178984861977,0.8151299406168189,0.0,0.0,4628,62303,-0.5485227240930657,0.0,-1,0.0,4,"{""1"": {""effect"": -0.4520158618356557, ""n_state"": 1244, ""ok"": true}, ""2"": {""effect"": -0.5385750616909184, ""n_state"": 1106, ""ok"": true}, ""3"": {""effect"": -0.5449875100564356, ""n_state"": 1139, ""ok"": true}, ""4"": {""effect"": -0.5494533227658913, ""n_state"": 1139, ""ok"": true}}",0.5485227240930657
abnormal_activity,gap_atr,5,0.0,6,move_ge_1atr,5013,62123,-0.5175567332542877,0.2978256533014163,0.815382386555704,0.0,0.0,4734,62197,-0.5436211143682027,0.0,-1,0.0,4,"{""1"": {""effect"": -0.5216329544614967, ""n_state"": 1146, ""ok"": true}, ""2"": {""effect"": -0.5108376094854472, ""n_state"": 1189, ""ok"": true}, ""3"": {""effect"": -0.43451538063316114, ""n_state"": 1357, ""ok"": true}, ""4"": {""effect"": -0.6138220625749075, ""n_state"": 1042, ""ok"": true}}",0.5436211143682027
range_location,dist_high24_atr,5,0.0,24,move_ge_1atr,6424,51665,-0.4715687018305375,0.4740037359900373,0.9455724378205748,0.0,0.0,6371,51640,-0.4773989657823301,0.0,-1,0.0,4,"{""1"": {""effect"": -0.43777934131141244, ""n_state"": 1572, ""ok"": true}, ""2"": {""effect"": -0.43539466034222846, ""n_state"": 1581, ""ok"": true}, ""3"": {""effect"": -0.4303824860683115, ""n_state"": 1645, ""ok"": true}, ""4"": {""effect"": -0.444628333468541, ""n_state"": 1573, ""ok"": true}}",0.4773989657823301
range_location,dist_high24_atr,5,0.0,12,move_ge_1atr,6429,57536,-0.4592790321672289,0.45870275314979,0.9179817853170188,0.0,0.0,6383,57421,-0.4634514413515837,0.0,-1,0.0,4,"{""1"": {""effect"": -0.4257838680966274, ""n_state"": 1572, ""ok"": true}, ""2"": {""effect"": -0.43564969127232617, ""n_state"": 1581, ""ok"": true}, ""3"": {""effect"": -0.4215345184726042, ""n_state"": 1645, ""ok"": true}, ""4"": {""effect"": -0.42842579606998243, ""n_state"": 1585, ""ok"": true}}",0.4634514413515837
range_location,dist_high24_atr,5,0.0,6,move_ge_1atr,6429,60707,-0.4189734374906759,0.3978845854720796,0.8168580229627556,0.0,0.0,6388,60543,-0.4212936636650585,0.0,-1,0.0,4,"{""1"": {""effect"": -0.37775457974583676, ""n_state"": 1572, ""ok"": true}, ""2"": {""effect"": -0.40540048307004517, ""n_state"": 1581, ""ok"": true}, ""3"": {""effect"": -0.37329270033456724, ""n_state"": 1645, ""ok"": true}, ""4"": {""effect"": -0.405683699612069, ""n_state"": 1590, ""ok"": true}}",0.4212936636650585
extension_reversion,body_atr,5,0.0,3,move_ge_1atr,4547,64185,-0.4094869715162311,0.1974928524301737,0.6069798239464049,0.0,0.0,4456,64056,-0.4138323536026265,0.0,-1,0.0,4,"{""1"": {""effect"": -0.37615437818346653, ""n_state"": 1094, ""ok"": true}, ""2"": {""effect"": -0.4118951471895205, ""n_state"": 1073, ""ok"": true}, ""3"": {""effect"": -0.3780627275005518, ""n_state"": 1149, ""ok"": true}, ""4"": {""effect"": -0.4076683426192984, ""n_state"": 1140, ""ok"": true}}",0.4138323536026265
wick_rejection,lower_wick_atr,5,0.0,3,move_ge_1atr,4551,64181,-0.4035802482919079,0.2030323005932762,0.6066125488851841,0.0,0.0,4537,63975,-0.404338818776586,0.0,-1,0.0,4,"{""1"": {""effect"": -0.358931513931375, ""n_state"": 1128, ""ok"": true}, ""2"": {""effect"": -0.382011453433439, ""n_state"": 1126, ""ok"": true}, ""3"": {""effect"": -0.38948413486094224, ""n_state"": 1159, ""ok"": true}, ""4"": {""effect"": -0.4051721934504955, ""n_state"": 1124, ""ok"": true}}",0.404338818776586
abnormal_activity,gap_atr,5,4.0,3,move_ge_1atr,3758,64974,-0.4028756465127501,0.1990420436402341,0.6019176901529842,0.0,0.0,3748,64764,-0.3903218562139118,0.0,-1,0.0,4,"{""1"": {""effect"": -0.4225418824455559, ""n_state"": 934, ""ok"": true}, ""2"": {""effect"": -0.3468642548747958, ""n_state"": 1044, ""ok"": true}, ""3"": {""effect"": -0.3580633719687739, ""n_state"": 1060, ""ok"": true}, ""4"": {""effect"": -0.37478374272062276, ""n_state"": 710, ""ok"": true}}",0.3903218562139118
compression_expansion,compression6_atr,5,0.0,3,move_ge_1atr,4492,64240,-0.3974981813524306,0.2083704363312555,0.6058686176836862,0.0,0.0,4630,63882,-0.3747191281333165,0.0,-1,0.0,4,"{""1"": {""effect"": -0.2897817952167908, ""n_state"": 1244, ""ok"": true}, ""2"": {""effect"": -0.37563164112166064, ""n_state"": 1106, ""ok"": true}, ""3"": {""effect"": -0.3816229037543887, ""n_state"": 1139, ""ok"": true}, ""4"": {""effect"": -0.3810841353302187, ""n_state"": 1141, ""ok"": true}}",0.3747191281333165
range_location,dist_high24_atr,5,0.0,3,move_ge_1atr,6429,62303,-0.323820597908025,0.2863586871986312,0.6101792851066562,0.0,0.0,6388,62124,-0.3242041579877795,0.0,-1,0.0,4,"{""1"": {""effect"": -0.2655147483105527, ""n_state"": 1572, ""ok"": true}, ""2"": {""effect"": -0.3256114931242595, ""n_state"": 1581, ""ok"": true}, ""3"": {""effect"": -0.29721495416910476, ""n_state"": 1645, ""ok"": true}, ""4"": {""effect"": -0.31550602701088787, ""n_state"": 1590, ""ok"": true}}",0.3242041579877795
abnormal_activity,gap_atr,2,,24,move_ge_1atr,21193,36896,0.1598470867972614,0.994951163119898,0.8351040763226366,0.0,0.0,16829,41182,0.1395857670556661,0.0,1,0.0,4,"{""1"": {""effect"": 0.10641916251959094, ""n_state"": 4215, ""ok"": true}, ""2"": {""effect"": 0.10601215473973558, ""n_state"": 3872, ""ok"": true}, ""3"": {""effect"": 0.10368640461861467, ""n_state"": 3413, ""ok"": true}, ""4"": {""effect"": 0.11065468356188113, ""n_state"": 5329, ""ok"": true}}",0.1395857670556661
abnormal_activity,gap_atr,2,,12,move_ge_1atr,23321,40644,0.1473353417170215,0.9654388748338408,0.8181035331168192,0.0,0.0,18524,45280,0.1314936005090903,0.0,1,0.0,4,"{""1"": {""effect"": 0.10299075849067962, ""n_state"": 4699, ""ok"": true}, ""2"": {""effect"": 0.09772182311841016, ""n_state"": 4262, ""ok"": true}, ""3"": {""effect"": 0.09088809001541365, ""n_state"": 3778, ""ok"": true}, ""4"": {""effect"": 0.10808687041885356, ""n_state"": 5785, ""ok"": true}}",0.1314936005090903
wick_rejection,upper_wick_atr,4,,24,move_ge_1atr,10513,47576,0.1259476204651279,0.9965756682202986,0.8706280477551707,6.957870203e-314,5.9141896725e-313,10983,47028,0.1250074839035958,0.0,1,0.0,4,"{""1"": {""effect"": 0.10640773040786355, ""n_state"": 2756, ""ok"": true}, ""2"": {""effect"": 0.10715102708792723, ""n_state"": 2614, ""ok"": true}, ""3"": {""effect"": 0.10528270791781458, ""n_state"": 2761, ""ok"": true}, ""4"": {""effect"": 0.10670853051183127, ""n_state"": 2852, ""ok"": true}}",0.1250074839035958
extension_reversion,body_atr,3,,24,move_ge_1atr,10318,47771,0.1221728283230031,0.9938941655359566,0.8717213372129534,3.215680481582526e-291,1.5619019481972271e-290,11173,46838,0.1242533974952053,0.0,1,0.0,4,"{""1"": {""effect"": 0.10359711039496466, ""n_state"": 2721, ""ok"": true}, ""2"": {""effect"": 0.10699408781269193, ""n_state"": 2696, ""ok"": true}, ""3"": {""effect"": 0.10438943241274667, ""n_state"": 2919, ""ok"": true}, ""4"": {""effect"": 0.10666197708817993, ""n_state"": 2837, ""ok"": true}}",0.1242533974952053
compression_expansion,atr_slope3,4,,12,move_ge_1atr,11523,52442,0.1352796750289578,0.9827301917903324,0.8474505167613745,0.0,0.0,11488,52316,0.1306575255874894,1.1676625e-316,1,1.074249493e-315,4,"{""1"": {""effect"": 0.11542508516248906, ""n_state"": 2912, ""ok"": true}, ""2"": {""effect"": 0.11075091181916796, ""n_state"": 2761, ""ok"": true}, ""3"": {""effect"": 0.11134476504060753, ""n_state"": 2899, ""ok"": true}, ""4"": {""effect"": 0.11114503969509149, ""n_state"": 2916, ""ok"": true}}",0.1306575255874894
compression_expansion,atr_slope3,3,,24,move_ge_1atr,10356,47733,0.1260577467667958,0.9970065662417922,0.8709488194749964,8.813683328832e-311,6.35844297294316e-310,10588,47423,0.1248564760271797,3.400895098e-315,1,3.122640044e-314,4,"{""1"": {""effect"": 0.10816358720144215, ""n_state"": 2536, ""ok"": true}, ""2"": {""effect"": 0.10475484241200195, ""n_state"": 2616, ""ok"": true}, ""3"": {""effect"": 0.10600830853827325, ""n_state"": 2632, ""ok"": true}, ""4"": {""effect"": 0.1088074704806371, ""n_state"": 2804, ""ok"": true}}",0.1248564760271797
extension_reversion,ret3_atr,1,,12,move_ge_1atr,11593,52372,0.1296880739225163,0.9780039679116708,0.8483158939891545,1.28874794688e-312,1.211423070069e-311,10998,52806,0.1313242665579319,3.56082406269572e-309,1,3.347174618933977e-308,4,"{""1"": {""effect"": 0.11827959985978131, ""n_state"": 2597, ""ok"": true}, ""2"": {""effect"": 0.10935098130339971, ""n_state"": 2772, ""ok"": true}, ""3"": {""effect"": 0.111424526755035, ""n_state"": 2869, ""ok"": true}, ""4"": {""effect"": 0.11566411113295327, ""n_state"": 2760, ""ok"": true}}",0.1313242665579319
range_location,dist_high24_atr,1,,24,move_ge_1atr,9628,48461,0.1241417455795406,0.9969879518072288,0.8728462062276883,1.1248483031449054e-284,9.561210576731695e-284,10264,47747,0.1234379417944357,8.69752903060577e-301,1,8.449028201159891e-300,4,"{""1"": {""effect"": 0.10843637323974398, ""n_state"": 2475, ""ok"": true}, ""2"": {""effect"": 0.10362078085434989, ""n_state"": 2433, ""ok"": true}, ""3"": {""effect"": 0.10840351994877051, ""n_state"": 2635, ""ok"": true}, ""4"": {""effect"": 0.10475390558711883, ""n_state"": 2721, ""ok"": true}}",0.1234379417944357
compression_expansion,atr_slope12,4,,6,move_ge_1atr,11187,55949,0.1700809429167287,0.9184768034325556,0.748395860515827,0.0,0.0,11233,55698,0.1601303313765092,7.74222731330327e-295,1,5.7292482118444196e-294,4,"{""1"": {""effect"": 0.15492507530183552, ""n_state"": 2890, ""ok"": true}, ""2"": {""effect"": 0.12741015532288869, ""n_state"": 2619, ""ok"": true}, ""3"": {""effect"": 0.1459166939349661, ""n_state"": 2840, ""ok"": true}, ""4"": {""effect"": 0.1271903422085987, ""n_state"": 2884, ""ok"": true}}",0.1601303313765092
extension_reversion,ret3_atr,1,,3,move_ge_1atr,12364,56368,0.1575206598630453,0.7090747330960854,0.5515540732330401,1.3605744665548034e-226,1.0748538285782947e-225,11871,56641,0.1832061081417645,1.0954375542829347e-293,1,7.777606635408836e-293,4,"{""1"": {""effect"": 0.18057462238654842, ""n_state"": 2836, ""ok"": true}, ""2"": {""effect"": 0.1699923004823355, ""n_state"": 3006, ""ok"": true}, ""3"": {""effect"": 0.11497045971254605, ""n_state"": 3106, ""ok"": true}, ""4"": {""effect"": 0.17067926292284885, ""n_state"": 2923, ""ok"": true}}",0.1832061081417645
wick_rejection,upper_wick_atr,4,,12,move_ge_1atr,11615,52350,0.1217984516777328,0.9715023676280672,0.8497039159503343,2.132380979532889e-276,1.6792500213821504e-275,12136,51668,0.1229436174033197,1.1009175547937654e-292,1,9.908257993143889e-292,4,"{""1"": {""effect"": 0.11057433838119135, ""n_state"": 3042, ""ok"": true}, ""2"": {""effect"": 0.09727961636861959, ""n_state"": 2901, ""ok"": true}, ""3"": {""effect"": 0.10296579230690261, ""n_state"": 3070, ""ok"": true}, ""4"": {""effect"": 0.10694569248697472, ""n_state"": 3123, ""ok"": true}}",0.1229436174033197
extension_reversion,ret3_atr,1,,6,move_ge_1atr,12128,55008,0.1476020854150646,0.897674802110818,0.7500727166957534,1.8490989758366437e-273,1.6641890782529787e-272,11588,55343,0.1566616101370914,2.6298533040216997e-289,1,2.156479709297794e-288,4,"{""1"": {""effect"": 0.14567576573487173, ""n_state"": 2762, ""ok"": true}, ""2"": {""effect"": 0.14204484121973338, ""n_state"": 2933, ""ok"": true}, ""3"": {""effect"": 0.12099055279540294, ""n_state"": 3015, ""ok"": true}, ""4"": {""effect"": 0.13383741554279016, ""n_state"": 2878, ""ok"": true}}",0.1566616101370914
range_location,dist_low24_atr,1,,12,move_ge_1atr,10629,53336,0.1286750173498946,0.9791137454134914,0.8504387280635968,1.5711106778768008e-287,1.391555171833738e-286,10167,53637,0.1297003721502124,2.3297820626399598e-283,1,2.0635212554811078e-282,4,"{""1"": {""effect"": 0.10727811158309808, ""n_state"": 2407, ""ok"": true}, ""2"": {""effect"": 0.11555769748873368, ""n_state"": 2560, ""ok"": true}, ""3"": {""effect"": 0.11093837770558568, ""n_state"": 2932, ""ok"": true}, ""4"": {""effect"": 0.12150542238620765, ""n_state"": 2268, ""ok"": true}}",0.1297003721502124
range_location,dist_low24_atr,1,,6,move_ge_1atr,11203,55933,0.1370558416300853,0.8909220744443452,0.7538662328142599,7.300310305223525e-222,6.153118685831257e-221,10695,56236,0.1468108154105514,1.1902843833674624e-238,1,9.352234440744348e-238,4,"{""1"": {""effect"": 0.12450726016829072, ""n_state"": 2565, ""ok"": true}, ""2"": {""effect"": 0.14586763925605983, ""n_state"": 2675, ""ok"": true}, ""3"": {""effect"": 0.10394223402007141, ""n_state"": 3080, ""ok"": true}, ""4"": {""effect"": 0.14498170172938385, ""n_state"": 2375, ""ok"": true}}",0.1468108154105514
compression_expansion,atr_slope12,4,,3,move_ge_1atr,11349,57383,0.1761285634340821,0.7269362939466032,0.5508077305125211,2.3407672821573496e-264,3.4721381352000684e-263,11432,57080,0.1604060057385727,4.873470418130456e-219,1,5.056225558810348e-218,4,"{""1"": {""effect"": 0.1511298778671184, ""n_state"": 2924, ""ok"": true}, ""2"": {""effect"": 0.1332105255316065, ""n_state"": 2692, ""ok"": true}, ""3"": {""effect"": 0.15232813930039213, ""n_state"": 2915, ""ok"": true}, ""4"": {""effect"": 0.12061113902030585, ""n_state"": 2901, ""ok"": true}}",0.1604060057385727
abnormal_activity,tickvol_z48,4,,6,move_ge_1atr,9255,57881,0.1566959057589151,0.9118314424635332,0.7551355367046181,1.1313791423027756e-247,6.222585282665266e-247,9081,57850,0.1492436714532237,1.2684604085788855e-215,1,7.791971081270296e-215,4,"{""1"": {""effect"": 0.14741243207668764, ""n_state"": 2381, ""ok"": true}, ""2"": {""effect"": 0.1227403112824178, ""n_state"": 2085, ""ok"": true}, ""3"": {""effect"": 0.1413600268370344, ""n_state"": 2222, ""ok"": true}, ""4"": {""effect"": 0.12190225975575641, ""n_state"": 2393, ""ok"": true}}",0.1492436714532237
range_location,dist_low24_atr,1,,3,move_ge_1atr,11469,57263,0.1436117194951699,0.6995378847327579,0.555926165237588,6.168590966475077e-178,4.8467500450875605e-177,10989,57523,0.1558367169340171,1.8976723196341533e-200,1,1.301261019177705e-199,4,"{""1"": {""effect"": 0.14221465321173843, ""n_state"": 2640, ""ok"": true}, ""2"": {""effect"": 0.16245015406018848, ""n_state"": 2740, ""ok"": true}, ""3"": {""effect"": 0.08681775244725443, ""n_state"": 3178, ""ok"": true}, ""4"": {""effect"": 0.16480044986236575, ""n_state"": 2431, ""ok"": true}}",0.1558367169340171
abnormal_activity,tickvol_z48,4,,3,move_ge_1atr,9412,59320,0.1618924235255548,0.7196132596685083,0.5577208361429534,4.600297686551272e-192,3.0887713038272824e-191,9241,59271,0.1491465898189606,1.61443220363061e-159,1,1.183916949329114e-158,4,"{""1"": {""effect"": 0.15614022704422637, ""n_state"": 2423, ""ok"": true}, ""2"": {""effect"": 0.11779816844662372, ""n_state"": 2118, ""ok"": true}, ""3"": {""effect"": 0.14564000879434602, ""n_state"": 2270, ""ok"": true}, ""4"": {""effect"": 0.11348225169302684, ""n_state"": 2430, ""ok"": true}}",0.1491465898189606
wick_rejection,upper_wick_atr,4,,6,move_ge_1atr,12158,54978,0.106911211747257,0.8642868892910018,0.7573756775437448,9.905368917172568e-145,7.181392464950113e-144,12692,54239,0.1118889623737946,2.340731890305945e-159,1,1.839146485240385e-158,4,"{""1"": {""effect"": 0.10694305161970374, ""n_state"": 3190, ""ok"": true}, ""2"": {""effect"": 0.08123060146870453, ""n_state"": 3031, ""ok"": true}, ""3"": {""effect"": 0.09703011697370933, ""n_state"": 3217, ""ok"": true}, ""4"": {""effect"": 0.09487466993912375, ""n_state"": 3254, ""ok"": true}}",0.1118889623737946
wick_rejection,lower_wick_atr,5,2.0,3,move_ge_1atr,3037,65695,0.2021746858386568,0.7731313796509713,0.5709566938123145,6.284422664611889e-108,4.66842826514026e-107,2963,65549,0.1936407029561019,3.820535282170399e-96,1,2.7289537729788567e-95,4,"{""1"": {""effect"": 0.19762223416830038, ""n_state"": 740, ""ok"": true}, ""2"": {""effect"": 0.19229079799648596, ""n_state"": 720, ""ok"": true}, ""3"": {""effect"": 0.2033679596656327, ""n_state"": 775, ""ok"": true}, ""4"": {""effect"": 0.1547501241824386, ""n_state"": 728, ""ok"": true}}",0.1936407029561019
compression_expansion,atr_slope12,5,0.0,24,mean_fwd_ret_atr,4011,48123,0.2949778432043011,0.4468023664509082,0.1518245232466071,0.0007437174176628,0.0061356686957188,3914,48255,0.4981488030921654,4.21287962612343e-13,1,3.791591663511087e-12,3,"{""1"": {""effect"": 0.7865482554043466, ""n_state"": 1077, ""ok"": true}, ""2"": {""effect"": 0.9030796241421214, ""n_state"": 915, ""ok"": true}, ""3"": {""effect"": -0.1441317915190183, ""n_state"": 977, ""ok"": false}, ""4"": {""effect"": 0.32353644448369356, ""n_state"": 945, ""ok"": true}}",0.4981488030921654
compression_expansion,compression6_atr,5,4.0,12,mean_fwd_ret_atr,1260,56354,-0.1757762224973869,-0.0890816097311617,0.0866946127662252,0.0103515754107158,0.0442876794936172,1313,56233,-0.4324224829293679,7.543953640373612e-09,-1,5.2807675482615284e-08,4,"{""1"": {""effect"": -0.4025950875257752, ""n_state"": 230, ""ok"": true}, ""2"": {""effect"": -0.006503985379400792, ""n_state"": 335, ""ok"": true}, ""3"": {""effect"": -0.18430117616119324, ""n_state"": 286, ""ok"": true}, ""4"": {""effect"": -0.8902098308955597, ""n_state"": 462, ""ok"": true}}",0.4324224829293679
extension_reversion,ret12_atr,5,2.0,24,mean_fwd_ret_atr,2808,49326,0.2427053727183814,0.4041520128656529,0.1614466401472715,0.0011647736187994,0.0112594783150617,2925,49244,0.3158003659647793,3.962899146239172e-06,1,1.1888697438717515e-05,4,"{""1"": {""effect"": 0.5342258377479608, ""n_state"": 817, ""ok"": true}, ""2"": {""effect"": 0.42692014992975524, ""n_state"": 621, ""ok"": true}, ""3"": {""effect"": 0.016835559707723907, ""n_state"": 740, ""ok"": true}, ""4"": {""effect"": 0.22824135501626808, ""n_state"": 747, ""ok"": true}}",0.3158003659647793
compression_expansion,compression6_atr,4,1.0,6,mean_fwd_ret_atr,2402,58083,-0.1132435375226521,-0.0617636956282595,0.0514798418943926,0.001659171526324,0.0147530121880439,2353,58023,-0.1551406633918816,9.435160631179507e-06,-1,2.830548189353852e-05,4,"{""1"": {""effect"": -0.14192889198461384, ""n_state"": 562, ""ok"": true}, ""2"": {""effect"": -0.23643635003516175, ""n_state"": 566, ""ok"": true}, ""3"": {""effect"": -0.07306412889280109, ""n_state"": 637, ""ok"": true}, ""4"": {""effect"": -0.1600252058692607, ""n_state"": 588, ""ok"": true}}",0.1551406633918816
abnormal_activity,tickvol_z48,5,4.0,24,mean_fwd_ret_atr,4114,48020,-0.1137616134753861,0.0697345905731964,0.1834962040485826,0.0125689497060961,0.0371254633874321,3880,48289,-0.2084214132844074,1.2494292284858012e-05,-1,6.247146142429006e-05,4,"{""1"": {""effect"": -0.21465500494789896, ""n_state"": 756, ""ok"": true}, ""2"": {""effect"": -0.0740011534470433, ""n_state"": 1089, ""ok"": true}, ""3"": {""effect"": -0.06400927308643767, ""n_state"": 1178, ""ok"": true}, ""4"": {""effect"": -0.5172462202453746, ""n_state"": 857, ""ok"": true}}",0.2084214132844074
extension_reversion,body_atr,5,4.0,24,mean_fwd_ret_atr,1370,50764,-0.2788019277604264,-0.0969564053554152,0.1818455224050112,0.0002736094106716,0.0039673364547392,1303,50866,-0.3196122105584576,5.585651219586227e-05,-1,8.378476829379341e-05,4,"{""1"": {""effect"": -0.5030740946999912, ""n_state"": 256, ""ok"": true}, ""2"": {""effect"": -0.17753472926788985, ""n_state"": 331, ""ok"": true}, ""3"": {""effect"": -0.19542959987967437, ""n_state"": 346, ""ok"": true}, ""4"": {""effect"": -0.41466200486280613, ""n_state"": 370, ""ok"": true}}",0.3196122105584576
compression_expansion,compression6_atr,5,4.0,24,mean_fwd_ret_atr,1128,51006,-0.300039816949136,-0.1190289461632823,0.1810108707858536,0.0014585386381243,0.0096263550116204,1173,50996,-0.3820680368865931,7.497012466200067e-05,-1,0.000224910373986,3,"{""1"": {""effect"": -0.4522200330877219, ""n_state"": 170, ""ok"": true}, ""2"": {""effect"": 0.05605881408900154, ""n_state"": 316, ""ok"": false}, ""3"": {""effect"": -0.20565380462942523, ""n_state"": 279, ""ok"": true}, ""4"": {""effect"": -0.7954336408518703, ""n_state"": 408, ""ok"": true}}",0.3820680368865931
range_location,dist_high24_atr,5,5.0,24,mean_fwd_ret_atr,1049,51085,0.3741861125232918,0.5411760728561674,0.1669899603328756,0.0046763932582022,0.0175364747182583,1054,51115,0.4468774992034089,4.9675217413124736e-05,1,0.0003153313555099,3,"{""1"": {""effect"": 0.1989275716739896, ""n_state"": 270, ""ok"": true}, ""2"": {""effect"": 0.9241524474791456, ""n_state"": 281, ""ok"": true}, ""3"": {""effect"": 0.6725385991573475, ""n_state"": 262, ""ok"": true}, ""4"": {""effect"": -0.10649989306256336, ""n_state"": 241, ""ok"": false}}",0.4468774992034089
range_location,dist_high24_atr,1,3.0,24,mean_fwd_ret_atr,1912,50222,-0.4487516719296381,-0.2577747850465956,0.1909768868830425,8.897069024936062e-05,0.0010009202653053,1822,50347,-0.4012447620418227,9.00946730028492e-05,-1,0.0003153313555099,3,"{""1"": {""effect"": -0.42303535881883203, ""n_state"": 552, ""ok"": true}, ""2"": {""effect"": -0.7072275179492233, ""n_state"": 386, ""ok"": true}, ""3"": {""effect"": 0.04125500843284444, ""n_state"": 426, ""ok"": false}, ""4"": {""effect"": -0.48670057462590244, ""n_state"": 458, ""ok"": true}}",0.4012447620418227
range_location,dist_low24_atr,1,5.0,6,up_first_1atr,1508,50366,0.0522919181195769,0.5543766578249337,0.5020847397053568,6.282568417872787e-05,0.0002094189472624,1405,49707,0.048608446922453,0.0003261661968675,1,0.0009784985906025,4,"{""1"": {""effect"": 0.060927862028050284, ""n_state"": 355, ""ok"": true}, ""2"": {""effect"": 0.07270270526770334, ""n_state"": 332, ""ok"": true}, ""3"": {""effect"": 0.03602926228073311, ""n_state"": 405, ""ok"": true}, ""4"": {""effect"": 0.020835672157013985, ""n_state"": 313, ""ok"": true}}",0.048608446922453
extension_reversion,ret12_atr,5,5.0,12,up_first_1atr,1358,54183,-0.0470655586885407,0.4609720176730486,0.5080375763615894,0.0006114450515866,0.0008152600687821,1489,53901,-0.0391527192186247,0.0028755373324691,-1,0.0028755373324691,4,"{""1"": {""effect"": -0.02317377844399754, ""n_state"": 255, ""ok"": true}, ""2"": {""effect"": -0.035270611089110504, ""n_state"": 463, ""ok"": true}, ""3"": {""effect"": -0.01799263518345895, ""n_state"": 428, ""ok"": true}, ""4"": {""effect"": -0.07924868443986982, ""n_state"": 343, ""ok"": true}}",0.0391527192186247
range_location,dist_low24_atr,2,4.0,3,mean_fwd_ret_atr,1479,60464,-0.0678500846984402,-0.0360238529614289,0.0318262317370112,0.0152631645329246,0.0248026423660025,1397,60424,-0.1026272776068527,0.0014989885838847,-1,0.0044969657516541,4,"{""1"": {""effect"": -0.10008925862047757, ""n_state"": 335, ""ok"": true}, ""2"": {""effect"": -0.15643636850515347, ""n_state"": 322, ""ok"": true}, ""3"": {""effect"": -0.02745603187419087, ""n_state"": 354, ""ok"": true}, ""4"": {""effect"": -0.12254850952144525, ""n_state"": 386, ""ok"": true}}",0.1026272776068527
range_location,dist_high24_atr,1,4.0,12,mean_fwd_ret_atr,1316,56298,-0.2014972598056084,-0.114044283559023,0.0874529762465854,0.0006776010583713,0.0048787276202738,1398,56148,-0.19002119776115,0.0014303765605157,-1,0.0057215062420628,3,"{""1"": {""effect"": -0.47577093890752264, ""n_state"": 264, ""ok"": true}, ""2"": {""effect"": -0.38527734796484825, ""n_state"": 342, ""ok"": true}, ""3"": {""effect"": 0.284093630156892, ""n_state"": 391, ""ok"": false}, ""4"": {""effect"": -0.2850608176910531, ""n_state"": 401, ""ok"": true}}",0.19002119776115
wick_rejection,lower_wick_atr,4,0.0,12,mean_fwd_ret_atr,1048,56566,0.3788068300165098,0.4547667672142272,0.0759599371977174,0.0003698574509373,0.0118354384299939,1176,56370,0.2135836151060859,0.0112039881339321,1,0.0112039881339321,4,"{""1"": {""effect"": 0.06399105624107337, ""n_state"": 272, ""ok"": true}, ""2"": {""effect"": 0.5394808205382411, ""n_state"": 298, ""ok"": true}, ""3"": {""effect"": 0.05660202888426841, ""n_state"": 293, ""ok"": true}, ""4"": {""effect"": 0.16795942717040319, ""n_state"": 313, ""ok"": true}}",0.2135836151060859
range_location,dist_high24_atr,4,0.0,12,mean_fwd_ret_atr,717,56897,0.4056790227609141,0.4834808334362191,0.0778018106753049,0.011876792854291,0.035630378562873,734,56812,0.2953038413134064,0.0061473002118952,1,0.0122946004237904,3,"{""1"": {""effect"": 0.6703949557727565, ""n_state"": 187, ""ok"": true}, ""2"": {""effect"": 0.5029469898229323, ""n_state"": 192, ""ok"": true}, ""3"": {""effect"": -0.31779937387694246, ""n_state"": 180, ""ok"": false}, ""4"": {""effect"": 0.28551499420105814, ""n_state"": 175, ""ok"": true}}",0.2953038413134064
wick_rejection,upper_wick_atr,1,1.0,3,mean_fwd_ret_atr,2399,59544,-0.0825684345961571,-0.0491644394423403,0.0334039951538168,0.0014165553141558,0.0113324425132465,2312,59509,-0.0580923844767271,0.013454193064218,-1,0.013454193064218,3,"{""1"": {""effect"": -0.09174581249402808, ""n_state"": 568, ""ok"": true}, ""2"": {""effect"": -0.07033601300620623, ""n_state"": 549, ""ok"": true}, ""3"": {""effect"": 0.0038135116656720716, ""n_state"": 597, ""ok"": false}, ""4"": {""effect"": -0.07030707372534577, ""n_state"": 598, ""ok"": true}}",0.0580923844767271
range_location,dist_low24_atr,5,5.0,24,up_first_1atr,1194,50519,-0.0530302661058281,0.4581239530988275,0.5111542192046556,0.0002911983224967,0.0004659173159948,1173,50533,-0.0359797634791975,0.0148324962271154,-1,0.0148324962271154,3,"{""1"": {""effect"": -0.11634072425317987, ""n_state"": 223, ""ok"": true}, ""2"": {""effect"": -0.041875042948700425, ""n_state"": 324, ""ok"": true}, ""3"": {""effect"": 0.045596023519328344, ""n_state"": 342, ""ok"": false}, ""4"": {""effect"": -0.06168716628658416, ""n_state"": 284, ""ok"": true}}",0.0359797634791975
range_location,dist_low24_atr,1,2.0,12,up_first_1atr,2535,53006,-0.0499971757132775,0.4591715976331361,0.5091687733464136,8.706553538382013e-07,4.353276769191006e-06,2218,53172,-0.0255138113804176,0.0185435374526328,-1,0.0185435374526328,3,"{""1"": {""effect"": -0.024897325105081303, ""n_state"": 518, ""ok"": true}, ""2"": {""effect"": -0.06263216679946637, ""n_state"": 562, ""ok"": true}, ""3"": {""effect"": 0.04394164778881249, ""n_state"": 668, ""ok"": false}, ""4"": {""effect"": -0.07661666485875002, ""n_state"": 470, ""ok"": true}}",0.0255138113804176
range_location,dist_low24_atr,1,5.0,3,mean_fwd_ret_atr,2144,59799,0.2488782673353645,0.2704701662109384,0.0215918988755738,0.0001262908298702,0.0016417807883132,2016,59805,0.1490532996860457,0.0211022815408345,1,0.0211022815408345,3,"{""1"": {""effect"": 0.22548870472611018, ""n_state"": 510, ""ok"": true}, ""2"": {""effect"": -0.08874891573432007, ""n_state"": 441, ""ok"": false}, ""3"": {""effect"": 0.2849285882883613, ""n_state"": 621, ""ok"": true}, ""4"": {""effect"": 0.09150770856943116, ""n_state"": 444, ""ok"": true}}",0.1490532996860457
extension_reversion,body_atr,1,5.0,6,mean_fwd_ret_atr,1596,58889,0.2818283977826363,0.3213745519860229,0.0395461542033866,0.0003818953536367,0.0066831686886422,1604,58772,0.1425100943152176,0.0231189477066023,1,0.0231189477066023,4,"{""1"": {""effect"": 0.11662646813602184, ""n_state"": 366, ""ok"": true}, ""2"": {""effect"": 0.26443863049834715, ""n_state"": 421, ""ok"": true}, ""3"": {""effect"": 0.10303067553563897, ""n_state"": 404, ""ok"": true}, ""4"": {""effect"": 0.06872338960707061, ""n_state"": 413, ""ok"": true}}",0.1425100943152176
range_location,dist_low24_atr,1,5.0,6,mean_fwd_ret_atr,1987,58498,0.3259401869755411,0.3622153644299931,0.0362751774544519,2.8653551987353447e-05,0.0008882601116079,1828,58548,0.1720896228636553,0.0142604284738401,1,0.0285208569476803,4,"{""1"": {""effect"": 0.27601746784178643, ""n_state"": 469, ""ok"": true}, ""2"": {""effect"": 0.16026401297913417, ""n_state"": 409, ""ok"": true}, ""3"": {""effect"": 0.17024487779116773, ""n_state"": 552, ""ok"": true}, ""4"": {""effect"": 0.04650955405960521, ""n_state"": 398, ""ok"": true}}",0.1720896228636553
extension_reversion,ret12_atr,1,5.0,6,up_first_1atr,1286,50588,0.0433484492969213,0.5458786936236392,0.5025302443267178,0.0021382660589057,0.0035637767648429,1227,49885,0.0312539378467786,0.0305319657224866,1,0.0305319657224866,4,"{""1"": {""effect"": 0.006473823004017443, ""n_state"": 308, ""ok"": true}, ""2"": {""effect"": 0.03119372302710338, ""n_state"": 322, ""ok"": true}, ""3"": {""effect"": 0.015862157989117054, ""n_state"": 316, ""ok"": true}, ""4"": {""effect"": 0.07329801475281539, ""n_state"": 281, ""ok"": true}}",0.0312539378467786
range_location,dist_low24_atr,1,2.0,6,up_first_1atr,2420,49454,-0.0479925747844143,0.4578512396694215,0.5058438144538359,4.016845358763041e-06,4.016845358763041e-05,2120,48992,-0.025158824544323,0.0233144498269937,-1,0.0349716747404905,3,"{""1"": {""effect"": -0.030355646882162413, ""n_state"": 500, ""ok"": true}, ""2"": {""effect"": -0.05908635265735346, ""n_state"": 548, ""ok"": true}, ""3"": {""effect"": 0.049034403969262674, ""n_state"": 629, ""ok"": false}, ""4"": {""effect"": -0.07861820133298186, ""n_state"": 443, ""ok"": true}}",0.025158824544323
compression_expansion,atr_slope3,1,0.0,6,up_first_1atr,888,50986,-0.0609546411433203,0.4436936936936937,0.5046483348370141,0.0003161671648294,0.001106585076903,995,50117,-0.0333716590615146,0.0370935471043649,-1,0.0370935471043649,3,"{""1"": {""effect"": 0.0027757765935204626, ""n_state"": 177, ""ok"": false}, ""2"": {""effect"": -0.05868752618684686, ""n_state"": 283, ""ok"": true}, ""3"": {""effect"": -0.021916170327771822, ""n_state"": 276, ""ok"": true}, ""4"": {""effect"": -0.04080601160419456, ""n_state"": 259, ""ok"": true}}",0.0333716590615146
compression_expansion,atr_slope3,1,0.0,3,up_first_1atr,569,38976,-0.0716521780065277,0.4305799648506151,0.5022321428571429,0.0006896271597225,0.0017594374154203,636,37862,-0.0360331245978028,0.0714792321093608,-1,0.0714792321093608,4,"{""1"": {""effect"": -0.005235537620657982, ""n_state"": 110, ""ok"": true}, ""2"": {""effect"": -0.05638598230827441, ""n_state"": 175, ""ok"": true}, ""3"": {""effect"": -0.021368689570251287, ""n_state"": 179, ""ok"": true}, ""4"": {""effect"": -0.04867270867187129, ""n_state"": 172, ""ok"": true}}",0.0360331245978028
abnormal_activity,gap_atr,4,5.0,24,mean_fwd_ret_atr,1233,50901,0.2804715462358181,0.4483572716265863,0.1678857253907681,0.0028820364708716,0.0133294186777813,1491,50678,0.2005162075910122,0.0702362237015687,1,0.0856477039433869,3,"{""1"": {""effect"": 0.2466053671644917, ""n_state"": 283, ""ok"": true}, ""2"": {""effect"": 0.5847602318559272, ""n_state"": 357, ""ok"": true}, ""3"": {""effect"": 0.17285838203137524, ""n_state"": 363, ""ok"": true}, ""4"": {""effect"": -0.10058742512797243, ""n_state"": 488, ""ok"": false}}",0.2005162075910122
