interval_id,target_symbol,currency,research_profile,mask_start_server_epoch,mask_end_server_epoch,source_event_ids
1,XAUUSD,USD,PHASE_IF_USD_HIGH_IMPACT_PM5,1767375600,1767376200,278361
2,XAUUSD,USD,PHASE_IF_USD_HIGH_IMPACT_PM5,1767635700,1767636300,283011;283017
3,XAUUSD,USD,PHASE_IF_USD_HIGH_IMPACT_PM5,1767721200,1767721800,278884
4,XAUUSD,USD,PHASE_IF_USD_HIGH_IMPACT_PM5,1767802200,1767802800,274869
5,XAUUSD,USD,PHASE_IF_USD_HIGH_IMPACT_PM5,1767808500,1767809100,279355;237155;237222
6,XAUUSD,USD,PHASE_IF_USD_HIGH_IMPACT_PM5,1767810300,1767810900,274881
7,XAUUSD,USD,PHASE_IF_USD_HIGH_IMPACT_PM5,1767889500,1767890100,277883
8,XAUUSD,USD,PHASE_IF_USD_HIGH_IMPACT_PM5,1767975900,1767976500,277603;277615;277639
9,XAUUSD,USD,PHASE_IF_USD_HIGH_IMPACT_PM5,1768251300,1768251900,264298
10,XAUUSD,USD,PHASE_IF_USD_HIGH_IMPACT_PM5,1768321500,1768322100,277483;277495;277507;277787;277799
11,XAUUSD,USD,PHASE_IF_USD_HIGH_IMPACT_PM5,1768326900,1768327500,221060;280736
12,XAUUSD,USD,PHASE_IF_USD_HIGH_IMPACT_PM5,1768337700,1768338300,264301
13,XAUUSD,USD,PHASE_IF_USD_HIGH_IMPACT_PM5,1768407900,1768408500,280738;280739;279347
14,XAUUSD,USD,PHASE_IF_USD_HIGH_IMPACT_PM5,1768415100,1768415700,275611
15,XAUUSD,USD,PHASE_IF_USD_HIGH_IMPACT_PM5,1768494300,1768494900,287207;277884
16,XAUUSD,USD,PHASE_IF_USD_HIGH_IMPACT_PM5,1769099100,1769099700,276829;276835;277885
17,XAUUSD,USD,PHASE_IF_USD_HIGH_IMPACT_PM5,1769104500,1769105100,283931;283933
18,XAUUSD,USD,PHASE_IF_USD_HIGH_IMPACT_PM5,1769111700,1769112300,280097
19,XAUUSD,USD,PHASE_IF_USD_HIGH_IMPACT_PM5,1769444700,1769445300,280741
20,XAUUSD,USD,PHASE_IF_USD_HIGH_IMPACT_PM5,1769536500,1769537100,279662
21,XAUUSD,USD,PHASE_IF_USD_HIGH_IMPACT_PM5,1769624700,1769625300,276912
22,XAUUSD,USD,PHASE_IF_USD_HIGH_IMPACT_PM5,1769637300,1769637900,237380
23,XAUUSD,USD,PHASE_IF_USD_HIGH_IMPACT_PM5,1769639100,1769639700,237388
24,XAUUSD,USD,PHASE_IF_USD_HIGH_IMPACT_PM5,1769703900,1769704500,277886
25,XAUUSD,USD,PHASE_IF_USD_HIGH_IMPACT_PM5,1769790300,1769790900,279642
26,XAUUSD,USD,PHASE_IF_USD_HIGH_IMPACT_PM5,1769794800,1769795400,277823
27,XAUUSD,USD,PHASE_IF_USD_HIGH_IMPACT_PM5,1770054900,1770055500,283012;283018
28,XAUUSD,USD,PHASE_IF_USD_HIGH_IMPACT_PM5,1770221400,1770222000,274870
29,XAUUSD,USD,PHASE_IF_USD_HIGH_IMPACT_PM5,1770227700,1770228300,283023;283053
30,XAUUSD,USD,PHASE_IF_USD_HIGH_IMPACT_PM5,1770229500,1770230100,278542
31,XAUUSD,USD,PHASE_IF_USD_HIGH_IMPACT_PM5,1770308700,1770309300,282047
32,XAUUSD,USD,PHASE_IF_USD_HIGH_IMPACT_PM5,1770314100,1770314700,286638
33,XAUUSD,USD,PHASE_IF_USD_HIGH_IMPACT_PM5,1770740700,1770741300,285382;285383
34,XAUUSD,USD,PHASE_IF_USD_HIGH_IMPACT_PM5,1770827100,1770827700,286632;286633;286635
35,XAUUSD,USD,PHASE_IF_USD_HIGH_IMPACT_PM5,1770834300,1770834900,279441
36,XAUUSD,USD,PHASE_IF_USD_HIGH_IMPACT_PM5,1770843300,1770843900,275129
37,XAUUSD,USD,PHASE_IF_USD_HIGH_IMPACT_PM5,1770913500,1770914100,282048
38,XAUUSD,USD,PHASE_IF_USD_HIGH_IMPACT_PM5,1770918900,1770919500,287279
39,XAUUSD,USD,PHASE_IF_USD_HIGH_IMPACT_PM5,1770929700,1770930300,275132
40,XAUUSD,USD,PHASE_IF_USD_HIGH_IMPACT_PM5,1770999900,1771000500,286626;286627;286628;286645;286646
41,XAUUSD,USD,PHASE_IF_USD_HIGH_IMPACT_PM5,1771431900,1771432500,285385
42,XAUUSD,USD,PHASE_IF_USD_HIGH_IMPACT_PM5,1771518300,1771518900,287208;282049
43,XAUUSD,USD,PHASE_IF_USD_HIGH_IMPACT_PM5,1771530900,1771531500,280188
44,XAUUSD,USD,PHASE_IF_USD_HIGH_IMPACT_PM5,1771604700,1771605300,283932;283934;287124;287195
45,XAUUSD,USD,PHASE_IF_USD_HIGH_IMPACT_PM5,1771610100,1771610700,285378;285379
46,XAUUSD,USD,PHASE_IF_USD_HIGH_IMPACT_PM5,1771955700,1771956300,279663
47,XAUUSD,USD,PHASE_IF_USD_HIGH_IMPACT_PM5,1772043900,1772044500,280883
48,XAUUSD,USD,PHASE_IF_USD_HIGH_IMPACT_PM5,1772123100,1772123700,282050
49,XAUUSD,USD,PHASE_IF_USD_HIGH_IMPACT_PM5,1772209500,1772210100,283834
50,XAUUSD,USD,PHASE_IF_USD_HIGH_IMPACT_PM5,1772214000,1772214600,281938
51,XAUUSD,USD,PHASE_IF_USD_HIGH_IMPACT_PM5,1772473200,1772473800,289075
52,XAUUSD,USD,PHASE_IF_USD_HIGH_IMPACT_PM5,1772474100,1772474700,283013;283019
53,XAUUSD,USD,PHASE_IF_USD_HIGH_IMPACT_PM5,1772640600,1772641200,274871
54,XAUUSD,USD,PHASE_IF_USD_HIGH_IMPACT_PM5,1772646000,1772646600,289076
55,XAUUSD,USD,PHASE_IF_USD_HIGH_IMPACT_PM5,1772646900,1772647500,283024;283054
56,XAUUSD,USD,PHASE_IF_USD_HIGH_IMPACT_PM5,1772648700,1772649300,283127
57,XAUUSD,USD,PHASE_IF_USD_HIGH_IMPACT_PM5,1772727900,1772728500,286181
58,XAUUSD,USD,PHASE_IF_USD_HIGH_IMPACT_PM5,1772814300,1772814900,290255;290256;277605;277617;277641
59,XAUUSD,USD,PHASE_IF_USD_HIGH_IMPACT_PM5,1773161700,1773162300,287280
60,XAUUSD,USD,PHASE_IF_USD_HIGH_IMPACT_PM5,1773242700,1773243300,277485;277497;277509;277789;277801
61,XAUUSD,USD,PHASE_IF_USD_HIGH_IMPACT_PM5,1773249900,1773250500,283945
62,XAUUSD,USD,PHASE_IF_USD_HIGH_IMPACT_PM5,1773258900,1773259500,275130
63,XAUUSD,USD,PHASE_IF_USD_HIGH_IMPACT_PM5,1773329100,1773329700,286182
64,XAUUSD,USD,PHASE_IF_USD_HIGH_IMPACT_PM5,1773345300,1773345900,275133
65,XAUUSD,USD,PHASE_IF_USD_HIGH_IMPACT_PM5,1773415500,1773416100,284095;284097;287125;287196;290258
66,XAUUSD,USD,PHASE_IF_USD_HIGH_IMPACT_PM5,1773420900,1773421500,288746
67,XAUUSD,USD,PHASE_IF_USD_HIGH_IMPACT_PM5,1773847500,1773848100,288619
68,XAUUSD,USD,PHASE_IF_USD_HIGH_IMPACT_PM5,1773854700,1773855300,284797
69,XAUUSD,USD,PHASE_IF_USD_HIGH_IMPACT_PM5,1773867300,1773867900,237381
70,XAUUSD,USD,PHASE_IF_USD_HIGH_IMPACT_PM5,1773869100,1773869700,237389
71,XAUUSD,USD,PHASE_IF_USD_HIGH_IMPACT_PM5,1773933900,1773934500,287209;286183
72,XAUUSD,USD,PHASE_IF_USD_HIGH_IMPACT_PM5,1773939300,1773939900,290253
73,XAUUSD,USD,PHASE_IF_USD_HIGH_IMPACT_PM5,1774124700,1774125300,292616
74,XAUUSD,USD,PHASE_IF_USD_HIGH_IMPACT_PM5,1774459500,1774460100,285472
75,XAUUSD,USD,PHASE_IF_USD_HIGH_IMPACT_PM5,1774538700,1774539300,286184
76,XAUUSD,USD,PHASE_IF_USD_HIGH_IMPACT_PM5,1774891500,1774892100,294586
77,XAUUSD,USD,PHASE_IF_USD_HIGH_IMPACT_PM5,1774975200,1774975800,286110
78,XAUUSD,USD,PHASE_IF_USD_HIGH_IMPACT_PM5,1774976100,1774976700,288747;279664
79,XAUUSD,USD,PHASE_IF_USD_HIGH_IMPACT_PM5,1775056200,1775056800,274872
80,XAUUSD,USD,PHASE_IF_USD_HIGH_IMPACT_PM5,1775057100,1775057700,293688;293690
81,XAUUSD,USD,PHASE_IF_USD_HIGH_IMPACT_PM5,1775061600,1775062200,291133
82,XAUUSD,USD,PHASE_IF_USD_HIGH_IMPACT_PM5,1775062500,1775063100,237131;237145
83,XAUUSD,USD,PHASE_IF_USD_HIGH_IMPACT_PM5,1775064300,1775064900,286538
84,XAUUSD,USD,PHASE_IF_USD_HIGH_IMPACT_PM5,1775143500,1775144100,291106
85,XAUUSD,USD,PHASE_IF_USD_HIGH_IMPACT_PM5,1775229900,1775230500,277606;277618;277642
86,XAUUSD,USD,PHASE_IF_USD_HIGH_IMPACT_PM5,1775234400,1775235000,291389
87,XAUUSD,USD,PHASE_IF_USD_HIGH_IMPACT_PM5,1775235300,1775235900,237158;237225
88,XAUUSD,USD,PHASE_IF_USD_HIGH_IMPACT_PM5,1775575500,1775576100,293694
89,XAUUSD,USD,PHASE_IF_USD_HIGH_IMPACT_PM5,1775669100,1775669700,288471
90,XAUUSD,USD,PHASE_IF_USD_HIGH_IMPACT_PM5,1775678100,1775678700,275131
91,XAUUSD,USD,PHASE_IF_USD_HIGH_IMPACT_PM5,1775748300,1775748900,284096;284098;287126;287197;291107
92,XAUUSD,USD,PHASE_IF_USD_HIGH_IMPACT_PM5,1775764500,1775765100,275134
93,XAUUSD,USD,PHASE_IF_USD_HIGH_IMPACT_PM5,1775834700,1775835300,277486;277498;277510;277790;277802
94,XAUUSD,USD,PHASE_IF_USD_HIGH_IMPACT_PM5,1776099300,1776099900,287281
95,XAUUSD,USD,PHASE_IF_USD_HIGH_IMPACT_PM5,1776180300,1776180900,277438
96,XAUUSD,USD,PHASE_IF_USD_HIGH_IMPACT_PM5,1776273900,1776274500,289511
97,XAUUSD,USD,PHASE_IF_USD_HIGH_IMPACT_PM5,1776353100,1776353700,287210;291108
98,XAUUSD,USD,PHASE_IF_USD_HIGH_IMPACT_PM5,1776785100,1776785700,293689;293691
99,XAUUSD,USD,PHASE_IF_USD_HIGH_IMPACT_PM5,1776878700,1776879300,290377
100,XAUUSD,USD,PHASE_IF_USD_HIGH_IMPACT_PM5,1776957900,1776958500,291109
101,XAUUSD,USD,PHASE_IF_USD_HIGH_IMPACT_PM5,1777395300,1777395900,279665
102,XAUUSD,USD,PHASE_IF_USD_HIGH_IMPACT_PM5,1777476300,1777476900,293695
103,XAUUSD,USD,PHASE_IF_USD_HIGH_IMPACT_PM5,1777483500,1777484100,291476
104,XAUUSD,USD,PHASE_IF_USD_HIGH_IMPACT_PM5,1777496100,1777496700,237382
105,XAUUSD,USD,PHASE_IF_USD_HIGH_IMPACT_PM5,1777497900,1777498500,237390
106,XAUUSD,USD,PHASE_IF_USD_HIGH_IMPACT_PM5,1777562700,1777563300,282555;282567;287127;287198;291110
107,XAUUSD,USD,PHASE_IF_USD_HIGH_IMPACT_PM5,1777567200,1777567800,290969
108,XAUUSD,USD,PHASE_IF_USD_HIGH_IMPACT_PM5,1777653600,1777654200,295480
109,XAUUSD,USD,PHASE_IF_USD_HIGH_IMPACT_PM5,1777654500,1777655100,237132;237146
110,XAUUSD,USD,PHASE_IF_USD_HIGH_IMPACT_PM5,1777999200,1777999800,295971
111,XAUUSD,USD,PHASE_IF_USD_HIGH_IMPACT_PM5,1778000100,1778000700,293682;293683;289565;237159;237226
112,XAUUSD,USD,PHASE_IF_USD_HIGH_IMPACT_PM5,1778080200,1778080800,274873
113,XAUUSD,USD,PHASE_IF_USD_HIGH_IMPACT_PM5,1778088300,1778088900,291477
114,XAUUSD,USD,PHASE_IF_USD_HIGH_IMPACT_PM5,1778167500,1778168100,295454
115,XAUUSD,USD,PHASE_IF_USD_HIGH_IMPACT_PM5,1778253900,1778254500,277607;277619;277643
116,XAUUSD,USD,PHASE_IF_USD_HIGH_IMPACT_PM5,1778518500,1778519100,287282
117,XAUUSD,USD,PHASE_IF_USD_HIGH_IMPACT_PM5,1778599500,1778600100,277487;277499;277511;277791;277803
118,XAUUSD,USD,PHASE_IF_USD_HIGH_IMPACT_PM5,1778615700,1778616300,286525
119,XAUUSD,USD,PHASE_IF_USD_HIGH_IMPACT_PM5,1778685900,1778686500,277439
120,XAUUSD,USD,PHASE_IF_USD_HIGH_IMPACT_PM5,1778693100,1778693700,292377
121,XAUUSD,USD,PHASE_IF_USD_HIGH_IMPACT_PM5,1778702100,1778702700,286528
122,XAUUSD,USD,PHASE_IF_USD_HIGH_IMPACT_PM5,1778772300,1778772900,270279;270291;295455
123,XAUUSD,USD,PHASE_IF_USD_HIGH_IMPACT_PM5,1779297900,1779298500,293519
124,XAUUSD,USD,PHASE_IF_USD_HIGH_IMPACT_PM5,1779377100,1779377700,287211;295456
125,XAUUSD,USD,PHASE_IF_USD_HIGH_IMPACT_PM5,1779814500,1779815100,279666
126,XAUUSD,USD,PHASE_IF_USD_HIGH_IMPACT_PM5,1779981900,1779982500,282556;282568;287128;287199;270315;295457
127,XAUUSD,USD,PHASE_IF_USD_HIGH_IMPACT_PM5,1779987300,1779987900,293684
128,XAUUSD,USD,PHASE_IF_USD_HIGH_IMPACT_PM5,1779994500,1779995100,294501
129,XAUUSD,USD,PHASE_IF_USD_HIGH_IMPACT_PM5,1780072800,1780073400,295361
130,XAUUSD,USD,PHASE_IF_USD_HIGH_IMPACT_PM5,1780284300,1780284900,304181
131,XAUUSD,USD,PHASE_IF_USD_HIGH_IMPACT_PM5,1780332000,1780332600,300890
132,XAUUSD,USD,PHASE_IF_USD_HIGH_IMPACT_PM5,1780332900,1780333500,283014;283020
133,XAUUSD,USD,PHASE_IF_USD_HIGH_IMPACT_PM5,1780419300,1780419900,289566
134,XAUUSD,USD,PHASE_IF_USD_HIGH_IMPACT_PM5,1780499400,1780500000,274874
135,XAUUSD,USD,PHASE_IF_USD_HIGH_IMPACT_PM5,1780504800,1780505400,301160
136,XAUUSD,USD,PHASE_IF_USD_HIGH_IMPACT_PM5,1780505700,1780506300,283025;283055
137,XAUUSD,USD,PHASE_IF_USD_HIGH_IMPACT_PM5,1780507500,1780508100,295466
138,XAUUSD,USD,PHASE_IF_USD_HIGH_IMPACT_PM5,1780586700,1780587300,300863
139,XAUUSD,USD,PHASE_IF_USD_HIGH_IMPACT_PM5,1780673100,1780673700,277608;277620;277644
140,XAUUSD,USD,PHASE_IF_USD_HIGH_IMPACT_PM5,1781024100,1781024700,287283
141,XAUUSD,USD,PHASE_IF_USD_HIGH_IMPACT_PM5,1781105100,1781105700,277488;277500;277512;277792;277804
142,XAUUSD,USD,PHASE_IF_USD_HIGH_IMPACT_PM5,1781112300,1781112900,296455
143,XAUUSD,USD,PHASE_IF_USD_HIGH_IMPACT_PM5,1781121300,1781121900,286526
144,XAUUSD,USD,PHASE_IF_USD_HIGH_IMPACT_PM5,1781191500,1781192100,277440;300864
145,XAUUSD,USD,PHASE_IF_USD_HIGH_IMPACT_PM5,1781207700,1781208300,286529
146,XAUUSD,USD,PHASE_IF_USD_HIGH_IMPACT_PM5,1781709900,1781710500,270280;270292
147,XAUUSD,USD,PHASE_IF_USD_HIGH_IMPACT_PM5,1781717100,1781717700,297730
148,XAUUSD,USD,PHASE_IF_USD_HIGH_IMPACT_PM5,1781729700,1781730300,237383
149,XAUUSD,USD,PHASE_IF_USD_HIGH_IMPACT_PM5,1781731500,1781732100,237391
150,XAUUSD,USD,PHASE_IF_USD_HIGH_IMPACT_PM5,1781796300,1781796900,287212;300865
151,XAUUSD,USD,PHASE_IF_USD_HIGH_IMPACT_PM5,1782320100,1782320700,270256
152,XAUUSD,USD,PHASE_IF_USD_HIGH_IMPACT_PM5,1782321900,1782322500,298795
153,XAUUSD,USD,PHASE_IF_USD_HIGH_IMPACT_PM5,1782401100,1782401700,282557;282569;287129;287200;270316;300866
154,XAUUSD,USD,PHASE_IF_USD_HIGH_IMPACT_PM5,1782837600,1782838200,300751
155,XAUUSD,USD,PHASE_IF_USD_HIGH_IMPACT_PM5,1782838500,1782839100,289567;279667
156,XAUUSD,USD,PHASE_IF_USD_HIGH_IMPACT_PM5,1782918600,1782919200,274875
157,XAUUSD,USD,PHASE_IF_USD_HIGH_IMPACT_PM5,1782924000,1782924600,305553
158,XAUUSD,USD,PHASE_IF_USD_HIGH_IMPACT_PM5,1782924900,1782925500,237134;237148
159,XAUUSD,USD,PHASE_IF_USD_HIGH_IMPACT_PM5,1782926700,1782927300,299813
160,XAUUSD,USD,PHASE_IF_USD_HIGH_IMPACT_PM5,1783005900,1783006500,277609;277621;277645;305526
161,XAUUSD,USD,PHASE_IF_USD_HIGH_IMPACT_PM5,1783356000,1783356600,306063
162,XAUUSD,USD,PHASE_IF_USD_HIGH_IMPACT_PM5,1783356900,1783357500,283026;283056
163,XAUUSD,USD,PHASE_IF_USD_HIGH_IMPACT_PM5,1783531500,1783532100,301610
164,XAUUSD,USD,PHASE_IF_USD_HIGH_IMPACT_PM5,1783540500,1783541100,286527
165,XAUUSD,USD,PHASE_IF_USD_HIGH_IMPACT_PM5,1783610700,1783611300,305527
166,XAUUSD,USD,PHASE_IF_USD_HIGH_IMPACT_PM5,1783616100,1783616700,287284
167,XAUUSD,USD,PHASE_IF_USD_HIGH_IMPACT_PM5,1783626900,1783627500,286530
168,XAUUSD,USD,PHASE_IF_USD_HIGH_IMPACT_PM5,1784042700,1784043300,277489;277501;277513;277793;277805
169,XAUUSD,USD,PHASE_IF_USD_HIGH_IMPACT_PM5,1784129100,1784129700,277441
170,XAUUSD,USD,PHASE_IF_USD_HIGH_IMPACT_PM5,1784136300,1784136900,302724
171,XAUUSD,USD,PHASE_IF_USD_HIGH_IMPACT_PM5,1784215500,1784216100,270281;270293;287213;305528
172,XAUUSD,USD,PHASE_IF_USD_HIGH_IMPACT_PM5,1784741100,1784741700,303950
173,XAUUSD,USD,PHASE_IF_USD_HIGH_IMPACT_PM5,1784820300,1784820900,305529
174,XAUUSD,USD,PHASE_IF_USD_HIGH_IMPACT_PM5,1784912100,1784912700,270257
175,XAUUSD,USD,PHASE_IF_USD_HIGH_IMPACT_PM5,1785165900,1785166500,270317
176,XAUUSD,USD,PHASE_IF_USD_HIGH_IMPACT_PM5,1785257700,1785258300,279668
177,XAUUSD,USD,PHASE_IF_USD_HIGH_IMPACT_PM5,1785345900,1785346500,304809
178,XAUUSD,USD,PHASE_IF_USD_HIGH_IMPACT_PM5,1785358500,1785359100,237384
179,XAUUSD,USD,PHASE_IF_USD_HIGH_IMPACT_PM5,1785360300,1785360900,237392
180,XAUUSD,USD,PHASE_IF_USD_HIGH_IMPACT_PM5,1785425100,1785425700,282558;282570;287130;287201;305530
181,XAUUSD,USD,PHASE_IF_USD_HIGH_IMPACT_PM5,1785516000,1785516600,305429
182,XAUUSD,USD,PHASE_IF_USD_HIGH_IMPACT_PM5,1785775200,1785775800,309986
183,XAUUSD,USD,PHASE_IF_USD_HIGH_IMPACT_PM5,1785776100,1785776700,283015;283021
184,XAUUSD,USD,PHASE_IF_USD_HIGH_IMPACT_PM5,1785862500,1785863100,289568
185,XAUUSD,USD,PHASE_IF_USD_HIGH_IMPACT_PM5,1785942600,1785943200,274876
186,XAUUSD,USD,PHASE_IF_USD_HIGH_IMPACT_PM5,1785948000,1785948600,310202
187,XAUUSD,USD,PHASE_IF_USD_HIGH_IMPACT_PM5,1785948900,1785949500,237162;237229
188,XAUUSD,USD,PHASE_IF_USD_HIGH_IMPACT_PM5,1785950700,1785951300,305757
189,XAUUSD,USD,PHASE_IF_USD_HIGH_IMPACT_PM5,1786029900,1786030500,309701
190,XAUUSD,USD,PHASE_IF_USD_HIGH_IMPACT_PM5,1786116300,1786116900,277610;277622;277646
191,XAUUSD,USD,PHASE_IF_USD_HIGH_IMPACT_PM5,1786467300,1786467900,287285
192,XAUUSD,USD,PHASE_IF_USD_HIGH_IMPACT_PM5,1786548300,1786548900,277490;277502;277514;277794;277806
193,XAUUSD,USD,PHASE_IF_USD_HIGH_IMPACT_PM5,1786555500,1786556100,306448
194,XAUUSD,USD,PHASE_IF_USD_HIGH_IMPACT_PM5,1786564500,1786565100,301598
195,XAUUSD,USD,PHASE_IF_USD_HIGH_IMPACT_PM5,1786634700,1786635300,277442;309702
196,XAUUSD,USD,PHASE_IF_USD_HIGH_IMPACT_PM5,1786650900,1786651500,301601
197,XAUUSD,USD,PHASE_IF_USD_HIGH_IMPACT_PM5,1786721100,1786721700,270282;270294
198,XAUUSD,USD,PHASE_IF_USD_HIGH_IMPACT_PM5,1787160300,1787160900,307859
199,XAUUSD,USD,PHASE_IF_USD_HIGH_IMPACT_PM5,1787239500,1787240100,287214;309703
200,XAUUSD,USD,PHASE_IF_USD_HIGH_IMPACT_PM5,1787676900,1787677500,270258;279669
201,XAUUSD,USD,PHASE_IF_USD_HIGH_IMPACT_PM5,1787757900,1787758500,282559;282571;287131;287202;270318
202,XAUUSD,USD,PHASE_IF_USD_HIGH_IMPACT_PM5,1787765100,1787765700,308722
203,XAUUSD,USD,PHASE_IF_USD_HIGH_IMPACT_PM5,1787844300,1787844900,309704
204,XAUUSD,USD,PHASE_IF_USD_HIGH_IMPACT_PM5,1788194400,1788195000,309605
