run_stage;symbol;asset_class;commission_rule;day_key;broker_day_start;nr7_high;nr7_low;nr7_range;side;signal_time;entry_time;exit_time;entry;initial_stop;exit;initial_risk_price;risk_money_1lot_usd;gross_r;commission_usd_1lot;commission_r;net_r;net_r_commission_x1_5;exit_reason;trade_id;mfe_r;mae_r;mfe_time;mae_time;time_to_mfe_minutes;time_to_mae_minutes;max_retracement_from_mfe_r;reached_0_5r;first_touch_0_5r_time;time_to_0_5r_minutes;mae_before_0_5r;reached_1r;first_touch_1r_time;time_to_1r_minutes;mae_before_1r;reached_2r;first_touch_2r_time;time_to_2r_minutes;mae_before_2r;reached_3r;first_touch_3r_time;time_to_3r_minutes;mae_before_3r;reached_5r;first_touch_5r_time;time_to_5r_minutes;mae_before_5r;min_r_after_first_1r_before_exit;max_r_after_first_1r_before_exit;min_r_after_first_2r_before_exit;max_r_after_first_2r_before_exit;min_r_after_first_3r_before_exit;max_r_after_first_3r_before_exit;path_ambiguous;path_ambiguity_reason
RUN;GBPUSD;FOREX;USD5_PER_LOT_PER_SIDE;20240102;2024.01.02 00:00;1.27320;1.27164;0.00156;LONG;2024.01.02 00:00;2024.01.02 00:00;2024.01.02 03:37;1.27326;1.27164;1.27162;0.00162;162.00000000;-1.01234568;10.00000000;0.06172840;-1.07407407;-1.10493827;STOP;GBPUSD_20240102_LONG;0.11728395;1.01234568;2024.01.02 00:08:36;2024.01.02 03:37:37;8.233333;217.250000;1.12962963;0;;;;0;;;;0;;;;0;;;;0;;;;;;;;;;0;
RUN;GBPUSD;FOREX;USD5_PER_LOT_PER_SIDE;20240111;2024.01.11 00:00;1.27432;1.26852;0.00580;LONG;2024.01.11 00:27;2024.01.11 00:27;2024.01.11 23:59;1.27433;1.26852;1.27565;0.00581;581.00000000;0.22719449;10.00000000;0.01721170;0.20998279;0.20137694;EOD;GBPUSD_20240111_LONG;0.56798623;0.92943201;2024.01.11 14:30:15;2024.01.11 16:14:40;843.093700;947.503533;1.49741824;1;2024.01.11 07:32:38;425.466667;0.02925990;0;;;;0;;;;0;;;;0;;;;;;;;;;0;
RUN;GBPUSD;FOREX;USD5_PER_LOT_PER_SIDE;20240116;2024.01.16 00:00;1.27646;1.27121;0.00525;SHORT;2024.01.16 01:13;2024.01.16 01:13;2024.01.16 23:59;1.27121;1.27646;1.26399;0.00525;525.00000000;1.37523810;10.00000000;0.01904762;1.35619048;1.34666667;EOD;GBPUSD_20240116_SHORT;1.76761905;0.05904762;2024.01.16 12:13:33;2024.01.16 01:13:31;660.531167;0.483333;1.15428571;1;2024.01.16 02:04:00;50.966667;0.05904762;1;2024.01.16 09:32:27;499.432000;0.05904762;0;;;;0;;;;0;;;;0.61333333;1.76761905;;;;;0;
RUN;GBPUSD;FOREX;USD5_PER_LOT_PER_SIDE;20240123;2024.01.23 00:00;1.27320;1.26859;0.00461;LONG;2024.01.23 05:56;2024.01.23 05:56;2024.01.23 15:30;1.27321;1.26859;1.26858;0.00462;462.00000000;-1.00216450;10.00000000;0.02164502;-1.02380952;-1.03463203;STOP;GBPUSD_20240123_LONG;0.30519481;1.00216450;2024.01.23 08:06:39;2024.01.23 15:30:28;130.663150;574.466667;1.30735931;0;;;;0;;;;0;;;;0;;;;0;;;;;;;;;;0;
RUN;GBPUSD;FOREX;USD5_PER_LOT_PER_SIDE;20240208;2024.02.08 00:00;1.26408;1.25945;0.00463;SHORT;2024.02.08 13:30;2024.02.08 13:30;2024.02.08 23:59;1.25945;1.26408;1.26185;0.00463;463.00000000;-0.51835853;10.00000000;0.02159827;-0.53995680;-0.55075594;EOD;GBPUSD_20240208_SHORT;0.47732181;0.77753780;2024.02.08 14:47:40;2024.02.08 19:03:06;77.335667;332.769467;1.25485961;0;;;;0;;;;0;;;;0;;;;0;;;;;;;;;;0;
RUN;GBPUSD;FOREX;USD5_PER_LOT_PER_SIDE;20240212;2024.02.12 00:00;1.26421;1.25981;0.00440;LONG;2024.02.12 01:32;2024.02.12 01:32;2024.02.12 23:59;1.26422;1.25981;1.26255;0.00441;441.00000000;-0.37868481;10.00000000;0.02267574;-0.40136054;-0.41269841;EOD;GBPUSD_20240212_LONG;0.25396825;0.83900227;2024.02.12 08:57:14;2024.02.12 14:55:33;444.604750;802.916667;1.09297052;0;;;;0;;;;0;;;;0;;;;0;;;;;;;;;;0;
RUN;GBPUSD;FOREX;USD5_PER_LOT_PER_SIDE;20240222;2024.02.22 00:00;1.26408;1.26014;0.00394;LONG;2024.02.22 00:01;2024.02.22 00:01;2024.02.22 23:59;1.26409;1.26014;1.26561;0.00395;395.00000000;0.38481013;10.00000000;0.02531646;0.35949367;0.34683544;EOD;GBPUSD_20240222_LONG;1.70126582;0.76962025;2024.02.22 09:29:38;2024.02.22 16:10:14;568.042850;968.646267;2.47088608;1;2024.02.22 08:17:39;496.066650;0.27341772;1;2024.02.22 09:07:35;545.992100;0.27341772;0;;;;0;;;;0;;;;-0.76962025;1.70126582;;;;;0;
RUN;GBPUSD;FOREX;USD5_PER_LOT_PER_SIDE;20240228;2024.02.28 00:00;1.26960;1.26595;0.00365;SHORT;2024.02.28 06:30;2024.02.28 06:30;2024.02.28 23:59;1.26595;1.26960;1.26621;0.00365;365.00000000;-0.07123288;10.00000000;0.02739726;-0.09863014;-0.11232877;EOD;GBPUSD_20240228_SHORT;1.01369863;0.40547945;2024.02.28 11:00:38;2024.02.28 18:05:39;270.066150;695.072400;1.41917808;1;2024.02.28 09:24:35;174.013667;0.10410959;1;2024.02.28 11:00:36;270.024900;0.10410959;0;;;;0;;;;0;;;;-0.40547945;1.01369863;;;;;0;
RUN;GBPUSD;FOREX;USD5_PER_LOT_PER_SIDE;20240314;2024.03.14 00:00;1.28104;1.27732;0.00372;LONG;2024.03.14 10:12;2024.03.14 10:12;2024.03.14 15:47;1.28104;1.27732;1.27732;0.00372;372.00000000;-1.00000000;10.00000000;0.02688172;-1.02688172;-1.04032258;STOP;GBPUSD_20240314_LONG;0.30913978;1.00000000;2024.03.14 12:16:35;2024.03.14 15:47:29;124.523350;335.436567;1.30913978;0;;;;0;;;;0;;;;0;;;;0;;;;;;;;;;0;
RUN;GBPUSD;FOREX;USD5_PER_LOT_PER_SIDE;20240318;2024.03.18 00:00;1.27581;1.27241;0.00340;SHORT;2024.03.18 16:41;2024.03.18 16:41;2024.03.18 23:59;1.27239;1.27581;1.27307;0.00342;342.00000000;-0.19883041;10.00000000;0.02923977;-0.22807018;-0.24269006;EOD;GBPUSD_20240318_SHORT;0.15497076;0.34795322;2024.03.18 19:47:39;2024.03.18 17:58:00;185.992867;76.342867;0.48245614;0;;;;0;;;;0;;;;0;;;;0;;;;;;;;;;0;
RUN;GBPUSD;FOREX;USD5_PER_LOT_PER_SIDE;20240319;2024.03.19 00:00;1.27458;1.27169;0.00289;SHORT;2024.03.19 03:22;2024.03.19 03:22;2024.03.19 23:59;1.27169;1.27458;1.27232;0.00289;289.00000000;-0.21799308;10.00000000;0.03460208;-0.25259516;-0.26989619;EOD;GBPUSD_20240319_SHORT;1.68166090;0.57785467;2024.03.19 11:55:39;2024.03.19 19:33:38;513.434483;971.416667;2.25951557;1;2024.03.19 08:06:00;283.783333;0.45328720;1;2024.03.19 10:19:29;417.279267;0.45328720;0;;;;0;;;;0;;;;-0.57785467;1.68166090;;;;;0;
RUN;GBPUSD;FOREX;USD5_PER_LOT_PER_SIDE;20240328;2024.03.28 00:00;1.26406;1.26047;0.00359;SHORT;2024.03.28 10:35;2024.03.28 10:35;2024.03.28 14:57;1.26047;1.26406;1.26406;0.00359;359.00000000;-1.00000000;10.00000000;0.02785515;-1.02785515;-1.04178273;STOP;GBPUSD_20240328_SHORT;0.50139276;1.00000000;2024.03.28 11:23:59;2024.03.28 14:57:37;48.650000;262.294750;1.50139276;1;2024.03.28 11:23:59;48.650000;0.17270195;0;;;;0;;;;0;;;;0;;;;;;;;;;0;
RUN;GBPUSD;FOREX;USD5_PER_LOT_PER_SIDE;20240419;2024.04.19 00:00;1.24839;1.24287;0.00552;SHORT;2024.04.19 02:17;2024.04.19 02:17;2024.04.19 22:58;1.24287;1.24839;1.23718;0.00552;552.00000000;1.03079710;10.00000000;0.01811594;1.01268116;1.00362319;EOD;GBPUSD_20240419_SHORT;1.10326087;0.73550725;2024.04.19 20:41:17;2024.04.19 15:33:41;1104.033183;796.435650;1.43659420;1;2024.04.19 03:43:40;86.414150;0.06521739;1;2024.04.19 20:00:27;1063.209017;0.73550725;0;;;;0;;;;0;;;;0.85688406;1.10326087;;;;;0;
RUN;GBPUSD;FOREX;USD5_PER_LOT_PER_SIDE;20240425;2024.04.25 00:00;1.24690;1.24217;0.00473;LONG;2024.04.25 04:48;2024.04.25 04:48;2024.04.25 23:59;1.24690;1.24217;1.25100;0.00473;473.00000000;0.86680761;10.00000000;0.02114165;0.84566596;0.83509514;EOD;GBPUSD_20240425_LONG;1.17336152;0.27695560;2024.04.25 14:30:42;2024.04.25 16:04:15;582.470667;676.028950;1.45031712;1;2024.04.25 08:32:15;224.029167;0.21775899;1;2024.04.25 10:32:13;343.988883;0.21775899;0;;;;0;;;;0;;;;-0.27695560;1.17336152;;;;;0;
RUN;GBPUSD;FOREX;USD5_PER_LOT_PER_SIDE;20240507;2024.05.07 00:00;1.25934;1.25371;0.00563;SHORT;2024.05.07 08:00;2024.05.07 08:00;2024.05.07 23:59;1.25371;1.25934;1.25085;0.00563;563.00000000;0.50799290;10.00000000;0.01776199;0.49023091;0.48134991;EOD;GBPUSD_20240507_SHORT;0.62877442;0.50444050;2024.05.07 20:32:36;2024.05.07 15:44:38;751.983833;464.012700;0.62166963;1;2024.05.07 20:01:00;720.377783;0.50444050;0;;;;0;;;;0;;;;0;;;;;;;;;;0;
RUN;GBPUSD;FOREX;USD5_PER_LOT_PER_SIDE;20240509;2024.05.09 00:00;1.25078;1.24669;0.00409;SHORT;2024.05.09 13:00;2024.05.09 13:00;2024.05.09 14:38;1.24669;1.25078;1.25078;0.00409;409.00000000;-1.00000000;10.00000000;0.02444988;-1.02444988;-1.03667482;STOP;GBPUSD_20240509_SHORT;0.48899756;1.00000000;2024.05.09 13:08:15;2024.05.09 14:38:29;7.751917;97.988000;1.48899756;0;;;;0;;;;0;;;;0;;;;0;;;;;;;;;;0;
RUN;GBPUSD;FOREX;USD5_PER_LOT_PER_SIDE;20240513;2024.05.13 00:00;1.25404;1.25017;0.00387;LONG;2024.05.13 13:10;2024.05.13 13:10;2024.05.13 23:59;1.25404;1.25017;1.25575;0.00387;387.00000000;0.44186047;10.00000000;0.02583979;0.41602067;0.40310078;EOD;GBPUSD_20240513_LONG;0.71059432;0.07751938;2024.05.13 16:47:14;2024.05.13 13:11:40;216.597050;1.016667;0.56589147;1;2024.05.13 15:19:27;128.803317;0.07751938;0;;;;0;;;;0;;;;0;;;;;;;;;;0;
RUN;GBPUSD;FOREX;USD5_PER_LOT_PER_SIDE;20240521;2024.05.21 00:00;1.27247;1.26882;0.00365;LONG;2024.05.21 11:58;2024.05.21 11:58;2024.05.21 15:02;1.27247;1.26882;1.26881;0.00365;365.00000000;-1.00273973;10.00000000;0.02739726;-1.03013699;-1.04383562;STOP;GBPUSD_20240521_LONG;0.00000000;1.00273973;;2024.05.21 15:02:37;;184.073183;1.00273973;0;;;;0;;;;0;;;;0;;;;0;;;;;;;;;;0;
RUN;GBPUSD;FOREX;USD5_PER_LOT_PER_SIDE;20240606;2024.06.06 00:00;1.27946;1.27545;0.00401;LONG;2024.06.06 01:41;2024.06.06 01:41;2024.06.06 23:59;1.27947;1.27545;1.27905;0.00402;402.00000000;-0.10447761;10.00000000;0.02487562;-0.12935323;-0.14179104;EOD;GBPUSD_20240606_LONG;0.33830846;0.82089552;2024.06.06 03:57:12;2024.06.06 15:20:40;135.566667;819.033333;1.15920398;0;;;;0;;;;0;;;;0;;;;0;;;;;;;;;;0;
RUN;GBPUSD;FOREX;USD5_PER_LOT_PER_SIDE;20240620;2024.06.20 00:00;1.27392;1.26994;0.00398;SHORT;2024.06.20 10:15;2024.06.20 10:15;2024.06.20 23:59;1.26993;1.27392;1.26602;0.00399;399.00000000;0.97994987;10.00000000;0.02506266;0.95488722;0.94235589;EOD;GBPUSD_20240620_SHORT;1.14035088;0.30075188;2024.06.20 23:01:13;2024.06.20 12:06:15;765.605567;110.638900;0.57393484;1;2024.06.20 13:59:16;223.665200;0.30075188;1;2024.06.20 22:26:49;731.205567;0.30075188;0;;;;0;;;;0;;;;0.86967419;1.14035088;;;;;0;
RUN;GBPUSD;FOREX;USD5_PER_LOT_PER_SIDE;20240626;2024.06.26 00:00;1.27017;1.26696;0.00321;SHORT;2024.06.26 09:14;2024.06.26 09:14;2024.06.26 23:59;1.26695;1.27017;1.26243;0.00322;322.00000000;1.40372671;10.00000000;0.03105590;1.37267081;1.35714286;EOD;GBPUSD_20240626_SHORT;1.65527950;0.18012422;2024.06.26 21:26:39;2024.06.26 09:51:15;732.433333;37.033333;0.72981366;1;2024.06.26 13:15:29;241.276283;0.18012422;1;2024.06.26 15:17:20;363.126183;0.18012422;0;;;;0;;;;0;;;;0.57763975;1.65527950;;;;;0;
RUN;GBPUSD;FOREX;USD5_PER_LOT_PER_SIDE;20240705;2024.07.05 00:00;1.27676;1.27409;0.00267;LONG;2024.07.05 02:47;2024.07.05 02:47;2024.07.05 22:58;1.27676;1.27409;1.28139;0.00267;267.00000000;1.73408240;10.00000000;0.03745318;1.69662921;1.67790262;EOD;GBPUSD_20240705_LONG;1.85393258;0.22471910;2024.07.05 21:51:42;2024.07.05 03:06:35;1144.633333;19.516667;1.20973783;1;2024.07.05 10:47:38;480.566667;0.22471910;1;2024.07.05 14:30:39;703.594367;0.22471910;0;;;;0;;;;0;;;;0.65168539;1.85393258;;;;;0;
RUN;GBPUSD;FOREX;USD5_PER_LOT_PER_SIDE;20240717;2024.07.17 00:00;1.29781;1.29618;0.00163;LONG;2024.07.17 02:00;2024.07.17 02:00;2024.07.17 22:50;1.29781;1.29618;1.30085;0.00163;163.00000000;1.86503067;10.00000000;0.06134969;1.80368098;1.77300613;EOD;GBPUSD_20240717_LONG;4.07361963;0.74233129;2024.07.17 12:05:15;2024.07.17 07:14:28;604.745017;313.953633;2.80368098;1;2024.07.17 08:00:41;360.181150;0.74233129;1;2024.07.17 09:14:17;433.781433;0.74233129;1;2024.07.17 09:38:42;458.198367;0.74233129;1;2024.07.17 10:43:37;523.115667;0.74233129;0;;;;0.65030675;4.07361963;1.26993865;4.07361963;1.26993865;4.07361963;0;
RUN;GBPUSD;FOREX;USD5_PER_LOT_PER_SIDE;20240729;2024.07.29 00:00;1.28779;1.28498;0.00281;LONG;2024.07.29 03:39;2024.07.29 03:39;2024.07.29 10:18;1.28779;1.28498;1.28498;0.00281;281.00000000;-1.00000000;10.00000000;0.03558719;-1.03558719;-1.05338078;STOP;GBPUSD_20240729_LONG;0.35943060;1.00000000;2024.07.29 03:55:39;2024.07.29 10:18:44;16.178033;399.253100;1.35943060;0;;;;0;;;;0;;;;0;;;;0;;;;;;;;;;0;
RUN;GBPUSD;FOREX;USD5_PER_LOT_PER_SIDE;20240812;2024.08.12 00:00;1.27739;1.27262;0.00477;LONG;2024.08.12 00:00;2024.08.12 00:00;2024.08.12 23:59;1.27756;1.27262;1.27600;0.00494;494.00000000;-0.31578947;10.00000000;0.02024291;-0.33603239;-0.34615385;EOD;GBPUSD_20240812_LONG;0.37246964;0.58502024;2024.08.12 18:12:39;2024.08.12 03:00:38;1092.158333;180.148633;0.78137652;0;;;;0;;;;0;;;;0;;;;0;;;;;;;;;;0;
RUN;GBPUSD;FOREX;USD5_PER_LOT_PER_SIDE;20240813;2024.08.13 00:00;1.27940;1.27467;0.00473;LONG;2024.08.13 09:00;2024.08.13 09:00;2024.08.13 23:59;1.27940;1.27467;1.28593;0.00473;473.00000000;1.38054968;10.00000000;0.02114165;1.35940803;1.34883721;EOD;GBPUSD_20240813_LONG;1.67019027;0.31078224;2024.08.13 21:37:15;2024.08.13 13:45:39;756.616767;285.013567;0.71247357;1;2024.08.13 16:42:21;461.700983;0.31078224;1;2024.08.13 19:49:17;648.642783;0.31078224;0;;;;0;;;;0;;;;1.00211416;1.67019027;;;;;0;
RUN;GBPUSD;FOREX;USD5_PER_LOT_PER_SIDE;20240823;2024.08.23 00:00;1.31300;1.30764;0.00536;LONG;2024.08.23 11:59;2024.08.23 11:59;2024.08.23 23:58;1.31301;1.30764;1.32086;0.00537;537.00000000;1.46182495;10.00000000;0.01862197;1.44320298;1.43389199;EOD;GBPUSD_20240823_LONG;1.86778399;0.40595903;2024.08.23 18:17:42;2024.08.23 16:20:38;378.419850;261.348783;1.03351955;1;2024.08.23 17:02:28;303.188383;0.40595903;1;2024.08.23 17:05:05;305.807133;0.40595903;0;;;;0;;;;0;;;;0.59962756;1.86778399;;;;;0;
RUN;GBPUSD;FOREX;USD5_PER_LOT_PER_SIDE;20240827;2024.08.27 00:00;1.32220;1.31801;0.00419;LONG;2024.08.27 11:31;2024.08.27 11:31;2024.08.27 23:59;1.32221;1.31801;1.32614;0.00420;420.00000000;0.93571429;10.00000000;0.02380952;0.91190476;0.90000000;EOD;GBPUSD_20240827_LONG;1.05000000;0.43095238;2024.08.27 23:05:42;2024.08.27 15:34:05;694.075683;242.454550;1.02380952;1;2024.08.27 12:19:17;47.652533;0.16428571;1;2024.08.27 21:47:36;615.966950;0.43095238;0;;;;0;;;;0;;;;0.72142857;1.05000000;;;;;0;
RUN;GBPUSD;FOREX;USD5_PER_LOT_PER_SIDE;20240903;2024.09.03 00:00;1.31552;1.31198;0.00354;SHORT;2024.09.03 08:24;2024.09.03 08:24;2024.09.03 23:59;1.31197;1.31552;1.31142;0.00355;355.00000000;0.15492958;10.00000000;0.02816901;0.12676056;0.11267606;EOD;GBPUSD_20240903_SHORT;0.89859155;0.76338028;2024.09.03 21:04:41;2024.09.03 16:27:17;760.199033;482.789000;1.06478873;1;2024.09.03 17:16:39;532.165700;0.76338028;0;;;;0;;;;0;;;;0;;;;;;;;;;0;
RUN;GBPUSD;FOREX;USD5_PER_LOT_PER_SIDE;20240916;2024.09.16 00:00;1.31580;1.31149;0.00431;LONG;2024.09.16 06:42;2024.09.16 06:42;2024.09.16 23:59;1.31580;1.31149;1.32158;0.00431;431.00000000;1.34106729;10.00000000;0.02320186;1.31786543;1.30626450;EOD;GBPUSD_20240916_LONG;1.40139211;0.12064965;2024.09.16 23:31:59;2024.09.16 08:34:13;1009.583333;111.816667;0.53364269;1;2024.09.16 11:16:26;274.039650;0.12064965;1;2024.09.16 13:21:05;398.690900;0.12064965;0;;;;0;;;;0;;;;0.68909513;1.40139211;;;;;0;
RUN;GBPUSD;FOREX;USD5_PER_LOT_PER_SIDE;20240930;2024.09.30 00:00;1.34277;1.33600;0.00677;SHORT;2024.09.30 21:17;2024.09.30 21:17;2024.09.30 23:59;1.33592;1.34277;1.33753;0.00685;685.00000000;-0.23503650;10.00000000;0.01459854;-0.24963504;-0.25693431;EOD;GBPUSD_20240930_SHORT;0.13284672;0.33576642;2024.09.30 21:27:16;2024.09.30 21:54:39;9.552650;36.941967;0.46861314;0;;;;0;;;;0;;;;0;;;;0;;;;;;;;;;0;
RUN;GBPUSD;FOREX;USD5_PER_LOT_PER_SIDE;20241003;2024.10.03 00:00;1.33057;1.32459;0.00598;SHORT;2024.10.03 07:05;2024.10.03 07:05;2024.10.03 23:59;1.32459;1.33057;1.31246;0.00598;598.00000000;2.02842809;10.00000000;0.01672241;2.01170569;2.00334448;EOD;GBPUSD_20241003_SHORT;2.57023411;0.10869565;2024.10.03 17:04:16;2024.10.03 07:21:38;598.668650;16.034917;0.66555184;1;2024.10.03 08:07:42;62.111283;0.10869565;1;2024.10.03 08:24:38;79.048400;0.10869565;1;2024.10.03 11:16:30;250.903867;0.10869565;0;;;;0;;;;0.87290970;2.57023411;1.86287625;2.57023411;;;0;
RUN;GBPUSD;FOREX;USD5_PER_LOT_PER_SIDE;20241009;2024.10.09 00:00;1.31135;1.30643;0.00492;SHORT;2024.10.09 10:09;2024.10.09 10:09;2024.10.09 23:59;1.30635;1.31135;1.30712;0.00500;500.00000000;-0.15400000;10.00000000;0.02000000;-0.17400000;-0.18400000;EOD;GBPUSD_20241009_SHORT;0.15600000;0.64600000;2024.10.09 10:11:16;2024.10.09 14:16:37;1.741250;247.095583;0.80200000;0;;;;0;;;;0;;;;0;;;;0;;;;;;;;;;0;
RUN;GBPUSD;FOREX;USD5_PER_LOT_PER_SIDE;20241014;2024.10.14 00:00;1.30834;1.30417;0.00417;SHORT;2024.10.14 03:08;2024.10.14 03:08;2024.10.14 23:59;1.30417;1.30834;1.30604;0.00417;417.00000000;-0.44844125;10.00000000;0.02398082;-0.47242206;-0.48441247;EOD;GBPUSD_20241014_SHORT;0.26858513;0.72901679;2024.10.14 16:16:15;2024.10.14 09:31:38;787.997067;383.372217;0.75299760;0;;;;0;;;;0;;;;0;;;;0;;;;;;;;;;0;
RUN;GBPUSD;FOREX;USD5_PER_LOT_PER_SIDE;20241015;2024.10.15 00:00;1.30720;1.30304;0.00416;LONG;2024.10.15 10:58;2024.10.15 10:58;2024.10.15 23:59;1.30720;1.30304;1.30735;0.00416;416.00000000;0.03605769;10.00000000;0.02403846;0.01201923;-0.00000000;EOD;GBPUSD_20241015_LONG;0.75000000;0.26923077;2024.10.15 16:21:40;2024.10.15 20:52:40;323.027683;594.021283;1.01923077;1;2024.10.15 13:27:40;149.028367;0.11298077;0;;;;0;;;;0;;;;0;;;;;;;;;;0;
RUN;GBPUSD;FOREX;USD5_PER_LOT_PER_SIDE;20241028;2024.10.28 00:00;1.29986;1.29558;0.00428;SHORT;2024.10.28 01:02;2024.10.28 01:02;2024.10.28 17:50;1.29549;1.29986;1.29986;0.00437;437.00000000;-1.00000000;10.00000000;0.02288330;-1.02288330;-1.03432494;STOP;GBPUSD_20241028_SHORT;0.34324943;1.00000000;2024.10.28 08:19:40;2024.10.28 17:50:47;437.174683;1008.298383;1.34324943;0;;;;0;;;;0;;;;0;;;;0;;;;;;;;;;0;
RUN;GBPUSD;FOREX;USD5_PER_LOT_PER_SIDE;20241126;2024.11.26 00:00;1.26135;1.25416;0.00719;SHORT;2024.11.26 01:43;2024.11.26 01:43;2024.11.26 14:37;1.25416;1.26135;1.26136;0.00719;719.00000000;-1.00139082;10.00000000;0.01390821;-1.01529903;-1.02225313;STOP;GBPUSD_20241126_SHORT;0.47844228;1.00139082;2024.11.26 03:04:40;2024.11.26 14:37:41;81.223550;774.235600;1.47983310;0;;;;0;;;;0;;;;0;;;;0;;;;;;;;;;0;
RUN;GBPUSD;FOREX;USD5_PER_LOT_PER_SIDE;20241129;2024.11.29 00:00;1.26913;1.26453;0.00460;LONG;2024.11.29 00:00;2024.11.29 00:00;2024.11.29 23:59;1.26915;1.26453;1.27302;0.00462;462.00000000;0.83766234;10.00000000;0.02164502;0.81601732;0.80519481;EOD;GBPUSD_20241129_LONG;1.26623377;0.42207792;2024.11.29 09:26:42;2024.11.29 16:14:16;566.702967;974.267850;1.68831169;1;2024.11.29 05:45:38;345.642200;0.26623377;1;2024.11.29 09:15:20;555.346667;0.26623377;0;;;;0;;;;0;;;;-0.42207792;1.26623377;;;;;0;
RUN;GBPUSD;FOREX;USD5_PER_LOT_PER_SIDE;20241211;2024.12.11 00:00;1.27782;1.27240;0.00542;LONG;2024.12.11 01:48;2024.12.11 01:48;2024.12.11 12:07;1.27782;1.27240;1.27237;0.00542;542.00000000;-1.00553506;10.00000000;0.01845018;-1.02398524;-1.03321033;STOP;GBPUSD_20241211_LONG;0.06642066;1.00553506;2024.12.11 04:25:33;2024.12.11 12:07:05;157.497833;619.029967;1.07195572;0;;;;0;;;;0;;;;0;;;;0;;;;;;;;;;0;
RUN;GBPUSD;FOREX;USD5_PER_LOT_PER_SIDE;20241226;2024.12.26 00:00;1.25749;1.25189;0.00560;SHORT;2024.12.26 14:20;2024.12.26 14:20;2024.12.26 23:59;1.25189;1.25749;1.25267;0.00560;560.00000000;-0.13928571;10.00000000;0.01785714;-0.15714286;-0.16607143;EOD;GBPUSD_20241226_SHORT;0.31785714;0.31428571;2024.12.26 17:05:05;2024.12.26 20:36:38;164.626500;376.176333;0.63214286;0;;;;0;;;;0;;;;0;;;;0;;;;;;;;;;0;
RUN;GBPUSD;FOREX;USD5_PER_LOT_PER_SIDE;20241227;2024.12.27 00:00;1.25526;1.25010;0.00516;LONG;2024.12.27 13:55;2024.12.27 13:55;2024.12.27 23:59;1.25526;1.25010;1.25684;0.00516;516.00000000;0.30620155;10.00000000;0.01937984;0.28682171;0.27713178;EOD;GBPUSD_20241227_LONG;0.77713178;0.07558140;2024.12.27 17:50:15;2024.12.27 14:00:42;234.921850;5.360067;0.72286822;1;2024.12.27 17:43:28;228.141167;0.07558140;0;;;;0;;;;0;;;;0;;;;;;;;;;0;
RUN;GBPUSD;FOREX;USD5_PER_LOT_PER_SIDE;20250117;2025.01.17 00:00;1.22606;1.21743;0.00863;SHORT;2025.01.17 09:20;2025.01.17 09:20;2025.01.17 23:59;1.21743;1.22606;1.21649;0.00863;863.00000000;0.10892236;10.00000000;0.01158749;0.09733488;0.09154114;EOD;GBPUSD_20250117_SHORT;0.15411356;0.62340672;2025.01.17 09:41:40;2025.01.17 17:09:43;21.169167;469.215800;0.77752028;0;;;;0;;;;0;;;;0;;;;0;;;;;;;;;;0;
RUN;GBPUSD;FOREX;USD5_PER_LOT_PER_SIDE;20250120;2025.01.20 00:00;1.22444;1.21608;0.00836;SHORT;2025.01.20 01:24;2025.01.20 01:24;2025.01.20 15:31;1.21608;1.22444;1.22492;0.00836;836.00000000;-1.05741627;10.00000000;0.01196172;-1.06937799;-1.07535885;STOP;GBPUSD_20250120_SHORT;0.00119617;1.05741627;2025.01.20 01:26:05;2025.01.20 15:31:47;1.446983;847.159583;1.05861244;0;;;;0;;;;0;;;;0;;;;0;;;;;;;;;;0;
RUN;GBPUSD;FOREX;USD5_PER_LOT_PER_SIDE;20250123;2025.01.23 00:00;1.23764;1.23075;0.00689;SHORT;2025.01.23 04:04;2025.01.23 04:04;2025.01.23 23:59;1.23075;1.23764;1.23528;0.00689;689.00000000;-0.65747460;10.00000000;0.01451379;-0.67198839;-0.67924528;EOD;GBPUSD_20250123_SHORT;0.20319303;0.99274311;2025.01.23 10:47:41;2025.01.23 19:57:15;403.143917;952.713617;1.19593614;0;;;;0;;;;0;;;;0;;;;0;;;;;;;;;;0;
RUN;GBPUSD;FOREX;USD5_PER_LOT_PER_SIDE;20250211;2025.02.11 00:00;1.24222;1.23631;0.00591;SHORT;2025.02.11 00:00;2025.02.11 00:00;2025.02.11 18:28;1.23624;1.24222;1.24222;0.00598;598.00000000;-1.00000000;10.00000000;0.01672241;-1.01672241;-1.02508361;STOP;GBPUSD_20250211_SHORT;0.49498328;1.00000000;2025.02.11 10:05:42;2025.02.11 18:28:03;605.201017;1107.563050;1.49498328;0;;;;0;;;;0;;;;0;;;;0;;;;;;;;;;0;
RUN;GBPUSD;FOREX;USD5_PER_LOT_PER_SIDE;20250219;2025.02.19 00:00;1.26249;1.25824;0.00425;LONG;2025.02.19 00:13;2025.02.19 00:13;2025.02.19 13:33;1.26252;1.25824;1.25821;0.00428;428.00000000;-1.00700935;10.00000000;0.02336449;-1.03037383;-1.04205607;STOP;GBPUSD_20250219_LONG;0.36448598;1.00700935;2025.02.19 00:42:13;2025.02.19 13:33:41;28.760600;800.222067;1.37149533;0;;;;0;;;;0;;;;0;;;;0;;;;;;;;;;0;
RUN;GBPUSD;FOREX;USD5_PER_LOT_PER_SIDE;20250307;2025.03.07 00:00;1.29238;1.28659;0.00579;LONG;2025.03.07 10:30;2025.03.07 10:30;2025.03.07 23:59;1.29239;1.28659;1.29122;0.00580;580.00000000;-0.20172414;10.00000000;0.01724138;-0.21896552;-0.22758621;EOD;GBPUSD_20250307_LONG;0.36034483;0.50172414;2025.03.07 11:55:42;2025.03.07 19:18:42;85.181067;528.179050;0.86206897;0;;;;0;;;;0;;;;0;;;;0;;;;;;;;;;0;
RUN;GBPUSD;FOREX;USD5_PER_LOT_PER_SIDE;20250314;2025.03.14 00:00;1.29735;1.29210;0.00525;SHORT;2025.03.14 10:50;2025.03.14 10:50;2025.03.14 23:59;1.29209;1.29735;1.29292;0.00526;526.00000000;-0.15779468;10.00000000;0.01901141;-0.17680608;-0.18631179;EOD;GBPUSD_20250314_SHORT;0.18441065;0.63498099;2025.03.14 18:55:15;2025.03.14 13:54:43;484.783767;184.240300;0.69771863;0;;;;0;;;;0;;;;0;;;;0;;;;;;;;;;0;
RUN;GBPUSD;FOREX;USD5_PER_LOT_PER_SIDE;20250317;2025.03.17 00:00;1.29590;1.29111;0.00479;LONG;2025.03.17 13:19;2025.03.17 13:19;2025.03.17 23:59;1.29590;1.29111;1.29910;0.00479;479.00000000;0.66805846;10.00000000;0.02087683;0.64718163;0.63674322;EOD;GBPUSD_20250317_LONG;0.83298539;0.00626305;2025.03.17 21:31:38;2025.03.17 13:19:11;492.536550;0.080467;0.38204593;1;2025.03.17 17:59:28;280.375050;0.00626305;0;;;;0;;;;0;;;;0;;;;;;;;;;0;
RUN;GBPUSD;FOREX;USD5_PER_LOT_PER_SIDE;20250331;2025.03.31 00:00;1.29685;1.29227;0.00458;SHORT;2025.03.31 01:09;2025.03.31 01:09;2025.03.31 05:28;1.29224;1.29685;1.29686;0.00461;461.00000000;-1.00216920;10.00000000;0.02169197;-1.02386117;-1.03470716;STOP;GBPUSD_20250331_SHORT;0.00000000;1.00216920;;2025.03.31 05:28:41;;259.090367;1.00216920;0;;;;0;;;;0;;;;0;;;;0;;;;;;;;;;0;
RUN;GBPUSD;FOREX;USD5_PER_LOT_PER_SIDE;20250416;2025.04.16 00:00;1.32520;1.31642;0.00878;LONG;2025.04.16 03:16;2025.04.16 03:16;2025.04.16 23:59;1.32520;1.31642;1.32412;0.00878;878.00000000;-0.12300683;10.00000000;0.01138952;-0.13439636;-0.14009112;EOD;GBPUSD_20250416_LONG;0.45899772;0.45216401;2025.04.16 12:01:41;2025.04.16 20:31:42;525.192350;1035.212200;0.91116173;0;;;;0;;;;0;;;;0;;;;0;;;;;;;;;;0;
RUN;GBPUSD;FOREX;USD5_PER_LOT_PER_SIDE;20250417;2025.04.17 00:00;1.32923;1.32123;0.00800;SHORT;2025.04.17 03:57;2025.04.17 03:57;2025.04.17 23:59;1.32123;1.32923;1.32660;0.00800;800.00000000;-0.67125000;10.00000000;0.01250000;-0.68375000;-0.69000000;EOD;GBPUSD_20250417_SHORT;0.11625000;0.76500000;2025.04.17 04:34:15;2025.04.17 17:25:42;36.654950;808.099550;0.88125000;0;;;;0;;;;0;;;;0;;;;0;;;;;;;;;;0;
RUN;GBPUSD;FOREX;USD5_PER_LOT_PER_SIDE;20250418;2025.04.18 00:00;1.32734;1.32029;0.00705;LONG;2025.04.18 00:05;2025.04.18 00:05;2025.04.18 23:59;1.32742;1.32029;1.32944;0.00713;713.00000000;0.28330996;10.00000000;0.01402525;0.26928471;0.26227209;EOD;GBPUSD_20250418_LONG;0.35203366;0.32678822;2025.04.18 23:30:14;2025.04.18 00:16:13;1404.933333;10.916667;0.35483871;0;;;;0;;;;0;;;;0;;;;0;;;;;;;;;;0;
RUN;GBPUSD;FOREX;USD5_PER_LOT_PER_SIDE;20250421;2025.04.21 00:00;1.32993;1.32509;0.00484;LONG;2025.04.21 01:08;2025.04.21 01:08;2025.04.21 23:58;1.32994;1.32509;1.33788;0.00485;485.00000000;1.63711340;10.00000000;0.02061856;1.61649485;1.60618557;EOD;GBPUSD_20250421_LONG;2.52989691;0.15463918;2025.04.21 12:21:40;2025.04.21 01:16:35;673.050167;7.970067;1.22061856;1;2025.04.21 03:01:57;113.338350;0.15463918;1;2025.04.21 03:30:40;142.064367;0.15463918;1;2025.04.21 09:04:05;475.479383;0.15463918;0;;;;0;;;;0.88247423;2.52989691;1.30927835;2.52989691;;;0;
RUN;GBPUSD;FOREX;USD5_PER_LOT_PER_SIDE;20250430;2025.04.30 00:00;1.34440;1.33805;0.00635;SHORT;2025.04.30 11:00;2025.04.30 11:00;2025.04.30 23:59;1.33805;1.34440;1.33336;0.00635;635.00000000;0.73858268;10.00000000;0.01574803;0.72283465;0.71496063;EOD;GBPUSD_20250430_SHORT;1.11968504;0.12913386;2025.04.30 17:08:42;2025.04.30 11:10:15;368.033750;9.571433;0.78582677;1;2025.04.30 15:30:43;270.044933;0.12913386;1;2025.04.30 16:55:31;354.843400;0.12913386;0;;;;0;;;;0;;;;0.33385827;1.11968504;;;;;0;
RUN;GBPUSD;FOREX;USD5_PER_LOT_PER_SIDE;20250516;2025.05.16 00:00;1.33196;1.32539;0.00657;LONG;2025.05.16 07:58;2025.05.16 07:58;2025.05.16 17:46;1.33196;1.32539;1.32533;0.00657;657.00000000;-1.00913242;10.00000000;0.01522070;-1.02435312;-1.03196347;STOP;GBPUSD_20250516_LONG;0.20243531;1.00913242;2025.05.16 09:24:38;2025.05.16 17:46:15;86.386350;588.013150;1.21156773;0;;;;0;;;;0;;;;0;;;;0;;;;;;;;;;0;
RUN;GBPUSD;FOREX;USD5_PER_LOT_PER_SIDE;20250521;2025.05.21 00:00;1.33950;1.33348;0.00602;LONG;2025.05.21 02:21;2025.05.21 02:21;2025.05.21 23:59;1.33950;1.33348;1.34192;0.00602;602.00000000;0.40199336;10.00000000;0.01661130;0.38538206;0.37707641;EOD;GBPUSD_20250521_LONG;1.22923588;0.10132890;2025.05.21 09:27:17;2025.05.21 12:25:38;426.073650;604.429483;1.33056478;1;2025.05.21 05:12:27;171.249983;0.06644518;1;2025.05.21 09:15:35;414.378467;0.06644518;0;;;;0;;;;0;;;;-0.10132890;1.22923588;;;;;0;
RUN;GBPUSD;FOREX;USD5_PER_LOT_PER_SIDE;20250523;2025.05.23 00:00;1.34411;1.33908;0.00503;LONG;2025.05.23 04:39;2025.05.23 04:39;2025.05.23 23:58;1.34411;1.33908;1.35362;0.00503;503.00000000;1.89065606;10.00000000;0.01988072;1.87077535;1.86083499;EOD;GBPUSD_20250523_LONG;2.05964215;0.06560636;2025.05.23 23:58:42;2025.05.23 05:32:38;1159.485017;53.416667;1.04970179;1;2025.05.23 10:20:20;341.116667;0.06560636;1;2025.05.23 11:57:05;437.866667;0.06560636;1;2025.05.23 23:58:38;1159.430783;0.06560636;0;;;;0;;;;0.65208748;2.05964215;1.89065606;2.05964215;;;0;
RUN;GBPUSD;FOREX;USD5_PER_LOT_PER_SIDE;20250610;2025.06.10 00:00;1.35815;1.35215;0.00600;SHORT;2025.06.10 05:01;2025.06.10 05:01;2025.06.10 23:59;1.35215;1.35815;1.34983;0.00600;600.00000000;0.38666667;10.00000000;0.01666667;0.37000000;0.36166667;EOD;GBPUSD_20250610_SHORT;1.08166667;0.41833333;2025.06.10 10:13:41;2025.06.10 08:35:17;312.621350;214.227467;1.34166667;1;2025.06.10 09:53:38;292.572567;0.41833333;1;2025.06.10 10:09:36;308.542783;0.41833333;0;;;;0;;;;0;;;;-0.26000000;1.08166667;;;;;0;
RUN;GBPUSD;FOREX;USD5_PER_LOT_PER_SIDE;20250619;2025.06.19 00:00;1.34769;1.34007;0.00762;SHORT;2025.06.19 04:05;2025.06.19 04:05;2025.06.19 23:59;1.34003;1.34769;1.34684;0.00766;766.00000000;-0.88903394;10.00000000;0.01305483;-0.90208877;-0.90861619;EOD;GBPUSD_20250619_SHORT;0.22584856;0.91383812;2025.06.19 09:32:37;2025.06.19 22:55:13;326.918333;1129.512783;1.13968668;0;;;;0;;;;0;;;;0;;;;0;;;;;;;;;;0;
RUN;GBPUSD;FOREX;USD5_PER_LOT_PER_SIDE;20250623;2025.06.23 00:00;1.35113;1.34406;0.00707;SHORT;2025.06.23 00:00;2025.06.23 00:00;2025.06.23 20:23;1.34016;1.35113;1.35113;0.01097;1097.00000000;-1.00000000;10.00000000;0.00911577;-1.00911577;-1.01367366;STOP;GBPUSD_20250623_SHORT;0.28076572;1.00000000;2025.06.23 12:32:38;2025.06.23 20:23:04;752.649483;1223.074617;1.28076572;0;;;;0;;;;0;;;;0;;;;0;;;;;;;;;;0;
RUN;GBPUSD;FOREX;USD5_PER_LOT_PER_SIDE;20250630;2025.06.30 00:00;1.37529;1.36829;0.00700;SHORT;2025.06.30 16:35;2025.06.30 16:35;2025.06.30 23:59;1.36829;1.37529;1.37333;0.00700;700.00000000;-0.72000000;10.00000000;0.01428571;-0.73428571;-0.74142857;EOD;GBPUSD_20250630_SHORT;0.12142857;0.77285714;2025.06.30 17:03:15;2025.06.30 23:57:37;27.826367;442.190183;0.89428571;0;;;;0;;;;0;;;;0;;;;0;;;;;;;;;;0;
RUN;GBPUSD;FOREX;USD5_PER_LOT_PER_SIDE;20250701;2025.07.01 00:00;1.37409;1.36740;0.00669;LONG;2025.07.01 03:31;2025.07.01 03:31;2025.07.01 23:59;1.37409;1.36740;1.37434;0.00669;669.00000000;0.03736921;10.00000000;0.01494768;0.02242152;0.01494768;EOD;GBPUSD_20250701_LONG;0.71599402;0.55754858;2025.07.01 13:14:13;2025.07.01 18:30:40;582.666667;899.130550;1.27354260;1;2025.07.01 11:39:39;488.100483;0.24962631;0;;;;0;;;;0;;;;0;;;;;;;;;;0;
RUN;GBPUSD;FOREX;USD5_PER_LOT_PER_SIDE;20250707;2025.07.07 00:00;1.36817;1.36349;0.00468;SHORT;2025.07.07 04:44;2025.07.07 04:44;2025.07.07 23:59;1.36349;1.36817;1.36015;0.00468;468.00000000;0.71367521;10.00000000;0.02136752;0.69230769;0.68162393;EOD;GBPUSD_20250707_SHORT;1.26923077;0.28418803;2025.07.07 12:12:11;2025.07.07 17:40:40;448.100000;776.597517;1.55341880;1;2025.07.07 08:28:03;223.979167;0.07264957;1;2025.07.07 11:36:42;412.624617;0.07264957;0;;;;0;;;;0;;;;-0.28418803;1.26923077;;;;;0;
RUN;GBPUSD;FOREX;USD5_PER_LOT_PER_SIDE;20250718;2025.07.18 00:00;1.34235;1.33743;0.00492;LONG;2025.07.18 01:32;2025.07.18 01:32;2025.07.18 23:58;1.34237;1.33743;1.34056;0.00494;494.00000000;-0.36639676;10.00000000;0.02024291;-0.38663968;-0.39676113;EOD;GBPUSD_20250718_LONG;1.04655870;0.43117409;2025.07.18 16:28:15;2025.07.18 23:57:15;895.958267;1344.959250;1.47773279;1;2025.07.18 13:51:27;739.158700;0.26518219;1;2025.07.18 16:27:30;895.203300;0.26518219;0;;;;0;;;;0;;;;-0.43117409;1.04655870;;;;;0;
RUN;GBPUSD;FOREX;USD5_PER_LOT_PER_SIDE;20250730;2025.07.30 00:00;1.33641;1.33076;0.00565;LONG;2025.07.30 03:43;2025.07.30 03:43;2025.07.30 15:58;1.33641;1.33076;1.33073;0.00565;565.00000000;-1.00530973;10.00000000;0.01769912;-1.02300885;-1.03185841;STOP;GBPUSD_20250730_LONG;0.38761062;1.00530973;2025.07.30 13:05:38;2025.07.30 15:58:42;561.653017;734.716667;1.39292035;0;;;;0;;;;0;;;;0;;;;0;;;;;;;;;;0;
RUN;GBPUSD;FOREX;USD5_PER_LOT_PER_SIDE;20250811;2025.08.11 00:00;1.34588;1.34178;0.00410;LONG;2025.08.11 05:20;2025.08.11 05:20;2025.08.11 15:35;1.34589;1.34178;1.34178;0.00411;411.00000000;-1.00000000;10.00000000;0.02433090;-1.02433090;-1.03649635;STOP;GBPUSD_20250811_LONG;0.43309002;1.00000000;2025.08.11 09:06:38;2025.08.11 15:35:19;226.000000;614.696550;1.43309002;0;;;;0;;;;0;;;;0;;;;0;;;;;;;;;;0;
RUN;GBPUSD;FOREX;USD5_PER_LOT_PER_SIDE;20250829;2025.08.29 00:00;1.35310;1.34832;0.00478;SHORT;2025.08.29 11:14;2025.08.29 11:14;2025.08.29 23:57;1.34831;1.35310;1.35101;0.00479;479.00000000;-0.56367432;10.00000000;0.02087683;-0.58455115;-0.59498956;EOD;GBPUSD_20250829_SHORT;0.76200418;0.72025052;2025.08.29 15:11:38;2025.08.29 23:00:41;237.177267;706.215283;1.48225470;1;2025.08.29 13:00:20;105.869650;0.08977035;0;;;;0;;;;0;;;;0;;;;;;;;;;0;
RUN;GBPUSD;FOREX;USD5_PER_LOT_PER_SIDE;20250905;2025.09.05 00:00;1.34592;1.34164;0.00428;LONG;2025.09.05 08:56;2025.09.05 08:56;2025.09.05 23:58;1.34593;1.34164;1.35029;0.00429;429.00000000;1.01631702;10.00000000;0.02331002;0.99300699;0.98135198;EOD;GBPUSD_20250905_LONG;2.22377622;0.21212121;2025.09.05 17:02:43;2025.09.05 10:13:13;486.403300;76.901600;1.25407925;1;2025.09.05 12:16:39;200.338250;0.21212121;1;2025.09.05 15:30:29;394.173750;0.21212121;1;2025.09.05 16:50:29;474.181817;0.21212121;0;;;;0;;;;0.96969697;2.22377622;0.96969697;2.22377622;;;0;
RUN;GBPUSD;FOREX;USD5_PER_LOT_PER_SIDE;20250924;2025.09.24 00:00;1.35366;1.34872;0.00494;SHORT;2025.09.24 10:13;2025.09.24 10:13;2025.09.24 23:59;1.34872;1.35366;1.34468;0.00494;494.00000000;0.81781377;10.00000000;0.02024291;0.79757085;0.78744939;EOD;GBPUSD_20250924_SHORT;1.22064777;0.10121457;2025.09.24 17:02:15;2025.09.24 10:27:00;408.639367;13.377367;0.62753036;1;2025.09.24 14:00:05;226.468817;0.10121457;1;2025.09.24 15:55:05;341.462717;0.10121457;0;;;;0;;;;0;;;;0.59311741;1.22064777;;;;;0;
RUN;GBPUSD;FOREX;USD5_PER_LOT_PER_SIDE;20251014;2025.10.14 00:00;1.33663;1.33150;0.00513;SHORT;2025.10.14 09:05;2025.10.14 09:05;2025.10.14 23:59;1.33150;1.33663;1.33242;0.00513;513.00000000;-0.17933723;10.00000000;0.01949318;-0.19883041;-0.20857700;EOD;GBPUSD_20251014_SHORT;1.28654971;0.33918129;2025.10.14 15:48:41;2025.10.14 22:04:14;402.993400;778.537500;1.62573099;1;2025.10.14 09:31:40;25.983350;0.13060429;1;2025.10.14 10:28:21;82.663733;0.13060429;0;;;;0;;;;0;;;;-0.33918129;1.28654971;;;;;0;
RUN;GBPUSD;FOREX;USD5_PER_LOT_PER_SIDE;20251021;2025.10.21 00:00;1.34432;1.34000;0.00432;SHORT;2025.10.21 04:44;2025.10.21 04:44;2025.10.21 23:59;1.34000;1.34432;1.33698;0.00432;432.00000000;0.69907407;10.00000000;0.02314815;0.67592593;0.66435185;EOD;GBPUSD_20251021_SHORT;0.89120370;0.11342593;2025.10.21 16:49:17;2025.10.21 04:52:13;724.815667;7.746083;0.85648148;1;2025.10.21 08:39:27;234.983950;0.11342593;0;;;;0;;;;0;;;;0;;;;;;;;;;0;
RUN;GBPUSD;FOREX;USD5_PER_LOT_PER_SIDE;20251028;2025.10.28 00:00;1.33533;1.33103;0.00430;LONG;2025.10.28 03:35;2025.10.28 03:35;2025.10.28 11:39;1.33533;1.33103;1.33103;0.00430;430.00000000;-1.00000000;10.00000000;0.02325581;-1.02325581;-1.03488372;STOP;GBPUSD_20251028_LONG;0.38604651;1.00000000;2025.10.28 08:08:59;2025.10.28 11:39:32;273.707150;484.264100;1.38604651;0;;;;0;;;;0;;;;0;;;;0;;;;;;;;;;0;
RUN;GBPUSD;FOREX;USD5_PER_LOT_PER_SIDE;20251106;2025.11.06 00:00;1.30544;1.30100;0.00444;LONG;2025.11.06 02:21;2025.11.06 02:21;2025.11.06 23:59;1.30544;1.30100;1.31363;0.00444;444.00000000;1.84459459;10.00000000;0.02252252;1.82207207;1.81081081;EOD;GBPUSD_20251106_LONG;1.98873874;0.04954955;2025.11.06 20:50:40;2025.11.06 02:33:35;1109.106217;12.016667;1.00675676;1;2025.11.06 10:53:38;512.073950;0.04954955;1;2025.11.06 14:56:37;755.060083;0.04954955;0;;;;0;;;;0;;;;0.59009009;1.98873874;;;;;0;
RUN;GBPUSD;FOREX;USD5_PER_LOT_PER_SIDE;20251119;2025.11.19 00:00;1.31770;1.31339;0.00431;SHORT;2025.11.19 03:55;2025.11.19 03:55;2025.11.19 23:59;1.31339;1.31770;1.30607;0.00431;431.00000000;1.69837587;10.00000000;0.02320186;1.67517401;1.66357309;EOD;GBPUSD_20251119_SHORT;2.09280742;0.50348028;2025.11.19 21:58:42;2025.11.19 08:59:37;1083.192817;304.107083;0.87006961;1;2025.11.19 12:08:38;493.118250;0.50348028;1;2025.11.19 17:35:31;820.011333;0.50348028;1;2025.11.19 21:53:18;1077.791017;0.50348028;0;;;;0;;;;0.95127610;2.09280742;1.66357309;2.09280742;;;0;
RUN;GBPUSD;FOREX;USD5_PER_LOT_PER_SIDE;20251125;2025.11.25 00:00;1.31180;1.30807;0.00373;LONG;2025.11.25 09:31;2025.11.25 09:31;2025.11.25 23:59;1.31181;1.30807;1.31648;0.00374;374.00000000;1.24866310;10.00000000;0.02673797;1.22192513;1.20855615;EOD;GBPUSD_20251125_LONG;2.57486631;0.25401070;2025.11.25 22:01:16;2025.11.25 11:00:15;749.863700;88.838233;1.62566845;1;2025.11.25 11:41:21;129.933333;0.25401070;1;2025.11.25 15:16:40;345.263017;0.25401070;1;2025.11.25 17:36:28;485.055333;0.25401070;0;;;;0;;;;0.58823529;2.57486631;0.94919786;2.57486631;;;0;
RUN;GBPUSD;FOREX;USD5_PER_LOT_PER_SIDE;20251209;2025.12.09 00:00;1.33466;1.33058;0.00408;LONG;2025.12.09 10:54;2025.12.09 10:54;2025.12.09 16:24;1.33468;1.33058;1.33058;0.00410;410.00000000;-1.00000000;10.00000000;0.02439024;-1.02439024;-1.03658537;STOP;GBPUSD_20251209_LONG;0.22926829;1.00000000;2025.12.09 11:23:41;2025.12.09 16:24:27;28.904983;329.660933;1.22926829;0;;;;0;;;;0;;;;0;;;;0;;;;;;;;;;0;
RUN;GBPUSD;FOREX;USD5_PER_LOT_PER_SIDE;20251222;2025.12.22 00:00;1.33943;1.33570;0.00373;LONG;2025.12.22 03:01;2025.12.22 03:01;2025.12.22 23:59;1.33947;1.33570;1.34609;0.00377;377.00000000;1.75596817;10.00000000;0.02652520;1.72944297;1.71618037;EOD;GBPUSD_20251222_LONG;2.19893899;0.13262599;2025.12.22 19:39:38;2025.12.22 03:05:41;998.117833;4.170450;0.62599469;1;2025.12.22 09:34:41;393.173783;0.13262599;1;2025.12.22 12:06:01;544.513950;0.13262599;1;2025.12.22 19:01:41;960.177350;0.13262599;0;;;;0;;;;0.83554377;2.19893899;1.57294430;2.19893899;;;0;

