family,feature,quintile,hour_block,horizon_bars,outcome,n_state,n_comp,effect,state_mean,comp_mean,p,q
wick_rejection,upper_wick_atr,1,,6,move_ge_1atr,12103,55033,0.08438107048564836,0.8459059737255226,0.7615249032398742,1.3886536575314817e-90,5.033869508551621e-90
wick_rejection,upper_wick_atr,1,0.0,6,move_ge_1atr,1236,65900,0.0691973717164871,0.8446601941747572,0.7754628224582701,7.128730972218131e-09,7.253796427871081e-09
wick_rejection,upper_wick_atr,1,1.0,6,move_ge_1atr,2395,64741,0.055298570610841535,0.830062630480167,0.7747640598693255,1.751879636925325e-10,1.9171513007862047e-10
wick_rejection,upper_wick_atr,1,2.0,6,move_ge_1atr,2369,64767,0.16142014617022837,0.932460953989025,0.7710408078187966,1.1656674043038883e-76,3.07312315680116e-76
wick_rejection,upper_wick_atr,1,3.0,6,move_ge_1atr,2160,64976,0.15319194779610934,0.925,0.7718080522038907,1.7529573945627598e-63,3.3890509628213354e-63
wick_rejection,upper_wick_atr,2,,6,move_ge_1atr,12138,54998,0.08517830073612342,0.8465150766188828,0.7613367758827594,1.8012625165739797e-92,6.964881730752721e-92
wick_rejection,upper_wick_atr,2,0.0,6,move_ge_1atr,1194,65942,0.07041163070719425,0.8458961474036851,0.7754845166964909,7.024244081145744e-09,7.253796427871081e-09
wick_rejection,upper_wick_atr,2,1.0,6,move_ge_1atr,2484,64652,0.06922215935622833,0.8433977455716586,0.7741755862154303,4.2941561542831877e-16,5.414370803226629e-16
wick_rejection,upper_wick_atr,2,2.0,6,move_ge_1atr,2202,64934,0.15758725963541764,0.9291553133514986,0.771568053716081,2.695977666446091e-68,6.0141040251489726e-68
wick_rejection,upper_wick_atr,2,3.0,6,move_ge_1atr,2159,64977,0.15506796743548612,0.9268179712830014,0.7717500038475152,5.662252545748206e-65,1.1324505091496412e-64
wick_rejection,upper_wick_atr,3,,6,move_ge_1atr,12112,55024,0.09380234895938766,0.853616248348745,0.7598138993893574,1.5091828959672826e-111,7.294383997175199e-111
wick_rejection,upper_wick_atr,3,0.0,6,move_ge_1atr,1137,65999,0.11438243987146046,0.8891820580474934,0.7747996181760329,4.1921085467957104e-20,6.078557392853781e-20
wick_rejection,upper_wick_atr,3,1.0,6,move_ge_1atr,2529,64607,0.07915112122108636,0.8529062870699882,0.7737551658489018,6.809786866175075e-21,1.0393885216793535e-20
wick_rejection,upper_wick_atr,3,2.0,6,move_ge_1atr,2291,64845,0.16923926204982842,0.9402007856831078,0.7709615236332794,1.8093019993333387e-81,5.246975798066682e-81
wick_rejection,upper_wick_atr,3,3.0,6,move_ge_1atr,2182,64954,0.15449911432773966,0.9262144821264895,0.7717153677987498,3.716405830634235e-65,7.698269220599486e-65
wick_rejection,upper_wick_atr,3,5.0,6,move_ge_1atr,2140,64996,-0.05657760103713072,0.7219626168224299,0.7785402178595606,6.248616306620363e-10,6.589449923345109e-10
wick_rejection,upper_wick_atr,4,,6,move_ge_1atr,12158,54978,0.10691121174725704,0.8642868892910018,0.7573756775437448,9.905368917172567e-145,7.181392464950112e-144
wick_rejection,upper_wick_atr,4,0.0,6,move_ge_1atr,1104,66032,0.1293762268974551,0.9039855072463768,0.7746092803489217,1.3470189656197579e-24,2.2322028573127417e-24
wick_rejection,upper_wick_atr,4,1.0,6,move_ge_1atr,2485,64651,0.08266090020502281,0.856338028169014,0.7736771279639912,2.7283048242490053e-22,4.39560221684562e-22
wick_rejection,upper_wick_atr,4,2.0,6,move_ge_1atr,2570,64566,0.1573003270806297,0.9280155642023347,0.770715237121705,1.1195349463846607e-78,3.0920488995385864e-78
wick_rejection,upper_wick_atr,4,3.0,6,move_ge_1atr,2266,64870,0.14291483367304914,0.9148278905560459,0.7719130568829967,4.981718841641576e-58,8.755748267127618e-58
wick_rejection,upper_wick_atr,4,4.0,6,move_ge_1atr,1723,65413,0.05282557590083958,0.828206616366802,0.7753810404659625,2.019715680949042e-07,2.019715680949042e-07
wick_rejection,upper_wick_atr,5,,6,move_ge_1atr,18625,48511,-0.27342234896146855,0.5791677852348993,0.8525901341963679,0.0,0.0
wick_rejection,upper_wick_atr,5,0.0,6,move_ge_1atr,4653,62483,-0.5533191011191666,0.2617666021921341,0.8150857033113007,0.0,0.0
wick_rejection,upper_wick_atr,5,1.0,6,move_ge_1atr,2476,64660,0.069107577501203,0.8432956381260097,0.7741880606248067,5.32125807923224e-16,6.566658906286594e-16
wick_rejection,upper_wick_atr,5,2.0,6,move_ge_1atr,3000,64136,0.17264458858259535,0.9416666666666667,0.7690220780840713,3.899542499411706e-109,1.739795884352915e-108
wick_rejection,upper_wick_atr,5,3.0,6,move_ge_1atr,2929,64207,0.06530668190317757,0.8391942642540116,0.773887582350834,1.039919087283139e-16,1.370802433236865e-16
wick_rejection,upper_wick_atr,5,4.0,6,move_ge_1atr,3826,63310,-0.47361791392646957,0.3301097752221641,0.8037276891486337,0.0,0.0
wick_rejection,upper_wick_atr,5,5.0,6,move_ge_1atr,1741,65395,-0.2460703016296628,0.5370476737507179,0.7831179753803807,8.632979669901662e-131,5.007128208542964e-130
wick_rejection,lower_wick_atr,1,,6,move_ge_1atr,12102,55034,0.08103755298170057,0.8431664187737564,0.7621288657920559,1.0869529937693267e-83,3.3180670336116285e-83
wick_rejection,lower_wick_atr,1,0.0,6,move_ge_1atr,1409,65727,0.07653738565017143,0.8516678495386799,0.7751304638885085,8.720525233315896e-12,1.0322254357802488e-11
wick_rejection,lower_wick_atr,1,1.0,6,move_ge_1atr,2463,64673,0.07034243962155995,0.8444985789687373,0.7741561393471773,1.9055813038918007e-16,2.456082569460543e-16
wick_rejection,lower_wick_atr,1,2.0,6,move_ge_1atr,2106,65030,0.15892276469958566,0.9306742640075973,0.7717514993080117,1.4135599043521628e-66,3.036536090830572e-66
wick_rejection,lower_wick_atr,1,3.0,6,move_ge_1atr,2106,65030,0.1515695948060497,0.9235517568850902,0.7719821620790405,1.0059656678888728e-60,1.823312773048582e-60
wick_rejection,lower_wick_atr,1,5.0,6,move_ge_1atr,2358,64778,-0.05869657629655778,0.7201017811704835,0.7787983574670413,1.7779246785260366e-11,2.0623926270902022e-11
wick_rejection,lower_wick_atr,2,,6,move_ge_1atr,12109,55027,0.0819645241669611,0.8439177471302337,0.7619532229632726,1.307939062701732e-85,4.214470313150026e-85
wick_rejection,lower_wick_atr,2,0.0,6,move_ge_1atr,1181,65955,0.08159958959008495,0.8569009314140559,0.7753013418239709,2.4821207542322325e-11,2.8228039950092056e-11
wick_rejection,lower_wick_atr,2,1.0,6,move_ge_1atr,2465,64671,0.05657789247701972,0.831237322515213,0.7746594300381933,3.581349892011574e-11,3.9945825718590625e-11
wick_rejection,lower_wick_atr,2,2.0,6,move_ge_1atr,2234,64902,0.16334502757093972,0.9346463742166518,0.771301346645712,3.0606415587367344e-74,7.71813958290133e-74
wick_rejection,lower_wick_atr,2,3.0,6,move_ge_1atr,2120,65016,0.1467656727748874,0.9188679245283019,0.7721022517534145,2.099346377204195e-57,3.581237937583627e-57
wick_rejection,lower_wick_atr,2,5.0,6,move_ge_1atr,2357,64779,-0.05442169051482726,0.7242257106491302,0.7786474011639575,4.5974881489439637e-10,4.938042826643517e-10
wick_rejection,lower_wick_atr,3,,6,move_ge_1atr,12136,55000,0.09178269311440046,0.851928147659855,0.7601454545454546,4.843231722972671e-107,2.0064817138029637e-106
wick_rejection,lower_wick_atr,3,0.0,6,move_ge_1atr,1135,66001,0.11328413326002862,0.8881057268722466,0.774821593612218,1.0183909108900738e-19,1.440650556868885e-19
wick_rejection,lower_wick_atr,3,1.0,6,move_ge_1atr,2536,64600,0.07507383461437045,0.8489747634069401,0.7739009287925697,5.316647361318253e-19,7.342036832296635e-19
wick_rejection,lower_wick_atr,3,2.0,6,move_ge_1atr,2386,64750,0.15240124665438992,0.9237217099748533,0.7713204633204633,5.371497544143354e-69,1.246187430241258e-68
wick_rejection,lower_wick_atr,3,3.0,6,move_ge_1atr,2168,64968,0.15254350594854305,0.9243542435424354,0.7718107375938924,3.513297720719088e-63,6.573266703280876e-63
wick_rejection,lower_wick_atr,4,,6,move_ge_1atr,12162,54974,0.11350039345564489,0.8696760401249795,0.7561756466693346,6.647674378776371e-163,5.508073056700422e-162
wick_rejection,lower_wick_atr,4,0.0,6,move_ge_1atr,1048,66088,0.12114670608053468,0.8959923664122137,0.774845660331679,9.280971475339526e-21,1.3802470399222886e-20
wick_rejection,lower_wick_atr,4,1.0,6,move_ge_1atr,2383,64753,0.07441487245127143,0.8485102811582039,0.7740954087069325,1.0622171332336155e-17,1.4327579936639464e-17
wick_rejection,lower_wick_atr,4,2.0,6,move_ge_1atr,2669,64467,0.16383417429847535,0.9340576995129262,0.7702235252144508,2.897573406084471e-88,9.885838679582313e-88
wick_rejection,lower_wick_atr,4,3.0,6,move_ge_1atr,2389,64747,0.15554583861375804,0.926747593135203,0.771201754521445,7.018576220268583e-72,1.696155919898241e-71
wick_rejection,lower_wick_atr,5,,6,move_ge_1atr,18627,48509,-0.27195938155775146,0.5802329951146186,0.85219237667237,0.0,0.0
wick_rejection,lower_wick_atr,5,0.0,6,move_ge_1atr,4551,62585,-0.5687519818136326,0.24653922214897825,0.8152912039626109,0.0,0.0
wick_rejection,lower_wick_atr,5,1.0,6,move_ge_1atr,2522,64614,0.07954231567112369,0.8532910388580491,0.7737487231869254,4.9397345669179334e-21,7.743367699492977e-21
wick_rejection,lower_wick_atr,5,2.0,6,move_ge_1atr,3037,64099,0.17762707395796928,0.9463286137635825,0.7687015398056132,9.612751085029997e-117,5.068541481197634e-116
wick_rejection,lower_wick_atr,5,3.0,6,move_ge_1atr,2913,64223,0.06364938649043728,0.8376244421558531,0.7739750556654158,7.12353967714593e-16,8.607610443218e-16
wick_rejection,lower_wick_atr,5,4.0,6,move_ge_1atr,3903,63233,-0.46397142551966075,0.33973866256725593,0.8037100880869167,0.0,0.0
wick_rejection,lower_wick_atr,5,5.0,6,move_ge_1atr,1701,65435,-0.25769264408626624,0.5255731922398589,0.7832658363261251,4.402896517167389e-140,2.8374221999523177e-139
wick_rejection,upper_wick_atr,1,,12,move_ge_1atr,11464,52501,0.11216984030331101,0.9638869504535938,0.8517171101502828,2.182562076962628e-232,1.250012825896778e-231
wick_rejection,upper_wick_atr,1,0.0,12,move_ge_1atr,1236,62729,0.10182998877227101,0.9716828478964401,0.8698528591241691,2.813995814095839e-26,3.693369506000789e-26
wick_rejection,upper_wick_atr,1,1.0,12,move_ge_1atr,2392,61573,0.09494051898154776,0.9632107023411371,0.8682701833595894,2.7281404942463942e-42,4.092210741369592e-42
wick_rejection,upper_wick_atr,1,2.0,12,move_ge_1atr,2369,61596,0.1243422156509919,0.9915576192486281,0.8672154035976362,1.3020240471200697e-70,3.906072141360209e-70
wick_rejection,upper_wick_atr,1,3.0,12,move_ge_1atr,2042,61923,0.1217832095444813,0.9897159647404505,0.8679327551959692,5.254141328855463e-59,1.0677771087674005e-58
wick_rejection,upper_wick_atr,1,4.0,12,move_ge_1atr,1569,62396,0.07521237838169348,0.9451880178457617,0.8699756394640682,1.3430656541241368e-18,1.510948860889654e-18
wick_rejection,upper_wick_atr,2,,12,move_ge_1atr,11519,52446,0.11249777393098304,0.9640593801545273,0.8515616062235443,1.328062509987134e-234,8.366793812918944e-234
wick_rejection,upper_wick_atr,2,0.0,12,move_ge_1atr,1194,62771,0.0879450488277469,0.9581239530988275,0.8701789042710806,2.150400752526406e-19,2.463186316530247e-19
wick_rejection,upper_wick_atr,2,1.0,12,move_ge_1atr,2480,61485,0.10146836233332546,0.9693548387096774,0.867886476376352,1.0884590821411683e-49,1.8045505835498318e-49
wick_rejection,upper_wick_atr,2,2.0,12,move_ge_1atr,2202,61763,0.12240226303521162,0.9900090826521344,0.8676068196169228,5.928177089781215e-64,1.3832413209489502e-63
wick_rejection,upper_wick_atr,2,3.0,12,move_ge_1atr,2032,61933,0.11967818506180994,0.9876968503937008,0.8680186653318909,8.751350566717348e-57,1.6215737814799792e-56
wick_rejection,upper_wick_atr,2,4.0,12,move_ge_1atr,1724,62241,0.07569526819837458,0.9454756380510441,0.8697803698526695,1.78770687200064e-20,2.1250100553969875e-20
wick_rejection,upper_wick_atr,2,5.0,12,move_ge_1atr,1887,62078,0.0518063561350659,0.9220985691573926,0.8702922130223267,3.311908834808326e-11,3.311908834808326e-11
wick_rejection,upper_wick_atr,3,,12,move_ge_1atr,11548,52417,0.10949996860789935,0.9615517838586768,0.8520518152507774,8.244046422772609e-223,4.3281243719556197e-222
wick_rejection,upper_wick_atr,3,0.0,12,move_ge_1atr,1137,62828,0.10900896580235053,0.978891820580475,0.8698828547781244,1.1852629560984065e-27,1.659368138537769e-27
wick_rejection,upper_wick_atr,3,1.0,12,move_ge_1atr,2522,61443,0.10124344564763821,0.9690721649484536,0.8678287193008154,2.9810173294515527e-50,5.075786263660753e-50
wick_rejection,upper_wick_atr,3,2.0,12,move_ge_1atr,2291,61674,0.12433955439682731,0.9917066783064165,0.8673671239095891,1.9818382273660065e-68,5.2023253468357666e-68
wick_rejection,upper_wick_atr,3,3.0,12,move_ge_1atr,2064,61901,0.12193976371873616,0.9898255813953488,0.8678858176766127,9.468820331422821e-60,1.9884522695987924e-59
wick_rejection,upper_wick_atr,3,4.0,12,move_ge_1atr,1742,62223,0.06508397917619102,0.9351320321469575,0.8700480529707665,1.1053243941507459e-15,1.2006109798533963e-15
wick_rejection,upper_wick_atr,4,,12,move_ge_1atr,11615,52350,0.12179845167773284,0.9715023676280672,0.8497039159503343,2.1323809795328895e-276,1.6792500213821504e-275
wick_rejection,upper_wick_atr,4,0.0,12,move_ge_1atr,1104,62861,0.11199652834215079,0.9818840579710145,0.8698875296288637,2.580711120818725e-28,3.6951091048086284e-28
wick_rejection,upper_wick_atr,4,1.0,12,move_ge_1atr,2479,61486,0.10313246106444518,0.9709560306575232,0.867823569593078,2.963506846976958e-51,5.1861369822096766e-51
wick_rejection,upper_wick_atr,4,2.0,12,move_ge_1atr,2570,61395,0.12543721636668603,0.9922178988326849,0.8667806824659988,1.623863359986278e-77,5.115169583956776e-77
wick_rejection,upper_wick_atr,4,3.0,12,move_ge_1atr,2127,61838,0.1262662546706469,0.9938881053126469,0.867621850642,9.1872206795862e-66,2.3151796112557226e-65
wick_rejection,upper_wick_atr,4,4.0,12,move_ge_1atr,1625,62340,0.08163806421361763,0.9513846153846154,0.8697465511709978,2.509310808163486e-22,3.040126556044224e-22
wick_rejection,upper_wick_atr,4,5.0,12,move_ge_1atr,1710,62255,0.05539126240359282,0.9257309941520467,0.8703397317484539,1.3820310991487099e-11,1.4043219233285277e-11
wick_rejection,upper_wick_atr,5,,12,move_ge_1atr,17819,46146,-0.33542910396606285,0.6298333239800213,0.9652624279460842,0.0,0.0
wick_rejection,upper_wick_atr,5,0.0,12,move_ge_1atr,4653,59312,-0.6449329777349223,0.27380184826993337,0.9187348260048557,0.0,0.0
wick_rejection,upper_wick_atr,5,1.0,12,move_ge_1atr,2454,61511,0.06845868385637499,0.9376528117359413,0.8691941278795663,2.5656576838707177e-23,3.169341844781475e-23
wick_rejection,upper_wick_atr,5,2.0,12,move_ge_1atr,3000,60965,0.12749227698952947,0.9933333333333333,0.8658410563438038,1.911584807728813e-92,6.690546827050845e-92
wick_rejection,upper_wick_atr,5,4.0,12,move_ge_1atr,3500,60465,-0.5375178320397869,0.3637142857142857,0.9012321177540726,0.0,0.0
wick_rejection,upper_wick_atr,5,5.0,12,move_ge_1atr,1568,62397,-0.23537088100781933,0.642219387755102,0.8775902687629213,6.366994289409998e-167,2.5070040014551868e-166
wick_rejection,lower_wick_atr,1,,12,move_ge_1atr,11432,52533,0.10761154303662268,0.9601994401679497,0.852587897131327,1.3713239119612479e-213,6.170957603825616e-213
wick_rejection,lower_wick_atr,1,0.0,12,move_ge_1atr,1409,62556,0.0926039934648647,0.9623846699787083,0.8697806765138436,8.39480206756672e-25,1.0577450605134065e-24
wick_rejection,lower_wick_atr,1,1.0,12,move_ge_1atr,2454,61511,0.09515526254691398,0.9633251833740831,0.8681699208271692,1.7328359369291988e-43,2.7292166006634883e-43
wick_rejection,lower_wick_atr,1,2.0,12,move_ge_1atr,2106,61859,0.12125037384363702,0.9890788224121557,0.8678284485685187,3.1888008264167264e-60,6.927394898767371e-60
wick_rejection,lower_wick_atr,1,3.0,12,move_ge_1atr,1973,61992,0.12336845190429557,0.9913836796756209,0.8680152277713253,1.3862308893180144e-58,2.729142063344841e-58
wick_rejection,lower_wick_atr,1,4.0,12,move_ge_1atr,1562,62403,0.06773362963544771,0.9379001280409731,0.8701664984055254,2.5825164921064304e-15,2.711642316711752e-15
wick_rejection,lower_wick_atr,2,,12,move_ge_1atr,11499,52466,0.10771362041969856,0.9601704496043134,0.8524568291846149,5.830867789923199e-215,2.8257282366550887e-214
wick_rejection,lower_wick_atr,2,0.0,12,move_ge_1atr,1181,62784,0.09004521557345713,0.9602032176121931,0.870158002038736,4.687061934573101e-20,5.468238923668618e-20
wick_rejection,lower_wick_atr,2,1.0,12,move_ge_1atr,2458,61507,0.09480042511848097,0.9629780309194467,0.8681776058009657,3.0522566122958446e-43,4.6900528432838586e-43
wick_rejection,lower_wick_atr,2,2.0,12,move_ge_1atr,2234,61731,0.125860791718457,0.9932855863921217,0.8674247946736647,1.966798252482902e-68,5.2023253468357666e-68
wick_rejection,lower_wick_atr,2,3.0,12,move_ge_1atr,2009,61956,0.12205783992049979,0.9900447984071677,0.867986958486668,2.293620001462242e-58,4.378729093700644e-58
wick_rejection,lower_wick_atr,2,4.0,12,move_ge_1atr,1668,62297,0.06636078683804802,0.9364508393285371,0.8700900524904891,1.2332311006588755e-15,1.3168399888391382e-15
wick_rejection,lower_wick_atr,3,,12,move_ge_1atr,11549,52416,0.11394408087438868,0.9651917914970993,0.8512477106227107,4.19597132752225e-241,2.937179929265575e-240
wick_rejection,lower_wick_atr,3,0.0,12,move_ge_1atr,1135,62830,0.10896762889301326,0.9788546255506608,0.8698869966576476,1.3753290426918098e-27,1.883602819338783e-27
wick_rejection,lower_wick_atr,3,1.0,12,move_ge_1atr,2529,61436,0.10628439382413946,0.9739027283511269,0.8676183345269874,2.4362880334978782e-55,4.385318460296181e-55
wick_rejection,lower_wick_atr,3,2.0,12,move_ge_1atr,2386,61579,0.1222622703957641,0.9895222129086337,0.8672599425128696,8.650701555309312e-69,2.4772463544749393e-68
wick_rejection,lower_wick_atr,3,3.0,12,move_ge_1atr,2030,61935,0.12373185617688331,0.9916256157635468,0.8678937595866635,1.6270606267552535e-60,3.66088641019932e-60
wick_rejection,lower_wick_atr,3,4.0,12,move_ge_1atr,1672,62293,0.06836357806528914,0.9383971291866029,0.8700335511213138,1.555342812430813e-16,1.7190631084761617e-16
wick_rejection,lower_wick_atr,4,,12,move_ge_1atr,11629,52336,0.12386984939374124,0.9731705219709348,0.8493006725771935,4.527916216004557e-286,4.075124594404102e-285
wick_rejection,lower_wick_atr,4,0.0,12,move_ge_1atr,1048,62917,0.11964352466299044,0.9895038167938931,0.8698602921309027,1.4631620979674905e-30,2.1437026086500443e-30
wick_rejection,lower_wick_atr,4,1.0,12,move_ge_1atr,2378,61587,0.1008086053790338,0.9688814129520605,0.8680728075730267,3.370664206607754e-47,5.444919102981756e-47
wick_rejection,lower_wick_atr,4,2.0,12,move_ge_1atr,2669,61296,0.1267230115015845,0.9932559010865493,0.8665328895849648,6.42664932703876e-82,2.1309416189654837e-81
wick_rejection,lower_wick_atr,4,3.0,12,move_ge_1atr,2247,61718,0.12177639793312889,0.9893190921228304,0.8675426941897015,1.5695990921162288e-64,3.803259338589324e-64
wick_rejection,lower_wick_atr,4,4.0,12,move_ge_1atr,1677,62288,0.08631604460768616,0.9558735837805605,0.8695575391728744,1.7275438107187388e-25,2.2211277566383783e-25
wick_rejection,lower_wick_atr,4,5.0,12,move_ge_1atr,1610,62355,0.060764825326434346,0.931055900621118,0.8702910752946836,5.967060742313938e-13,6.162702078127508e-13
wick_rejection,lower_wick_atr,5,,12,move_ge_1atr,17856,46109,-0.3327696027047021,0.6319444444444444,0.9647140471491465,0.0,0.0
wick_rejection,lower_wick_atr,5,0.0,12,move_ge_1atr,4551,59414,-0.659929143018043,0.25884421006372227,0.9187733530817652,0.0,0.0
wick_rejection,lower_wick_atr,5,1.0,12,move_ge_1atr,2508,61457,0.07282099108519469,0.9417862838915471,0.8689652928063524,1.0939907566149739e-26,1.4664131418456034e-26
wick_rejection,lower_wick_atr,5,2.0,12,move_ge_1atr,3037,60928,0.12765496875198878,0.9934145538360224,0.8657595850840336,9.697257922512946e-94,3.5936897006959742e-93
wick_rejection,lower_wick_atr,5,4.0,12,move_ge_1atr,3581,60384,-0.5206264566552525,0.38034068695895,0.9009671436142025,0.0,0.0
wick_rejection,lower_wick_atr,5,5.0,12,move_ge_1atr,1529,62436,-0.24122301236466137,0.6363636363636364,0.8775866487282977,5.071440748585642e-171,2.1300051144059698e-170
wick_rejection,upper_wick_atr,1,,24,move_ge_1atr,10345,47744,0.12284935841160916,0.9943934267762204,0.8715440683646113,4.989458576046662e-295,2.609870639778254e-294
wick_rejection,upper_wick_atr,1,0.0,24,move_ge_1atr,1227,56862,0.1047147217571921,0.9959250203748982,0.8912102986177061,6.223317718253016e-32,8.297756957670688e-32
wick_rejection,upper_wick_atr,1,1.0,24,move_ge_1atr,2389,55700,0.10678362753283488,0.9958141481791545,0.8890305206463196,1.2960694194608592e-61,2.84299098462382e-61
wick_rejection,upper_wick_atr,1,2.0,24,move_ge_1atr,2369,55720,0.11066905109882763,0.9995778809624314,0.8889088298636038,1.5776987885919168e-65,4.126289139394244e-65
wick_rejection,upper_wick_atr,1,3.0,24,move_ge_1atr,1717,56372,0.10922387562675939,0.9994175888177053,0.8901937131909459,2.558429407381564e-47,4.460851274408881e-47
wick_rejection,upper_wick_atr,1,4.0,24,move_ge_1atr,1446,56643,0.09582345948780324,0.9868603042876902,0.891036844799887,2.0264437600811366e-31,2.6499649170291786e-31
wick_rejection,upper_wick_atr,1,5.0,24,move_ge_1atr,1197,56892,0.09005424162952558,0.9816207184628237,0.8915664768332981,1.6461453449586034e-23,1.7767918009076988e-23
wick_rejection,upper_wick_atr,2,,24,move_ge_1atr,10406,47683,0.12398311742709134,0.995195079761676,0.8712119623345846,7.802100028243215e-302,5.894920021339319e-301
wick_rejection,upper_wick_atr,2,0.0,24,move_ge_1atr,1186,56903,0.105356208232115,0.9966273187183811,0.8912711104862661,2.655559784639464e-31,3.407133308594029e-31
wick_rejection,upper_wick_atr,2,1.0,24,move_ge_1atr,2476,55613,0.10794802310114082,0.9967689822294022,0.8888209591282614,4.743109627821089e-65,1.1518980524708358e-64
wick_rejection,upper_wick_atr,2,2.0,24,move_ge_1atr,2202,55887,0.11077710379873673,1.0,0.8892228962012633,2.480365859271353e-61,5.270777450951625e-61
wick_rejection,upper_wick_atr,2,3.0,24,move_ge_1atr,1729,56360,0.10984740951029104,1.0,0.890152590489709,3.753111195766837e-48,6.897609765193105e-48
wick_rejection,upper_wick_atr,2,4.0,24,move_ge_1atr,1597,56492,0.09928872734585936,0.9899812147777082,0.8906924874318488,7.582569206295018e-37,1.1718516046092299e-36
wick_rejection,upper_wick_atr,2,5.0,24,move_ge_1atr,1216,56873,0.09037764312359864,0.9819078947368421,0.8915302516132435,5.2051467028632324e-24,5.708870577333868e-24
wick_rejection,upper_wick_atr,3,,24,move_ge_1atr,10420,47669,0.12250708248889519,0.9939539347408829,0.8714468522519877,4.754439948695645e-295,2.609870639778254e-294
wick_rejection,upper_wick_atr,3,0.0,24,move_ge_1atr,1127,56962,0.10506702471084961,0.9964507542147294,0.8913837295038798,1.0553904689005508e-29,1.2590623137760956e-29
wick_rejection,upper_wick_atr,3,1.0,24,move_ge_1atr,2518,55571,0.1080859441647104,0.9968228752978554,0.888736931133145,3.0775581675833565e-66,9.09886762589862e-66
wick_rejection,upper_wick_atr,3,2.0,24,move_ge_1atr,2291,55798,0.1100449728176287,0.9991270187690965,0.8890820459514678,7.98884691141865e-63,1.8732468619878214e-62
wick_rejection,upper_wick_atr,3,3.0,24,move_ge_1atr,1717,56372,0.10982402611225428,1.0,0.8901759738877457,8.055200727453292e-48,1.4414569722811154e-47
wick_rejection,upper_wick_atr,3,4.0,24,move_ge_1atr,1619,56470,0.09819670630319333,0.9888820259419395,0.8906853196387462,1.5436211140937752e-36,2.332583016852816e-36
wick_rejection,upper_wick_atr,3,5.0,24,move_ge_1atr,1148,56941,0.08117866913652971,0.9729965156794426,0.8918178465429129,1.0942127368432354e-18,1.0942127368432354e-18
wick_rejection,upper_wick_atr,4,,24,move_ge_1atr,10513,47576,0.12594762046512797,0.9965756682202986,0.8706280477551707,6.957870203e-314,5.9141896725e-313
wick_rejection,upper_wick_atr,4,0.0,24,move_ge_1atr,1093,56996,0.10768919948604605,0.9990850869167429,0.8913958874306969,3.0068220807297842e-30,3.651141098029024e-30
wick_rejection,upper_wick_atr,4,1.0,24,move_ge_1atr,2472,55617,0.10877982058639257,0.9975728155339806,0.888792994947588,6.270469941785564e-66,1.7766331501725764e-65
wick_rejection,upper_wick_atr,4,2.0,24,move_ge_1atr,2570,55519,0.11151137448441073,1.0,0.8884886255155893,9.83751305992519e-72,3.3447544403745646e-71
wick_rejection,upper_wick_atr,4,3.0,24,move_ge_1atr,1783,56306,0.10937414555059577,0.9994391475042064,0.8900650019536106,3.8250697031443276e-49,7.22513166149484e-49
wick_rejection,upper_wick_atr,4,4.0,24,move_ge_1atr,1488,56601,0.1017928769638744,0.9926075268817204,0.890814649917846,3.4619482646004627e-36,5.117662652018075e-36
wick_rejection,upper_wick_atr,4,5.0,24,move_ge_1atr,1107,56982,0.09299318502995135,0.9846431797651309,0.8916499947351796,3.0573758368857286e-23,3.248461826691087e-23
wick_rejection,upper_wick_atr,5,,24,move_ge_1atr,16405,41684,-0.3598009052068537,0.6352331606217616,0.9950340658286153,0.0,0.0
wick_rejection,upper_wick_atr,5,0.0,24,move_ge_1atr,4642,53447,-0.672496517486465,0.27466609220163724,0.9471626096881023,0.0,0.0
wick_rejection,upper_wick_atr,5,1.0,24,move_ge_1atr,2437,55652,0.0701271775619764,0.9606073040623717,0.8904801265003953,4.711641559830659e-28,5.339860434474747e-28
wick_rejection,upper_wick_atr,5,2.0,24,move_ge_1atr,3000,55089,0.11203029642941431,0.9996666666666667,0.8876363702372524,1.5205275993609442e-83,5.744215375363567e-83
wick_rejection,upper_wick_atr,5,4.0,24,move_ge_1atr,3149,54940,-0.5423866655306757,0.3804382343601143,0.92282489989079,0.0,0.0
wick_rejection,upper_wick_atr,5,5.0,24,move_ge_1atr,1071,57018,-0.27096706303272655,0.6274509803921569,0.8984180434248834,2.6500596183016426e-178,1.1262753377781982e-177
wick_rejection,lower_wick_atr,1,,24,move_ge_1atr,10304,47785,0.12212694940198632,0.9938858695652174,0.8717589201632311,1.0757060055956231e-290,5.224857741464455e-290
wick_rejection,lower_wick_atr,1,0.0,24,move_ge_1atr,1401,56688,0.10409191209133917,0.9950035688793719,0.8909116567880327,1.0473157613118068e-35,1.4836973285250597e-35
wick_rejection,lower_wick_atr,1,1.0,24,move_ge_1atr,2448,55641,0.1087080570083212,0.9975490196078431,0.8888409625995219,2.991230840584812e-65,7.533470265176563e-65
wick_rejection,lower_wick_atr,1,2.0,24,move_ge_1atr,2106,55983,0.1096017497782319,0.9990503323836657,0.8894485826054338,1.2434286320354934e-57,2.486857264070987e-57
wick_rejection,lower_wick_atr,1,3.0,24,move_ge_1atr,1665,56424,0.10972281298738129,1.0,0.8902771870126187,2.1972379580217903e-46,3.5574328844162314e-46
wick_rejection,lower_wick_atr,1,4.0,24,move_ge_1atr,1446,56643,0.09866032894529131,0.9896265560165975,0.8909662270713062,3.312494087246871e-33,4.596930570056883e-33
wick_rejection,lower_wick_atr,1,5.0,24,move_ge_1atr,1238,56851,0.08166233877980889,0.9733441033925686,0.8916817646127597,3.2083260823115646e-20,3.2562115462266627e-20
wick_rejection,lower_wick_atr,2,,24,move_ge_1atr,10383,47706,0.12344129051152941,0.9947991909852644,0.871357900473735,1.045150326290946e-298,6.460929289798576e-298
wick_rejection,lower_wick_atr,2,0.0,24,move_ge_1atr,1171,56918,0.10528435156645422,0.9965841161400513,0.891299764573597,6.77666413054426e-31,8.533577053277958e-31
wick_rejection,lower_wick_atr,2,1.0,24,move_ge_1atr,2452,55637,0.10403620315456041,0.9930668841761827,0.8890306810216223,5.234709120934292e-60,1.0786673340107025e-59
wick_rejection,lower_wick_atr,2,2.0,24,move_ge_1atr,2234,55855,0.11084056933130426,1.0,0.8891594306686957,3.1277895968934365e-62,7.089656419625123e-62
wick_rejection,lower_wick_atr,2,3.0,24,move_ge_1atr,1700,56389,0.10918494741882279,0.9994117647058823,0.8902268172870595,7.542179507831727e-47,1.2508980647135546e-46
wick_rejection,lower_wick_atr,2,4.0,24,move_ge_1atr,1536,56553,0.10144783985818617,0.9921875,0.8907396601418138,4.989938870427751e-37,7.891066120676444e-37
wick_rejection,lower_wick_atr,2,5.0,24,move_ge_1atr,1290,56799,0.0931424030147926,0.9844961240310077,0.8913537210162151,8.180463956452295e-27,9.119205721946821e-27
wick_rejection,lower_wick_atr,3,,24,move_ge_1atr,10455,47634,0.12320498680487502,0.9944524151123865,0.8712474283075115,3.5801756041446785e-299,2.4345194108183815e-298
wick_rejection,lower_wick_atr,3,0.0,24,move_ge_1atr,1130,56959,0.10598468048823195,0.9973451327433628,0.8913604522551308,2.865271252872948e-30,3.54251718537019e-30
wick_rejection,lower_wick_atr,3,1.0,24,move_ge_1atr,2525,55564,0.10935087965639123,0.998019801980198,0.8886689223238068,6.271598853375452e-68,2.0308034382358606e-67
wick_rejection,lower_wick_atr,3,2.0,24,move_ge_1atr,2386,55703,0.1111430264079134,1.0,0.8888569735920866,1.622501492045356e-66,5.015004611776556e-66
wick_rejection,lower_wick_atr,3,3.0,24,move_ge_1atr,1696,56393,0.10978312911176924,1.0,0.8902168708882308,3.0634586603999324e-47,5.207879722679885e-47
wick_rejection,lower_wick_atr,3,4.0,24,move_ge_1atr,1560,56529,0.09436854738956324,0.9852564102564103,0.8908878628668471,9.813950144899294e-33,1.334697219706304e-32
wick_rejection,lower_wick_atr,3,5.0,24,move_ge_1atr,1158,56931,0.08495535409967692,0.9766839378238342,0.8917285837241573,1.7773439672583237e-20,1.831202875357061e-20
wick_rejection,lower_wick_atr,4,,24,move_ge_1atr,10507,47582,0.12662649742699017,0.9971447606357666,0.8705182632087765,4.105249e-317,3.98795595e-316
wick_rejection,lower_wick_atr,4,0.0,24,move_ge_1atr,1035,57054,0.10851123497037896,1.0,0.891488765029621,3.564633450206859e-29,4.1792254243804556e-29
wick_rejection,lower_wick_atr,4,1.0,24,move_ge_1atr,2371,55718,0.11067339478950222,0.9995782370307887,0.8889048422412865,1.3852978764611765e-65,3.7680102239743997e-65
wick_rejection,lower_wick_atr,4,2.0,24,move_ge_1atr,2669,55420,0.11092514142150156,0.9992506556762832,0.8883255142547817,1.5503017922657863e-73,5.5484485196880766e-73
wick_rejection,lower_wick_atr,4,3.0,24,move_ge_1atr,1863,56226,0.1101092021484722,1.0,0.8898907978515278,7.272259759934757e-52,1.4128961819301813e-51
wick_rejection,lower_wick_atr,4,4.0,24,move_ge_1atr,1549,56540,0.09954873495754646,0.9903163331181407,0.8907675981605943,5.345422676001293e-36,7.733803020597615e-36
wick_rejection,lower_wick_atr,4,5.0,24,move_ge_1atr,1020,57069,0.09650773624910203,0.9882352941176471,0.8917275578685451,4.1453386431629666e-23,4.3366619651551036e-23
wick_rejection,lower_wick_atr,5,,24,move_ge_1atr,16440,41649,-0.35918983517624614,0.6358880778588808,0.9950779130351269,0.0,0.0
wick_rejection,lower_wick_atr,5,0.0,24,move_ge_1atr,4538,53551,-0.6892220329723784,0.25804319083296606,0.9472652238053444,0.0,0.0
wick_rejection,lower_wick_atr,5,1.0,24,move_ge_1atr,2496,55593,0.06991868009807545,0.9603365384615384,0.890417858363463,1.6715674935738397e-28,1.9265523654749338e-28
wick_rejection,lower_wick_atr,5,2.0,24,move_ge_1atr,3037,55052,0.11245731308580975,1.0,0.8875426869141902,3.978190321273675e-85,1.59127612850947e-84
wick_rejection,lower_wick_atr,5,4.0,24,move_ge_1atr,3208,54881,-0.5305790728986466,0.39214463840399,0.9227237113026366,0.0,0.0
wick_rejection,lower_wick_atr,5,5.0,24,move_ge_1atr,1033,57056,-0.28473932846464867,0.6137463697967086,0.8984856982613573,6.807350980082355e-190,3.0859991109706676e-189
wick_rejection,upper_wick_atr,1,0.0,3,move_ge_1atr,1236,67496,0.06694492359705462,0.6456310679611651,0.5786861443641105,2.2974256309639826e-06,2.4380843430638185e-06
wick_rejection,upper_wick_atr,1,2.0,3,move_ge_1atr,2369,66363,0.18241243571093602,0.7560151962853525,0.5736027605744165,6.5023078427524e-70,2.817666731859373e-69
wick_rejection,upper_wick_atr,1,3.0,3,move_ge_1atr,2203,66529,0.14420551702997964,0.7194734453018611,0.5752679282718814,1.7545080892186688e-41,3.3790526162729916e-41
wick_rejection,upper_wick_atr,1,5.0,3,move_ge_1atr,2492,66240,-0.13577588379432542,0.44903691813804175,0.5848128019323672,2.022688637017408e-41,3.7564217544609007e-41
wick_rejection,upper_wick_atr,2,0.0,3,move_ge_1atr,1194,67538,0.06615026527903423,0.644891122278057,0.5787408569990228,4.418709042919245e-06,4.595457404636015e-06
wick_rejection,upper_wick_atr,2,2.0,3,move_ge_1atr,2202,66530,0.15580082220322777,0.7306993642143506,0.5748985420111228,4.162628222817347e-48,1.0822833379325102e-47
wick_rejection,upper_wick_atr,2,3.0,3,move_ge_1atr,2204,66528,0.14715169258045846,0.7223230490018149,0.5751713564213564,3.852749967645768e-43,8.013719932703198e-43
wick_rejection,upper_wick_atr,2,5.0,3,move_ge_1atr,2491,66241,-0.11892512778797559,0.46527498996386996,0.5842001177518455,3.6493402778019426e-32,6.121474014377452e-32
wick_rejection,upper_wick_atr,3,,3,move_ge_1atr,12423,56309,0.057776540331575865,0.627223697979554,0.5694471576479782,3.4994275185348213e-32,6.065674365460357e-32
wick_rejection,upper_wick_atr,3,0.0,3,move_ge_1atr,1137,67595,0.1114881475974756,0.6895338610378188,0.5780457134403432,4.2461124305299844e-14,4.9066188086124266e-14
wick_rejection,upper_wick_atr,3,2.0,3,move_ge_1atr,2291,66441,0.16547733633127715,0.7398515931907464,0.5743742568594693,4.451758685537015e-56,1.5432763443194987e-55
wick_rejection,upper_wick_atr,3,3.0,3,move_ge_1atr,2234,66498,0.15246022302136142,0.7273948075201433,0.5749345844987819,9.160538692036824e-47,1.984783383274645e-46
wick_rejection,upper_wick_atr,3,5.0,3,move_ge_1atr,2325,66407,-0.11184545093461618,0.4718279569892473,0.5836734079238635,6.606838791569081e-27,9.04093729372611e-27
wick_rejection,upper_wick_atr,4,,3,move_ge_1atr,12420,56312,0.07997164520926547,0.6454106280193237,0.5654389828100582,4.7845966987631784e-60,1.7771359166834663e-59
wick_rejection,upper_wick_atr,4,0.0,3,move_ge_1atr,1104,67628,0.11765193732464807,0.6956521739130435,0.5780002365883954,3.959311225727505e-15,4.6791859940415965e-15
wick_rejection,upper_wick_atr,4,1.0,3,move_ge_1atr,2489,66243,0.058633453281421,0.6364001607071113,0.5777667074256903,5.945867081874075e-09,6.441356005363581e-09
wick_rejection,upper_wick_atr,4,2.0,3,move_ge_1atr,2570,66162,0.15347513360967424,0.7276264591439688,0.5741513255342946,5.894731748326921e-54,1.8030944171352935e-53
wick_rejection,upper_wick_atr,4,3.0,3,move_ge_1atr,2311,66421,0.1508416824088501,0.7256598874945911,0.574818205085741,2.7980542811627965e-47,6.613582846384792e-47
wick_rejection,upper_wick_atr,4,5.0,3,move_ge_1atr,2153,66579,-0.08559012416701856,0.4969809568044589,0.5825710809714775,2.3907215097187976e-15,2.9599409167947015e-15
wick_rejection,upper_wick_atr,5,,3,move_ge_1atr,19021,49711,-0.17199031769486411,0.4554965564376216,0.6274868741324857,0.0,0.0
wick_rejection,upper_wick_atr,5,0.0,3,move_ge_1atr,4653,64079,-0.39724002233743366,0.20954223081882656,0.6067822531562602,0.0,0.0
wick_rejection,upper_wick_atr,5,1.0,3,move_ge_1atr,2480,66252,0.08737559718221521,0.6641129032258064,0.5767373060435912,4.916546881396071e-18,6.235620434941359e-18
wick_rejection,upper_wick_atr,5,2.0,3,move_ge_1atr,3000,65732,0.19355838860828822,0.765,0.5714416113917118,5.876047509824732e-98,3.819430881386076e-97
wick_rejection,upper_wick_atr,5,3.0,3,move_ge_1atr,3017,65715,0.10243190890364329,0.6778256546237985,0.5753937457201552,7.484786382126062e-29,1.0811358107515423e-28
wick_rejection,upper_wick_atr,5,4.0,3,move_ge_1atr,4027,64705,-0.3458709617661344,0.25428358579587784,0.6001545475620123,0.0,0.0
wick_rejection,upper_wick_atr,5,5.0,3,move_ge_1atr,1844,66888,-0.21806138327909685,0.3676789587852495,0.5857403420643463,3.707060685677357e-78,1.927671556552226e-77
wick_rejection,lower_wick_atr,1,0.0,3,move_ge_1atr,1409,67323,0.05719446836526054,0.6359119943222143,0.5787175259569538,1.6710324254107188e-05,1.6710324254107188e-05
wick_rejection,lower_wick_atr,1,2.0,3,move_ge_1atr,2106,66626,0.15907730781303664,0.7340930674264008,0.5750157596133642,4.889602881919648e-48,1.2107588088562938e-47
wick_rejection,lower_wick_atr,1,3.0,3,move_ge_1atr,2150,66582,0.14031306736299287,0.7158139534883721,0.5755008861253792,1.7262557975699617e-38,3.095355223228897e-38
wick_rejection,lower_wick_atr,1,5.0,3,move_ge_1atr,2582,66150,-0.11077486851526908,0.47327652982184354,0.5840513983371126,4.6711363794649045e-29,6.939974049490716e-29
wick_rejection,lower_wick_atr,2,0.0,3,move_ge_1atr,1181,67551,0.06388337868370819,0.642675698560542,0.5787923198768338,1.035825486276154e-05,1.0561357899286275e-05
wick_rejection,lower_wick_atr,2,2.0,3,move_ge_1atr,2234,66498,0.16541486038459752,0.7399283795881826,0.5745135192035851,9.849125191164804e-55,3.2009656871285615e-54
wick_rejection,lower_wick_atr,2,3.0,3,move_ge_1atr,2169,66563,0.146256107361747,0.7215306592899954,0.5752745519282484,5.2031028209615666e-42,1.0406205641923133e-41
wick_rejection,lower_wick_atr,2,5.0,3,move_ge_1atr,2543,66189,-0.11419776493305162,0.4699174203696422,0.5841151853026938,2.362639321982173e-30,3.613448374796265e-30
wick_rejection,lower_wick_atr,3,,3,move_ge_1atr,12431,56301,0.05326553960608871,0.6235218405598906,0.5702563009538019,1.2879160694911253e-27,1.8100442057713112e-27
wick_rejection,lower_wick_atr,3,0.0,3,move_ge_1atr,1135,67597,0.09211571897431259,0.6704845814977973,0.5783688625234847,4.507383933244361e-10,5.095303576711017e-10
wick_rejection,lower_wick_atr,3,2.0,3,move_ge_1atr,2386,66346,0.15516973187553507,0.7296730930427494,0.5745033611672143,1.958722676018299e-51,5.658532175163974e-51
wick_rejection,lower_wick_atr,3,3.0,3,move_ge_1atr,2209,66523,0.15389257330761008,0.7288365776369398,0.5749440043293297,4.059658813298243e-47,9.178359056152549e-47
wick_rejection,lower_wick_atr,3,5.0,3,move_ge_1atr,2347,66385,-0.12219645257283607,0.46186621218576907,0.5840626647586051,4.5356987893075177e-32,7.370510532624716e-32
wick_rejection,lower_wick_atr,4,,3,move_ge_1atr,12439,56293,0.08910139716410082,0.6528659860117373,0.5637645888476365,3.520933301520565e-74,1.664441197082449e-73
wick_rejection,lower_wick_atr,4,0.0,3,move_ge_1atr,1048,67684,0.14270576423622838,0.7204198473282443,0.5777140830920159,1.5692587965136042e-20,2.0400364354676853e-20
wick_rejection,lower_wick_atr,4,1.0,3,move_ge_1atr,2390,66342,0.06158190807643271,0.6393305439330544,0.5777486358566217,2.0656018017832233e-09,2.2853466743133536e-09
wick_rejection,lower_wick_atr,4,2.0,3,move_ge_1atr,2669,66063,0.1653857527041115,0.7388535031847133,0.5734677504806018,1.3370178398315904e-64,5.3480713593263614e-64
wick_rejection,lower_wick_atr,4,3.0,3,move_ge_1atr,2451,66281,0.14837116070199274,0.7229702162382701,0.5745990555362773,2.2724995774473367e-48,6.219472527750606e-48
wick_rejection,lower_wick_atr,4,5.0,3,move_ge_1atr,2032,66700,-0.08790214144896058,0.49458661417322836,0.5824887556221889,2.6064979619399656e-15,3.1520440469971677e-15
wick_rejection,lower_wick_atr,5,,3,move_ge_1atr,19028,49704,-0.16824922862242947,0.45821946605003155,0.626468694672461,0.0,0.0
wick_rejection,lower_wick_atr,5,0.0,3,move_ge_1atr,4551,64181,-0.4035802482919079,0.2030323005932762,0.6066125488851841,0.0,0.0
wick_rejection,lower_wick_atr,5,1.0,3,move_ge_1atr,2526,66206,0.10323909473368342,0.6793349168646081,0.5760958221309247,5.871436928718943e-25,7.828582571625259e-25
wick_rejection,lower_wick_atr,5,2.0,3,move_ge_1atr,3037,65695,0.20217468583865683,0.7731313796509713,0.5709566938123145,6.2844226646118885e-108,4.66842826514026e-107
wick_rejection,lower_wick_atr,5,3.0,3,move_ge_1atr,2990,65742,0.10634144073279661,0.6816053511705685,0.5752639104377719,1.0227642536040825e-30,1.6116285208306754e-30
wick_rejection,lower_wick_atr,5,4.0,3,move_ge_1atr,4123,64609,-0.3392664342385902,0.2609750181906379,0.6002414524292281,0.0,0.0
wick_rejection,lower_wick_atr,5,5.0,3,move_ge_1atr,1801,66931,-0.2436879665518778,0.34258745141588004,0.5862754179677578,5.673450026266164e-95,3.2779933485093394e-94
wick_rejection,lower_wick_atr,4,0.0,12,mean_fwd_ret_atr,1048,56566,0.37880683001650983,0.45476676721422726,0.07595993719771744,0.0003698574509373118,0.011835438429993978
wick_rejection,upper_wick_atr,1,1.0,3,mean_fwd_ret_atr,2399,59544,-0.08256843459615715,-0.0491644394423403,0.03340399515381685,0.0014165553141558187,0.01133244251324655
wick_rejection,lower_wick_atr,4,0.0,3,up_first_1atr,746,38799,0.052059742564051326,0.5522788203753352,0.5002190778112838,0.0048493806741081984,0.0048493806741081984
